cell_id,avg_rsrp,lon,lat,cell_el_deg
cell_1_0,-142.79872488161874,-74.03497376469275,40.76184372740068,12.0
cell_1_1,-141.79872488161874,-74.03497376469275,40.76184372740068,6.0
cell_1_2,-146.29872488161874,-74.03497376469275,40.76184372740068,19.0
cell_2_0,-153.70527206686074,-74.03497376469275,40.76184372740068,14.0
cell_2_1,-154.70527206686074,-74.03497376469275,40.76184372740068,16.0
cell_2_2,-155.20527206686074,-74.03497376469275,40.76184372740068,17.0
cell_3_0,-130.54579236111704,-74.03497376469275,40.76184372740068,2.0
cell_3_1,-128.04579236111704,-74.03497376469275,40.76184372740068,7.0
cell_3_2,-128.54579236111704,-74.03497376469275,40.76184372740068,6.0
cell_4_0,-122.91883987903569,-74.03497376469275,40.76184372740068,8.0
cell_4_1,-124.41883987903569,-74.03497376469275,40.76184372740068,5.0
cell_4_2,-124.91883987903569,-74.03497376469275,40.76184372740068,4.0
cell_5_0,-138.5934306101654,-74.03497376469275,40.76184372740068,18.0
cell_5_1,-134.0934306101654,-74.03497376469275,40.76184372740068,9.0
cell_5_2,-137.0934306101654,-74.03497376469275,40.76184372740068,1.0
cell_1_0,-150.34458536009043,-73.95389429157612,40.74325786396286,11.0
cell_1_1,-151.34458536009043,-73.95389429157612,40.74325786396286,13.0
cell_1_2,-148.84458536009043,-73.95389429157612,40.74325786396286,8.0
cell_2_0,-131.60971782502605,-73.95389429157612,40.74325786396286,13.0
cell_2_1,-130.60971782502605,-73.95389429157612,40.74325786396286,5.0
cell_2_2,-134.60971782502605,-73.95389429157612,40.74325786396286,19.0
cell_3_0,-155.55427485783562,-73.95389429157612,40.74325786396286,10.0
cell_3_1,-158.05427485783562,-73.95389429157612,40.74325786396286,1.0
cell_3_2,-157.55427485783562,-73.95389429157612,40.74325786396286,2.0
cell_4_0,-155.48022986695543,-73.95389429157612,40.74325786396286,14.0
cell_4_1,-155.98022986695543,-73.95389429157612,40.74325786396286,1.0
cell_4_2,-154.48022986695543,-73.95389429157612,40.74325786396286,4.0
cell_5_0,-151.83701633462488,-73.95389429157612,40.74325786396286,9.0
cell_5_1,-153.83701633462488,-73.95389429157612,40.74325786396286,13.0
cell_5_2,-154.83701633462488,-73.95389429157612,40.74325786396286,15.0
cell_1_0,-142.05370077394795,-74.0078653659939,40.77196021931978,8.0
cell_1_1,-143.05370077394795,-74.0078653659939,40.77196021931978,6.0
cell_1_2,-143.05370077394795,-74.0078653659939,40.77196021931978,10.0
cell_2_0,-146.37575996775251,-74.0078653659939,40.77196021931978,4.0
cell_2_1,-148.37575996775251,-74.0078653659939,40.77196021931978,16.0
cell_2_2,-145.87575996775251,-74.0078653659939,40.77196021931978,11.0
cell_3_0,-143.4690196754619,-74.0078653659939,40.77196021931978,7.0
cell_3_1,-147.9690196754619,-74.0078653659939,40.77196021931978,18.0
cell_3_2,-145.4690196754619,-74.0078653659939,40.77196021931978,3.0
cell_4_0,-139.46542901094344,-74.0078653659939,40.77196021931978,5.0
cell_4_1,-142.46542901094344,-74.0078653659939,40.77196021931978,17.0
cell_4_2,-138.46542901094344,-74.0078653659939,40.77196021931978,7.0
cell_5_0,-125.29916303268912,-74.0078653659939,40.77196021931978,0.0
cell_5_1,-121.29916303268912,-74.0078653659939,40.77196021931978,8.0
cell_5_2,-127.29916303268912,-74.0078653659939,40.77196021931978,20.0
cell_1_0,-128.23880453639282,-74.01465762357259,40.74932635169937,8.0
cell_1_1,-131.73880453639282,-74.01465762357259,40.74932635169937,15.0
cell_1_2,-131.73880453639282,-74.01465762357259,40.74932635169937,15.0
cell_2_0,-147.5963092620959,-74.01465762357259,40.74932635169937,13.0
cell_2_1,-150.0963092620959,-74.01465762357259,40.74932635169937,18.0
cell_2_2,-149.0963092620959,-74.01465762357259,40.74932635169937,0.0
cell_3_0,-137.4488623598375,-74.01465762357259,40.74932635169937,6.0
cell_3_1,-138.9488623598375,-74.01465762357259,40.74932635169937,13.0
cell_3_2,-137.9488623598375,-74.01465762357259,40.74932635169937,5.0
cell_4_0,-134.06844558695258,-74.01465762357259,40.74932635169937,20.0
cell_4_1,-130.56844558695258,-74.01465762357259,40.74932635169937,3.0
cell_4_2,-128.06844558695258,-74.01465762357259,40.74932635169937,8.0
cell_5_0,-141.4358572927471,-74.01465762357259,40.74932635169937,19.0
cell_5_1,-137.4358572927471,-74.01465762357259,40.74932635169937,11.0
cell_5_2,-139.9358572927471,-74.01465762357259,40.74932635169937,16.0
cell_1_0,-151.4342771039013,-73.94744523905919,40.744875041923414,10.0
cell_1_1,-150.9342771039013,-73.94744523905919,40.744875041923414,7.0
cell_1_2,-152.4342771039013,-73.94744523905919,40.744875041923414,12.0
cell_2_0,-136.25147109644837,-73.94744523905919,40.744875041923414,2.0
cell_2_1,-133.75147109644837,-73.94744523905919,40.744875041923414,9.0
cell_2_2,-135.25147109644837,-73.94744523905919,40.744875041923414,4.0
cell_3_0,-159.62151810329698,-73.94744523905919,40.744875041923414,0.0
cell_3_1,-161.12151810329698,-73.94744523905919,40.744875041923414,19.0
cell_3_2,-157.62151810329698,-73.94744523905919,40.744875041923414,4.0
cell_4_0,-155.67585684016674,-73.94744523905919,40.744875041923414,4.0
cell_4_1,-155.17585684016674,-73.94744523905919,40.744875041923414,11.0
cell_4_2,-155.17585684016674,-73.94744523905919,40.744875041923414,11.0
cell_5_0,-154.90830155118027,-73.94744523905919,40.744875041923414,3.0
cell_5_1,-157.40830155118027,-73.94744523905919,40.744875041923414,18.0
cell_5_2,-152.90830155118027,-73.94744523905919,40.744875041923414,9.0
cell_1_0,-141.82845430315825,-74.0153308591542,40.76815199173117,5.0
cell_1_1,-141.32845430315825,-74.0153308591542,40.76815199173117,6.0
cell_1_2,-143.32845430315825,-74.0153308591542,40.76815199173117,2.0
cell_2_0,-150.6181655758936,-74.0153308591542,40.76815199173117,17.0
cell_2_1,-149.6181655758936,-74.0153308591542,40.76815199173117,15.0
cell_2_2,-149.6181655758936,-74.0153308591542,40.76815199173117,15.0
cell_3_0,-141.02648161806673,-74.0153308591542,40.76815199173117,5.0
cell_3_1,-143.52648161806673,-74.0153308591542,40.76815199173117,16.0
cell_3_2,-141.52648161806673,-74.0153308591542,40.76815199173117,4.0
cell_4_0,-137.1436854728895,-74.0153308591542,40.76815199173117,0.0
cell_4_1,-134.6436854728895,-74.0153308591542,40.76815199173117,5.0
cell_4_2,-135.6436854728895,-74.0153308591542,40.76815199173117,3.0
cell_5_0,-117.18681860170122,-74.0153308591542,40.76815199173117,10.0
cell_5_1,-117.18681860170122,-74.0153308591542,40.76815199173117,6.0
cell_5_2,-120.68681860170122,-74.0153308591542,40.76815199173117,17.0
cell_1_0,-147.53839274899792,-74.02908876694694,40.77321369950453,0.0
cell_1_1,-147.53839274899792,-74.02908876694694,40.77321369950453,16.0
cell_1_2,-146.03839274899792,-74.02908876694694,40.77321369950453,3.0
cell_2_0,-154.51013871452577,-74.02908876694694,40.77321369950453,17.0
cell_2_1,-155.01013871452577,-74.02908876694694,40.77321369950453,18.0
cell_2_2,-151.51013871452577,-74.02908876694694,40.77321369950453,5.0
cell_3_0,-141.51656199129135,-74.02908876694694,40.77321369950453,17.0
cell_3_1,-141.01656199129135,-74.02908876694694,40.77321369950453,0.0
cell_3_2,-140.01656199129135,-74.02908876694694,40.77321369950453,2.0
cell_4_0,-134.3119536023343,-74.02908876694694,40.77321369950453,5.0
cell_4_1,-134.3119536023343,-74.02908876694694,40.77321369950453,11.0
cell_4_2,-135.3119536023343,-74.02908876694694,40.77321369950453,13.0
cell_5_0,-129.33338698494774,-74.02908876694694,40.77321369950453,18.0
cell_5_1,-128.83338698494774,-74.02908876694694,40.77321369950453,17.0
cell_5_2,-130.33338698494774,-74.02908876694694,40.77321369950453,20.0
cell_1_0,-117.96584505505253,-74.01971331456699,40.733584038063405,14.0
cell_1_1,-118.46584505505253,-74.01971331456699,40.733584038063405,15.0
cell_1_2,-120.96584505505253,-74.01971331456699,40.733584038063405,20.0
cell_2_0,-148.5283180044722,-74.01971331456699,40.733584038063405,10.0
cell_2_1,-153.5283180044722,-74.01971331456699,40.733584038063405,20.0
cell_2_2,-149.0283180044722,-74.01971331456699,40.733584038063405,11.0
cell_3_0,-142.1917447935825,-74.01971331456699,40.733584038063405,20.0
cell_3_1,-140.1917447935825,-74.01971331456699,40.733584038063405,16.0
cell_3_2,-138.6917447935825,-74.01971331456699,40.733584038063405,13.0
cell_4_0,-134.00916492785748,-74.01971331456699,40.733584038063405,10.0
cell_4_1,-134.50916492785748,-74.01971331456699,40.733584038063405,11.0
cell_4_2,-137.00916492785748,-74.01971331456699,40.733584038063405,16.0
cell_5_0,-145.17818329780937,-74.01971331456699,40.733584038063405,12.0
cell_5_1,-143.67818329780937,-74.01971331456699,40.733584038063405,9.0
cell_5_2,-143.17818329780937,-74.01971331456699,40.733584038063405,8.0
cell_1_0,-132.9256107345841,-73.99591019782423,40.74464888738561,7.0
cell_1_1,-134.9256107345841,-73.99591019782423,40.74464888738561,13.0
cell_1_2,-135.4256107345841,-73.99591019782423,40.74464888738561,14.0
cell_2_0,-141.81175437990242,-73.99591019782423,40.74464888738561,16.0
cell_2_1,-140.81175437990242,-73.99591019782423,40.74464888738561,14.0
cell_2_2,-138.81175437990242,-73.99591019782423,40.74464888738561,10.0
cell_3_0,-148.60842614815965,-73.99591019782423,40.74464888738561,16.0
cell_3_1,-145.60842614815965,-73.99591019782423,40.74464888738561,6.0
cell_3_2,-148.60842614815965,-73.99591019782423,40.74464888738561,0.0
cell_4_0,-145.9670154869372,-73.99591019782423,40.74464888738561,19.0
cell_4_1,-142.9670154869372,-73.99591019782423,40.74464888738561,3.0
cell_4_2,-140.9670154869372,-73.99591019782423,40.74464888738561,7.0
cell_5_0,-142.97666806142485,-73.99591019782423,40.74464888738561,5.0
cell_5_1,-142.97666806142485,-73.99591019782423,40.74464888738561,5.0
cell_5_2,-143.47666806142485,-73.99591019782423,40.74464888738561,12.0
cell_1_0,-141.83556870650318,-74.00679976089867,40.76432843765534,14.0
cell_1_1,-140.33556870650318,-74.00679976089867,40.76432843765534,11.0
cell_1_2,-141.83556870650318,-74.00679976089867,40.76432843765534,14.0
cell_2_0,-146.00617816385707,-74.00679976089867,40.76432843765534,2.0
cell_2_1,-145.00617816385707,-74.00679976089867,40.76432843765534,12.0
cell_2_2,-145.00617816385707,-74.00679976089867,40.76432843765534,12.0
cell_3_0,-144.34745462932545,-74.00679976089867,40.76432843765534,13.0
cell_3_1,-143.34745462932545,-74.00679976089867,40.76432843765534,5.0
cell_3_2,-144.84745462932545,-74.00679976089867,40.76432843765534,2.0
cell_4_0,-139.02654372603348,-74.00679976089867,40.76432843765534,14.0
cell_4_1,-140.02654372603348,-74.00679976089867,40.76432843765534,0.0
cell_4_2,-137.52654372603348,-74.00679976089867,40.76432843765534,5.0
cell_5_0,-129.09621841183605,-74.00679976089867,40.76432843765534,5.0
cell_5_1,-132.59621841183605,-74.00679976089867,40.76432843765534,18.0
cell_5_2,-131.09621841183605,-74.00679976089867,40.76432843765534,1.0
cell_1_0,-133.14098365669287,-74.00298797332803,40.74743588535931,15.0
cell_1_1,-132.14098365669287,-74.00298797332803,40.74743588535931,3.0
cell_1_2,-130.14098365669287,-74.00298797332803,40.74743588535931,7.0
cell_2_0,-140.84738769378433,-74.00298797332803,40.74743588535931,8.0
cell_2_1,-144.34738769378433,-74.00298797332803,40.74743588535931,1.0
cell_2_2,-142.84738769378433,-74.00298797332803,40.74743588535931,4.0
cell_3_0,-144.4795657862844,-74.00298797332803,40.74743588535931,13.0
cell_3_1,-146.4795657862844,-74.00298797332803,40.74743588535931,17.0
cell_3_2,-143.9795657862844,-74.00298797332803,40.74743588535931,4.0
cell_4_0,-141.76036095716898,-74.00298797332803,40.74743588535931,18.0
cell_4_1,-141.26036095716898,-74.00298797332803,40.74743588535931,17.0
cell_4_2,-139.26036095716898,-74.00298797332803,40.74743588535931,13.0
cell_5_0,-140.7528859899964,-74.00298797332803,40.74743588535931,4.0
cell_5_1,-142.7528859899964,-74.00298797332803,40.74743588535931,0.0
cell_5_2,-141.2528859899964,-74.00298797332803,40.74743588535931,13.0
cell_1_0,-130.86694312386373,-74.01931651905642,40.7494424344067,5.0
cell_1_1,-132.86694312386373,-74.01931651905642,40.7494424344067,1.0
cell_1_2,-131.36694312386373,-74.01931651905642,40.7494424344067,12.0
cell_2_0,-148.53041732788824,-74.01931651905642,40.7494424344067,12.0
cell_2_1,-148.03041732788824,-74.01931651905642,40.7494424344067,11.0
cell_2_2,-147.53041732788824,-74.01931651905642,40.7494424344067,6.0
cell_3_0,-136.02601820885275,-74.01931651905642,40.7494424344067,3.0
cell_3_1,-137.52601820885275,-74.01931651905642,40.7494424344067,16.0
cell_3_2,-135.02601820885275,-74.01931651905642,40.7494424344067,5.0
cell_4_0,-124.19113030985574,-74.01931651905642,40.7494424344067,11.0
cell_4_1,-122.69113030985574,-74.01931651905642,40.7494424344067,8.0
cell_4_2,-122.69113030985574,-74.01931651905642,40.7494424344067,8.0
cell_5_0,-137.84137400647307,-74.01931651905642,40.7494424344067,4.0
cell_5_1,-138.84137400647307,-74.01931651905642,40.7494424344067,2.0
cell_5_2,-140.34137400647307,-74.01931651905642,40.7494424344067,17.0
cell_1_0,-128.61444114614847,-74.00830281732874,40.74791894664883,10.0
cell_1_1,-131.11444114614847,-74.00830281732874,40.74791894664883,15.0
cell_1_2,-129.11444114614847,-74.00830281732874,40.74791894664883,11.0
cell_2_0,-143.93423371804897,-74.00830281732874,40.74791894664883,6.0
cell_2_1,-147.93423371804897,-74.00830281732874,40.74791894664883,18.0
cell_2_2,-143.43423371804897,-74.00830281732874,40.74791894664883,7.0
cell_3_0,-142.2016117158268,-74.00830281732874,40.74791894664883,3.0
cell_3_1,-140.7016117158268,-74.00830281732874,40.74791894664883,6.0
cell_3_2,-144.7016117158268,-74.00830281732874,40.74791894664883,18.0
cell_4_0,-134.45015789822176,-74.00830281732874,40.74791894664883,6.0
cell_4_1,-138.95015789822176,-74.00830281732874,40.74791894664883,19.0
cell_4_2,-138.45015789822176,-74.00830281732874,40.74791894664883,18.0
cell_5_0,-139.96285583215288,-74.00830281732874,40.74791894664883,13.0
cell_5_1,-137.96285583215288,-74.00830281732874,40.74791894664883,7.0
cell_5_2,-137.96285583215288,-74.00830281732874,40.74791894664883,7.0
cell_1_0,-135.61551284727136,-73.99378507609391,40.72513132360503,13.0
cell_1_1,-136.61551284727136,-73.99378507609391,40.72513132360503,1.0
cell_1_2,-134.11551284727136,-73.99378507609391,40.72513132360503,6.0
cell_2_0,-145.63491107540347,-73.99378507609391,40.72513132360503,16.0
cell_2_1,-144.63491107540347,-73.99378507609391,40.72513132360503,14.0
cell_2_2,-147.63491107540347,-73.99378507609391,40.72513132360503,20.0
cell_3_0,-147.39430583568335,-73.99378507609391,40.72513132360503,7.0
cell_3_1,-151.89430583568335,-73.99378507609391,40.72513132360503,18.0
cell_3_2,-147.39430583568335,-73.99378507609391,40.72513132360503,9.0
cell_4_0,-144.95492530853923,-73.99378507609391,40.72513132360503,9.0
cell_4_1,-144.95492530853923,-73.99378507609391,40.72513132360503,9.0
cell_4_2,-148.45492530853923,-73.99378507609391,40.72513132360503,16.0
cell_5_0,-151.50285640149468,-73.99378507609391,40.72513132360503,0.0
cell_5_1,-149.00285640149468,-73.99378507609391,40.72513132360503,5.0
cell_5_2,-148.50285640149468,-73.99378507609391,40.72513132360503,10.0
cell_1_0,-131.8625120545664,-74.02736039241694,40.722073783859365,10.0
cell_1_1,-136.3625120545664,-74.02736039241694,40.722073783859365,19.0
cell_1_2,-134.3625120545664,-74.02736039241694,40.722073783859365,1.0
cell_2_0,-155.42566446748828,-74.02736039241694,40.722073783859365,18.0
cell_2_1,-154.42566446748828,-74.02736039241694,40.722073783859365,0.0
cell_2_2,-153.92566446748828,-74.02736039241694,40.722073783859365,15.0
cell_3_0,-142.17452280208863,-74.02736039241694,40.722073783859365,0.0
cell_3_1,-144.17452280208863,-74.02736039241694,40.722073783859365,20.0
cell_3_2,-139.17452280208863,-74.02736039241694,40.722073783859365,6.0
cell_4_0,-140.4415563974764,-74.02736039241694,40.722073783859365,4.0
cell_4_1,-138.9415563974764,-74.02736039241694,40.722073783859365,9.0
cell_4_2,-139.4415563974764,-74.02736039241694,40.722073783859365,6.0
cell_5_0,-150.6608779426857,-74.02736039241694,40.722073783859365,1.0
cell_5_1,-152.6608779426857,-74.02736039241694,40.722073783859365,19.0
cell_5_2,-149.6608779426857,-74.02736039241694,40.722073783859365,3.0
cell_1_0,-146.60274549819886,-74.02707623805767,40.77720474038554,12.0
cell_1_1,-144.60274549819886,-74.02707623805767,40.77720474038554,8.0
cell_1_2,-145.60274549819886,-74.02707623805767,40.77720474038554,6.0
cell_2_0,-152.90564509262882,-74.02707623805767,40.77720474038554,2.0
cell_2_1,-152.40564509262882,-74.02707623805767,40.77720474038554,13.0
cell_2_2,-150.90564509262882,-74.02707623805767,40.77720474038554,10.0
cell_3_0,-142.79818488347928,-74.02707623805767,40.77720474038554,1.0
cell_3_1,-139.79818488347928,-74.02707623805767,40.77720474038554,9.0
cell_3_2,-141.79818488347928,-74.02707623805767,40.77720474038554,3.0
cell_4_0,-141.5427886766174,-74.02707623805767,40.77720474038554,20.0
cell_4_1,-138.0427886766174,-74.02707623805767,40.77720474038554,3.0
cell_4_2,-139.5427886766174,-74.02707623805767,40.77720474038554,16.0
cell_5_0,-126.7598823727744,-74.02707623805767,40.77720474038554,18.0
cell_5_1,-127.7598823727744,-74.02707623805767,40.77720474038554,20.0
cell_5_2,-124.2598823727744,-74.02707623805767,40.77720474038554,3.0
cell_1_0,-149.69195995191058,-74.04834295877528,40.76554838364137,17.0
cell_1_1,-148.19195995191058,-74.04834295877528,40.76554838364137,2.0
cell_1_2,-145.19195995191058,-74.04834295877528,40.76554838364137,8.0
cell_2_0,-156.51389178363536,-74.04834295877528,40.76554838364137,14.0
cell_2_1,-156.51389178363536,-74.04834295877528,40.76554838364137,2.0
cell_2_2,-157.51389178363536,-74.04834295877528,40.76554838364137,16.0
cell_3_0,-131.96877819236906,-74.04834295877528,40.76554838364137,10.0
cell_3_1,-135.46877819236906,-74.04834295877528,40.76554838364137,17.0
cell_3_2,-133.46877819236906,-74.04834295877528,40.76554838364137,13.0
cell_4_0,-137.1714264048458,-74.04834295877528,40.76554838364137,2.0
cell_4_1,-138.1714264048458,-74.04834295877528,40.76554838364137,0.0
cell_4_2,-140.1714264048458,-74.04834295877528,40.76554838364137,20.0
cell_5_0,-143.49792258444188,-74.04834295877528,40.76554838364137,0.0
cell_5_1,-141.49792258444188,-74.04834295877528,40.76554838364137,12.0
cell_5_2,-140.49792258444188,-74.04834295877528,40.76554838364137,6.0
cell_1_0,-138.46893937070246,-74.03931746870242,40.725099945633744,11.0
cell_1_1,-140.46893937070246,-74.03931746870242,40.725099945633744,1.0
cell_1_2,-138.96893937070246,-74.03931746870242,40.725099945633744,12.0
cell_2_0,-154.0009698294518,-74.03931746870242,40.725099945633744,5.0
cell_2_1,-153.0009698294518,-74.03931746870242,40.725099945633744,9.0
cell_2_2,-153.0009698294518,-74.03931746870242,40.725099945633744,9.0
cell_3_0,-135.01400441081353,-74.03931746870242,40.725099945633744,9.0
cell_3_1,-138.01400441081353,-74.03931746870242,40.725099945633744,1.0
cell_3_2,-135.01400441081353,-74.03931746870242,40.725099945633744,7.0
cell_4_0,-140.6911081126559,-74.03931746870242,40.725099945633744,14.0
cell_4_1,-141.1911081126559,-74.03931746870242,40.725099945633744,1.0
cell_4_2,-137.6911081126559,-74.03931746870242,40.725099945633744,8.0
cell_5_0,-147.35467739676125,-74.03931746870242,40.725099945633744,8.0
cell_5_1,-147.35467739676125,-74.03931746870242,40.725099945633744,8.0
cell_5_2,-147.85467739676125,-74.03931746870242,40.725099945633744,7.0
cell_1_0,-141.71874891732273,-74.0438121312076,40.72955649151968,2.0
cell_1_1,-140.71874891732273,-74.0438121312076,40.72955649151968,12.0
cell_1_2,-140.21874891732273,-74.0438121312076,40.72955649151968,5.0
cell_2_0,-158.55700532230685,-74.0438121312076,40.72955649151968,19.0
cell_2_1,-156.05700532230685,-74.0438121312076,40.72955649151968,14.0
cell_2_2,-153.55700532230685,-74.0438121312076,40.72955649151968,9.0
cell_3_0,-134.88212608734443,-74.0438121312076,40.72955649151968,15.0
cell_3_1,-136.88212608734443,-74.0438121312076,40.72955649151968,19.0
cell_3_2,-133.38212608734443,-74.0438121312076,40.72955649151968,4.0
cell_4_0,-137.55316847243705,-74.0438121312076,40.72955649151968,6.0
cell_4_1,-139.05316847243705,-74.0438121312076,40.72955649151968,3.0
cell_4_2,-137.05316847243705,-74.0438121312076,40.72955649151968,9.0
cell_5_0,-150.81008134360113,-74.0438121312076,40.72955649151968,16.0
cell_5_1,-152.81008134360113,-74.0438121312076,40.72955649151968,20.0
cell_5_2,-149.31008134360113,-74.0438121312076,40.72955649151968,13.0
cell_1_0,-137.68193229693208,-73.98722552948443,40.726728378287774,6.0
cell_1_1,-138.68193229693208,-73.98722552948443,40.726728378287774,4.0
cell_1_2,-138.68193229693208,-73.98722552948443,40.726728378287774,4.0
cell_2_0,-142.2139983587632,-73.98722552948443,40.726728378287774,14.0
cell_2_1,-142.7139983587632,-73.98722552948443,40.726728378287774,15.0
cell_2_2,-141.2139983587632,-73.98722552948443,40.726728378287774,4.0
cell_3_0,-149.35855326119983,-73.98722552948443,40.726728378287774,10.0
cell_3_1,-150.35855326119983,-73.98722552948443,40.726728378287774,4.0
cell_3_2,-149.35855326119983,-73.98722552948443,40.726728378287774,10.0
cell_4_0,-149.91668272780086,-73.98722552948443,40.726728378287774,16.0
cell_4_1,-147.41668272780086,-73.98722552948443,40.726728378287774,11.0
cell_4_2,-150.41668272780086,-73.98722552948443,40.726728378287774,17.0
cell_5_0,-151.47540001733046,-73.98722552948443,40.726728378287774,1.0
cell_5_1,-150.47540001733046,-73.98722552948443,40.726728378287774,3.0
cell_5_2,-148.47540001733046,-73.98722552948443,40.726728378287774,7.0
cell_1_0,-142.23511970572517,-74.03628779614739,40.76211477846233,10.0
cell_1_1,-144.23511970572517,-74.03628779614739,40.76211477846233,14.0
cell_1_2,-143.23511970572517,-74.03628779614739,40.76211477846233,4.0
cell_2_0,-154.00214604707423,-74.03628779614739,40.76211477846233,14.0
cell_2_1,-154.50214604707423,-74.03628779614739,40.76211477846233,15.0
cell_2_2,-156.50214604707423,-74.03628779614739,40.76211477846233,19.0
cell_3_0,-130.28587576282445,-74.03628779614739,40.76211477846233,14.0
cell_3_1,-130.78587576282445,-74.03628779614739,40.76211477846233,15.0
cell_3_2,-131.78587576282445,-74.03628779614739,40.76211477846233,17.0
cell_4_0,-128.14566091602762,-74.03628779614739,40.76211477846233,16.0
cell_4_1,-124.14566091602764,-74.03628779614739,40.76211477846233,8.0
cell_4_2,-126.64566091602764,-74.03628779614739,40.76211477846233,13.0
cell_5_0,-137.71488954983644,-74.03628779614739,40.76211477846233,1.0
cell_5_1,-139.71488954983644,-74.03628779614739,40.76211477846233,19.0
cell_5_2,-136.21488954983644,-74.03628779614739,40.76211477846233,12.0
cell_1_0,-148.86557135184634,-73.97275951447939,40.73175969308169,20.0
cell_1_1,-147.36557135184634,-73.97275951447939,40.73175969308169,17.0
cell_1_2,-143.36557135184634,-73.97275951447939,40.73175969308169,7.0
cell_2_0,-135.25100353858193,-73.97275951447939,40.73175969308169,13.0
cell_2_1,-135.25100353858193,-73.97275951447939,40.73175969308169,3.0
cell_2_2,-138.25100353858193,-73.97275951447939,40.73175969308169,19.0
cell_3_0,-151.7661501024533,-73.97275951447939,40.73175969308169,9.0
cell_3_1,-156.2661501024533,-73.97275951447939,40.73175969308169,18.0
cell_3_2,-157.2661501024533,-73.97275951447939,40.73175969308169,20.0
cell_4_0,-150.45183600693073,-73.97275951447939,40.73175969308169,5.0
cell_4_1,-150.45183600693073,-73.97275951447939,40.73175969308169,11.0
cell_4_2,-152.45183600693073,-73.97275951447939,40.73175969308169,1.0
cell_5_0,-153.8092023098599,-73.97275951447939,40.73175969308169,17.0
cell_5_1,-154.8092023098599,-73.97275951447939,40.73175969308169,19.0
cell_5_2,-150.8092023098599,-73.97275951447939,40.73175969308169,11.0
cell_1_0,-152.8612182545627,-73.96847389339617,40.77407099876273,16.0
cell_1_1,-150.8612182545627,-73.96847389339617,40.77407099876273,4.0
cell_1_2,-151.3612182545627,-73.96847389339617,40.77407099876273,3.0
cell_2_0,-135.12802361126595,-73.96847389339617,40.77407099876273,5.0
cell_2_1,-134.12802361126595,-73.96847389339617,40.77407099876273,9.0
cell_2_2,-137.62802361126595,-73.96847389339617,40.77407099876273,0.0
cell_3_0,-156.64115572674453,-73.96847389339617,40.77407099876273,0.0
cell_3_1,-153.64115572674453,-73.96847389339617,40.77407099876273,10.0
cell_3_2,-158.64115572674453,-73.96847389339617,40.77407099876273,20.0
cell_4_0,-150.53124934919373,-73.96847389339617,40.77407099876273,7.0
cell_4_1,-153.03124934919373,-73.96847389339617,40.77407099876273,14.0
cell_4_2,-155.53124934919373,-73.96847389339617,40.77407099876273,19.0
cell_5_0,-145.66867389035733,-73.96847389339617,40.77407099876273,8.0
cell_5_1,-148.66867389035733,-73.96847389339617,40.77407099876273,2.0
cell_5_2,-145.66867389035733,-73.96847389339617,40.77407099876273,8.0
cell_1_0,-141.3804068646316,-74.02513765877602,40.763869275399244,12.0
cell_1_1,-144.8804068646316,-74.02513765877602,40.763869275399244,19.0
cell_1_2,-143.3804068646316,-74.02513765877602,40.763869275399244,16.0
cell_2_0,-151.95691442873917,-74.02513765877602,40.763869275399244,1.0
cell_2_1,-148.45691442873917,-74.02513765877602,40.763869275399244,8.0
cell_2_2,-150.95691442873917,-74.02513765877602,40.763869275399244,3.0
cell_3_0,-136.27677249061395,-74.02513765877602,40.763869275399244,13.0
cell_3_1,-138.27677249061395,-74.02513765877602,40.763869275399244,17.0
cell_3_2,-139.27677249061395,-74.02513765877602,40.763869275399244,19.0
cell_4_0,-127.90093953747976,-74.02513765877602,40.763869275399244,2.0
cell_4_1,-127.40093953747976,-74.02513765877602,40.763869275399244,3.0
cell_4_2,-128.40093953747976,-74.02513765877602,40.763869275399244,1.0
cell_5_0,-127.73168520609232,-74.02513765877602,40.763869275399244,11.0
cell_5_1,-126.73168520609232,-74.02513765877602,40.763869275399244,7.0
cell_5_2,-126.73168520609232,-74.02513765877602,40.763869275399244,9.0
cell_1_0,-126.8614462821733,-74.02370234162807,40.73089023921142,0.0
cell_1_1,-125.8614462821733,-74.02370234162807,40.73089023921142,2.0
cell_1_2,-126.8614462821733,-74.02370234162807,40.73089023921142,16.0
cell_2_0,-149.26532007989928,-74.02370234162807,40.73089023921142,9.0
cell_2_1,-149.26532007989928,-74.02370234162807,40.73089023921142,9.0
cell_2_2,-149.26532007989928,-74.02370234162807,40.73089023921142,9.0
cell_3_0,-138.38893951222624,-74.02370234162807,40.73089023921142,14.0
cell_3_1,-141.38893951222624,-74.02370234162807,40.73089023921142,20.0
cell_3_2,-137.88893951222624,-74.02370234162807,40.73089023921142,3.0
cell_4_0,-134.2252536829419,-74.02370234162807,40.73089023921142,7.0
cell_4_1,-133.7252536829419,-74.02370234162807,40.73089023921142,8.0
cell_4_2,-135.2252536829419,-74.02370234162807,40.73089023921142,11.0
cell_5_0,-145.27354572394674,-74.02370234162807,40.73089023921142,6.0
cell_5_1,-145.77354572394674,-74.02370234162807,40.73089023921142,11.0
cell_5_2,-148.27354572394674,-74.02370234162807,40.73089023921142,16.0
cell_1_0,-138.5106741238125,-74.0260952257024,40.75077094399015,19.0
cell_1_1,-135.5106741238125,-74.0260952257024,40.75077094399015,3.0
cell_1_2,-136.0106741238125,-74.0260952257024,40.75077094399015,2.0
cell_2_0,-150.89328342004302,-74.0260952257024,40.75077094399015,3.0
cell_2_1,-153.39328342004302,-74.0260952257024,40.75077094399015,18.0
cell_2_2,-149.39328342004302,-74.0260952257024,40.75077094399015,6.0
cell_3_0,-130.5632009881835,-74.0260952257024,40.75077094399015,13.0
cell_3_1,-129.0632009881835,-74.0260952257024,40.75077094399015,6.0
cell_3_2,-132.5632009881835,-74.0260952257024,40.75077094399015,17.0
cell_4_0,-109.77332947389593,-74.0260952257024,40.75077094399015,13.0
cell_4_1,-107.27332947389593,-74.0260952257024,40.75077094399015,8.0
cell_4_2,-111.27332947389593,-74.0260952257024,40.75077094399015,16.0
cell_5_0,-136.43855878427934,-74.0260952257024,40.75077094399015,9.0
cell_5_1,-136.43855878427934,-74.0260952257024,40.75077094399015,9.0
cell_5_2,-141.93855878427934,-74.0260952257024,40.75077094399015,20.0
cell_1_0,-146.08537135405527,-73.97365277056774,40.745051543228016,14.0
cell_1_1,-146.58537135405527,-73.97365277056774,40.745051543228016,15.0
cell_1_2,-149.08537135405527,-73.97365277056774,40.745051543228016,20.0
cell_2_0,-122.15362374687393,-73.97365277056774,40.745051543228016,4.0
cell_2_1,-122.15362374687393,-73.97365277056774,40.745051543228016,4.0
cell_2_2,-120.65362374687393,-73.97365277056774,40.745051543228016,7.0
cell_3_0,-152.14783433045207,-73.97365277056774,40.745051543228016,5.0
cell_3_1,-152.64783433045207,-73.97365277056774,40.745051543228016,4.0
cell_3_2,-152.14783433045207,-73.97365277056774,40.745051543228016,5.0
cell_4_0,-153.9076843261245,-73.97365277056774,40.745051543228016,20.0
cell_4_1,-149.4076843261245,-73.97365277056774,40.745051543228016,11.0
cell_4_2,-149.4076843261245,-73.97365277056774,40.745051543228016,11.0
cell_5_0,-146.88360165114648,-73.97365277056774,40.745051543228016,8.0
cell_5_1,-147.88360165114648,-73.97365277056774,40.745051543228016,6.0
cell_5_2,-151.88360165114648,-73.97365277056774,40.745051543228016,18.0
cell_1_0,-148.2799687791014,-74.05136947493173,40.7422262140807,20.0
cell_1_1,-146.2799687791014,-74.05136947493173,40.7422262140807,0.0
cell_1_2,-146.7799687791014,-74.05136947493173,40.7422262140807,17.0
cell_2_0,-156.96565537300847,-74.05136947493173,40.7422262140807,2.0
cell_2_1,-156.46565537300847,-74.05136947493173,40.7422262140807,3.0
cell_2_2,-157.96565537300847,-74.05136947493173,40.7422262140807,0.0
cell_3_0,-127.7156209241978,-74.05136947493173,40.7422262140807,1.0
cell_3_1,-126.7156209241978,-74.05136947493173,40.7422262140807,13.0
cell_3_2,-124.7156209241978,-74.05136947493173,40.7422262140807,7.0
cell_4_0,-135.83482067606928,-74.05136947493173,40.7422262140807,6.0
cell_4_1,-137.83482067606928,-74.05136947493173,40.7422262140807,2.0
cell_4_2,-137.83482067606928,-74.05136947493173,40.7422262140807,2.0
cell_5_0,-149.1929345952416,-74.05136947493173,40.7422262140807,0.0
cell_5_1,-148.1929345952416,-74.05136947493173,40.7422262140807,2.0
cell_5_2,-148.1929345952416,-74.05136947493173,40.7422262140807,2.0
cell_1_0,-144.39611005692888,-74.03659893549198,40.768799507465914,10.0
cell_1_1,-144.39611005692888,-74.03659893549198,40.768799507465914,6.0
cell_1_2,-146.89611005692888,-74.03659893549198,40.768799507465914,15.0
cell_2_0,-154.3470141727171,-74.03659893549198,40.768799507465914,14.0
cell_2_1,-153.8470141727171,-74.03659893549198,40.768799507465914,3.0
cell_2_2,-151.8470141727171,-74.03659893549198,40.768799507465914,7.0
cell_3_0,-137.78349010583736,-74.03659893549198,40.768799507465914,18.0
cell_3_1,-134.28349010583736,-74.03659893549198,40.768799507465914,11.0
cell_3_2,-138.28349010583736,-74.03659893549198,40.768799507465914,19.0
cell_4_0,-130.93186267281374,-74.03659893549198,40.768799507465914,9.0
cell_4_1,-134.43186267281374,-74.03659893549198,40.768799507465914,16.0
cell_4_2,-132.93186267281374,-74.03659893549198,40.768799507465914,3.0
cell_5_0,-133.85597448163156,-74.03659893549198,40.768799507465914,5.0
cell_5_1,-136.35597448163156,-74.03659893549198,40.768799507465914,0.0
cell_5_2,-135.35597448163156,-74.03659893549198,40.768799507465914,2.0
cell_1_0,-145.35830594552993,-74.02692089162751,40.763047381945746,20.0
cell_1_1,-145.35830594552993,-74.02692089162751,40.763047381945746,20.0
cell_1_2,-142.85830594552993,-74.02692089162751,40.763047381945746,15.0
cell_2_0,-151.8642556416513,-74.02692089162751,40.763047381945746,2.0
cell_2_1,-149.3642556416513,-74.02692089162751,40.763047381945746,9.0
cell_2_2,-152.3642556416513,-74.02692089162751,40.763047381945746,15.0
cell_3_0,-132.96356590355379,-74.02692089162751,40.763047381945746,9.0
cell_3_1,-133.46356590355379,-74.02692089162751,40.763047381945746,10.0
cell_3_2,-134.96356590355379,-74.02692089162751,40.763047381945746,13.0
cell_4_0,-125.17686402216376,-74.02692089162751,40.763047381945746,4.0
cell_4_1,-123.67686402216376,-74.02692089162751,40.763047381945746,7.0
cell_4_2,-126.17686402216376,-74.02692089162751,40.763047381945746,14.0
cell_5_0,-129.56280373515852,-74.02692089162751,40.763047381945746,11.0
cell_5_1,-129.56280373515852,-74.02692089162751,40.763047381945746,5.0
cell_5_2,-133.06280373515852,-74.02692089162751,40.763047381945746,18.0
cell_1_0,-145.9463821041772,-74.05277411955954,40.74848674984409,13.0
cell_1_1,-146.9463821041772,-74.05277411955954,40.74848674984409,15.0
cell_1_2,-146.9463821041772,-74.05277411955954,40.74848674984409,1.0
cell_2_0,-157.62873428407076,-74.05277411955954,40.74848674984409,1.0
cell_2_1,-154.12873428407076,-74.05277411955954,40.74848674984409,8.0
cell_2_2,-159.62873428407076,-74.05277411955954,40.74848674984409,19.0
cell_3_0,-126.77177529990539,-74.05277411955954,40.74848674984409,2.0
cell_3_1,-125.27177529990539,-74.05277411955954,40.74848674984409,5.0
cell_3_2,-123.77177529990539,-74.05277411955954,40.74848674984409,8.0
cell_4_0,-136.50913715702492,-74.05277411955954,40.74848674984409,12.0
cell_4_1,-135.50913715702492,-74.05277411955954,40.74848674984409,6.0
cell_4_2,-139.50913715702492,-74.05277411955954,40.74848674984409,18.0
cell_5_0,-146.70574218783602,-74.05277411955954,40.74848674984409,13.0
cell_5_1,-147.20574218783602,-74.05277411955954,40.74848674984409,2.0
cell_5_2,-145.20574218783602,-74.05277411955954,40.74848674984409,10.0
cell_1_0,-134.34069147758916,-74.0121524652207,40.754159093501514,4.0
cell_1_1,-135.34069147758916,-74.0121524652207,40.754159093501514,14.0
cell_1_2,-138.34069147758916,-74.0121524652207,40.754159093501514,20.0
cell_2_0,-147.2548839596065,-74.0121524652207,40.754159093501514,2.0
cell_2_1,-148.2548839596065,-74.0121524652207,40.754159093501514,16.0
cell_2_2,-144.2548839596065,-74.0121524652207,40.754159093501514,8.0
cell_3_0,-144.09928270938929,-74.0121524652207,40.754159093501514,20.0
cell_3_1,-139.09928270938929,-74.0121524652207,40.754159093501514,10.0
cell_3_2,-138.59928270938929,-74.0121524652207,40.754159093501514,7.0
cell_4_0,-134.20681030691935,-74.0121524652207,40.754159093501514,0.0
cell_4_1,-132.70681030691935,-74.0121524652207,40.754159093501514,3.0
cell_4_2,-134.70681030691935,-74.0121524652207,40.754159093501514,17.0
cell_5_0,-136.6177119794858,-74.0121524652207,40.754159093501514,1.0
cell_5_1,-138.1177119794858,-74.0121524652207,40.754159093501514,18.0
cell_5_2,-135.6177119794858,-74.0121524652207,40.754159093501514,3.0
cell_1_0,-149.96858289964766,-73.95992565560056,40.76265039596846,10.0
cell_1_1,-153.46858289964766,-73.95992565560056,40.76265039596846,17.0
cell_1_2,-151.46858289964766,-73.95992565560056,40.76265039596846,3.0
cell_2_0,-129.8419673921518,-73.95992565560056,40.76265039596846,16.0
cell_2_1,-131.3419673921518,-73.95992565560056,40.76265039596846,19.0
cell_2_2,-126.3419673921518,-73.95992565560056,40.76265039596846,9.0
cell_3_0,-156.66893888921993,-73.95992565560056,40.76265039596846,2.0
cell_3_1,-157.66893888921993,-73.95992565560056,40.76265039596846,0.0
cell_3_2,-159.66893888921993,-73.95992565560056,40.76265039596846,20.0
cell_4_0,-153.27818049359493,-73.95992565560056,40.76265039596846,4.0
cell_4_1,-152.77818049359493,-73.95992565560056,40.76265039596846,5.0
cell_4_2,-153.77818049359493,-73.95992565560056,40.76265039596846,3.0
cell_5_0,-150.96180972040796,-73.95992565560056,40.76265039596846,13.0
cell_5_1,-153.96180972040796,-73.95992565560056,40.76265039596846,19.0
cell_5_2,-152.96180972040796,-73.95992565560056,40.76265039596846,17.0
cell_1_0,-134.28835208664873,-74.03535963186748,40.73694646499909,9.0
cell_1_1,-133.78835208664873,-74.03535963186748,40.73694646499909,8.0
cell_1_2,-139.28835208664873,-74.03535963186748,40.73694646499909,19.0
cell_2_0,-150.99890504868907,-74.03535963186748,40.73694646499909,8.0
cell_2_1,-151.49890504868907,-74.03535963186748,40.73694646499909,9.0
cell_2_2,-151.49890504868907,-74.03535963186748,40.73694646499909,7.0
cell_3_0,-128.4520943824619,-74.03535963186748,40.73694646499909,2.0
cell_3_1,-125.95209438246191,-74.03535963186748,40.73694646499909,9.0
cell_3_2,-128.9520943824619,-74.03535963186748,40.73694646499909,1.0
cell_4_0,-129.07133252798093,-74.03535963186748,40.73694646499909,8.0
cell_4_1,-130.57133252798093,-74.03535963186748,40.73694646499909,11.0
cell_4_2,-130.57133252798093,-74.03535963186748,40.73694646499909,11.0
cell_5_0,-147.42288261926137,-74.03535963186748,40.73694646499909,16.0
cell_5_1,-149.42288261926137,-74.03535963186748,40.73694646499909,20.0
cell_5_2,-146.92288261926137,-74.03535963186748,40.73694646499909,1.0
cell_1_0,-142.65047114147973,-74.01403914227961,40.766708632066035,2.0
cell_1_1,-143.15047114147973,-74.01403914227961,40.766708632066035,1.0
cell_1_2,-140.65047114147973,-74.01403914227961,40.766708632066035,6.0
cell_2_0,-147.1016495780966,-74.01403914227961,40.766708632066035,5.0
cell_2_1,-148.1016495780966,-74.01403914227961,40.766708632066035,13.0
cell_2_2,-151.1016495780966,-74.01403914227961,40.766708632066035,19.0
cell_3_0,-141.62427626884244,-74.01403914227961,40.766708632066035,4.0
cell_3_1,-140.12427626884244,-74.01403914227961,40.766708632066035,7.0
cell_3_2,-144.62427626884244,-74.01403914227961,40.766708632066035,18.0
cell_4_0,-137.06115241730362,-74.01403914227961,40.766708632066035,0.0
cell_4_1,-135.56115241730362,-74.01403914227961,40.766708632066035,13.0
cell_4_2,-133.56115241730362,-74.01403914227961,40.766708632066035,7.0
cell_5_0,-121.62704064695488,-74.01403914227961,40.766708632066035,12.0
cell_5_1,-122.12704064695488,-74.01403914227961,40.766708632066035,13.0
cell_5_2,-120.12704064695488,-74.01403914227961,40.766708632066035,9.0
cell_1_0,-146.45279184270768,-74.02060421462453,40.778307015057614,4.0
cell_1_1,-146.95279184270768,-74.02060421462453,40.778307015057614,3.0
cell_1_2,-147.95279184270768,-74.02060421462453,40.778307015057614,1.0
cell_2_0,-151.57045645722215,-74.02060421462453,40.778307015057614,2.0
cell_2_1,-154.57045645722215,-74.02060421462453,40.778307015057614,20.0
cell_2_2,-154.07045645722215,-74.02060421462453,40.778307015057614,19.0
cell_3_0,-141.6847632533553,-74.02060421462453,40.778307015057614,7.0
cell_3_1,-143.6847632533553,-74.02060421462453,40.778307015057614,3.0
cell_3_2,-142.6847632533553,-74.02060421462453,40.778307015057614,11.0
cell_4_0,-136.9920208387976,-74.02060421462453,40.778307015057614,8.0
cell_4_1,-138.9920208387976,-74.02060421462453,40.778307015057614,12.0
cell_4_2,-140.9920208387976,-74.02060421462453,40.778307015057614,0.0
cell_5_0,-111.41855693985583,-74.02060421462453,40.778307015057614,6.0
cell_5_1,-114.41855693985583,-74.02060421462453,40.778307015057614,0.0
cell_5_2,-113.41855693985583,-74.02060421462453,40.778307015057614,14.0
cell_1_0,-147.65752546923773,-74.05733078140477,40.761558305714246,6.0
cell_1_1,-149.65752546923773,-74.05733078140477,40.761558305714246,2.0
cell_1_2,-148.15752546923773,-74.05733078140477,40.761558305714246,5.0
cell_2_0,-156.49563486399734,-74.05733078140477,40.761558305714246,5.0
cell_2_1,-160.99563486399734,-74.05733078140477,40.761558305714246,20.0
cell_2_2,-156.99563486399734,-74.05733078140477,40.761558305714246,4.0
cell_3_0,-133.7012609412896,-74.05733078140477,40.761558305714246,10.0
cell_3_1,-133.7012609412896,-74.05733078140477,40.761558305714246,6.0
cell_3_2,-133.2012609412896,-74.05733078140477,40.761558305714246,7.0
cell_4_0,-139.85194564195154,-74.05733078140477,40.761558305714246,4.0
cell_4_1,-142.85194564195154,-74.05733078140477,40.761558305714246,18.0
cell_4_2,-139.35194564195154,-74.05733078140477,40.761558305714246,5.0
cell_5_0,-147.99555852555142,-74.05733078140477,40.761558305714246,17.0
cell_5_1,-147.49555852555142,-74.05733078140477,40.761558305714246,16.0
cell_5_2,-146.49555852555142,-74.05733078140477,40.761558305714246,2.0
cell_1_0,-142.4934185794029,-74.02008065265215,40.76353607773238,0.0
cell_1_1,-142.4934185794029,-74.02008065265215,40.76353607773238,0.0
cell_1_2,-140.4934185794029,-74.02008065265215,40.76353607773238,12.0
cell_2_0,-149.59645047841653,-74.02008065265215,40.76353607773238,3.0
cell_2_1,-148.59645047841653,-74.02008065265215,40.76353607773238,11.0
cell_2_2,-147.59645047841653,-74.02008065265215,40.76353607773238,7.0
cell_3_0,-141.6037355512287,-74.02008065265215,40.76353607773238,19.0
cell_3_1,-139.6037355512287,-74.02008065265215,40.76353607773238,1.0
cell_3_2,-136.6037355512287,-74.02008065265215,40.76353607773238,7.0
cell_4_0,-131.0315005573226,-74.02008065265215,40.76353607773238,15.0
cell_4_1,-130.5315005573226,-74.02008065265215,40.76353607773238,2.0
cell_4_2,-128.0315005573226,-74.02008065265215,40.76353607773238,7.0
cell_5_0,-124.49543949817924,-74.02008065265215,40.76353607773238,9.0
cell_5_1,-127.49543949817924,-74.02008065265215,40.76353607773238,15.0
cell_5_2,-129.99543949817922,-74.02008065265215,40.76353607773238,20.0
cell_1_0,-145.95033685343714,-74.03448272511788,40.76413381698163,17.0
cell_1_1,-146.95033685343714,-74.03448272511788,40.76413381698163,19.0
cell_1_2,-143.45033685343714,-74.03448272511788,40.76413381698163,12.0
cell_2_0,-154.67982121102446,-74.03448272511788,40.76413381698163,16.0
cell_2_1,-154.67982121102446,-74.03448272511788,40.76413381698163,16.0
cell_2_2,-152.17982121102446,-74.03448272511788,40.76413381698163,5.0
cell_3_0,-133.73351095619725,-74.03448272511788,40.76413381698163,16.0
cell_3_1,-135.73351095619725,-74.03448272511788,40.76413381698163,20.0
cell_3_2,-130.23351095619725,-74.03448272511788,40.76413381698163,7.0
cell_4_0,-126.8087070075656,-74.03448272511788,40.76413381698163,11.0
cell_4_1,-128.8087070075656,-74.03448272511788,40.76413381698163,15.0
cell_4_2,-127.8087070075656,-74.03448272511788,40.76413381698163,13.0
cell_5_0,-135.87789349653679,-74.03448272511788,40.76413381698163,1.0
cell_5_1,-136.87789349653679,-74.03448272511788,40.76413381698163,17.0
cell_5_2,-136.87789349653679,-74.03448272511788,40.76413381698163,17.0
cell_1_0,-134.70086648362098,-74.0129252588796,40.755367688046455,11.0
cell_1_1,-137.20086648362098,-74.0129252588796,40.755367688046455,16.0
cell_1_2,-137.20086648362098,-74.0129252588796,40.755367688046455,16.0
cell_2_0,-150.5415077929166,-74.0129252588796,40.755367688046455,20.0
cell_2_1,-148.5415077929166,-74.0129252588796,40.755367688046455,0.0
cell_2_2,-150.0415077929166,-74.0129252588796,40.755367688046455,19.0
cell_3_0,-138.84378933018792,-74.0129252588796,40.755367688046455,10.0
cell_3_1,-141.84378933018792,-74.0129252588796,40.755367688046455,0.0
cell_3_2,-140.34378933018792,-74.0129252588796,40.755367688046455,3.0
cell_4_0,-133.187511961915,-74.0129252588796,40.755367688046455,1.0
cell_4_1,-131.687511961915,-74.0129252588796,40.755367688046455,12.0
cell_4_2,-135.687511961915,-74.0129252588796,40.755367688046455,20.0
cell_5_0,-132.62328766036626,-74.0129252588796,40.755367688046455,9.0
cell_5_1,-135.62328766036626,-74.0129252588796,40.755367688046455,1.0
cell_5_2,-133.62328766036626,-74.0129252588796,40.755367688046455,11.0
cell_1_0,-131.8079512331396,-74.01533508427703,40.74984578629593,2.0
cell_1_1,-131.8079512331396,-74.01533508427703,40.74984578629593,2.0
cell_1_2,-132.8079512331396,-74.01533508427703,40.74984578629593,0.0
cell_2_0,-148.3052860172186,-74.01533508427703,40.74984578629593,14.0
cell_2_1,-148.3052860172186,-74.01533508427703,40.74984578629593,2.0
cell_2_2,-145.8052860172186,-74.01533508427703,40.74984578629593,9.0
cell_3_0,-139.57032293725155,-74.01533508427703,40.74984578629593,15.0
cell_3_1,-138.07032293725155,-74.01533508427703,40.74984578629593,4.0
cell_3_2,-139.07032293725155,-74.01533508427703,40.74984578629593,14.0
cell_4_0,-129.2945820706671,-74.01533508427703,40.74984578629593,4.0
cell_4_1,-131.2945820706671,-74.01533508427703,40.74984578629593,16.0
cell_4_2,-127.2945820706671,-74.01533508427703,40.74984578629593,8.0
cell_5_0,-137.09083008811308,-74.01533508427703,40.74984578629593,5.0
cell_5_1,-136.59083008811308,-74.01533508427703,40.74984578629593,10.0
cell_5_2,-136.09083008811308,-74.01533508427703,40.74984578629593,7.0
cell_1_0,-136.5876630744101,-74.01992898001305,40.75270367517341,17.0
cell_1_1,-136.0876630744101,-74.01992898001305,40.75270367517341,16.0
cell_1_2,-136.0876630744101,-74.01992898001305,40.75270367517341,0.0
cell_2_0,-150.69267824176342,-74.01992898001305,40.75270367517341,16.0
cell_2_1,-148.19267824176342,-74.01992898001305,40.75270367517341,11.0
cell_2_2,-149.69267824176342,-74.01992898001305,40.75270367517341,2.0
cell_3_0,-135.87889992348335,-74.01992898001305,40.75270367517341,3.0
cell_3_1,-138.37889992348335,-74.01992898001305,40.75270367517341,18.0
cell_3_2,-136.37889992348335,-74.01992898001305,40.75270367517341,14.0
cell_4_0,-122.22499090350836,-74.01992898001305,40.75270367517341,10.0
cell_4_1,-126.22499090350836,-74.01992898001305,40.75270367517341,18.0
cell_4_2,-127.22499090350836,-74.01992898001305,40.75270367517341,20.0
cell_5_0,-136.81844181210454,-74.01992898001305,40.75270367517341,14.0
cell_5_1,-137.81844181210454,-74.01992898001305,40.75270367517341,16.0
cell_5_2,-139.81844181210454,-74.01992898001305,40.75270367517341,20.0
cell_1_0,-146.8984516386475,-73.99543751385963,40.76752095941562,18.0
cell_1_1,-142.3984516386475,-73.99543751385963,40.76752095941562,9.0
cell_1_2,-143.8984516386475,-73.99543751385963,40.76752095941562,4.0
cell_2_0,-145.1326481253081,-73.99543751385963,40.76752095941562,20.0
cell_2_1,-139.6326481253081,-73.99543751385963,40.76752095941562,7.0
cell_2_2,-142.6326481253081,-73.99543751385963,40.76752095941562,1.0
cell_3_0,-145.9314999107482,-73.99543751385963,40.76752095941562,8.0
cell_3_1,-149.9314999107482,-73.99543751385963,40.76752095941562,0.0
cell_3_2,-146.9314999107482,-73.99543751385963,40.76752095941562,10.0
cell_4_0,-144.16947583668454,-73.99543751385963,40.76752095941562,13.0
cell_4_1,-141.66947583668454,-73.99543751385963,40.76752095941562,8.0
cell_4_2,-145.16947583668454,-73.99543751385963,40.76752095941562,1.0
cell_5_0,-136.25045243225446,-73.99543751385963,40.76752095941562,12.0
cell_5_1,-138.75045243225446,-73.99543751385963,40.76752095941562,17.0
cell_5_2,-135.75045243225446,-73.99543751385963,40.76752095941562,11.0
cell_1_0,-121.63354110759276,-74.00363120464428,40.73261164686825,9.0
cell_1_1,-122.13354110759276,-74.00363120464428,40.73261164686825,10.0
cell_1_2,-127.13354110759276,-74.00363120464428,40.73261164686825,20.0
cell_2_0,-148.94523770987067,-74.00363120464428,40.73261164686825,20.0
cell_2_1,-145.44523770987067,-74.00363120464428,40.73261164686825,13.0
cell_2_2,-145.94523770987067,-74.00363120464428,40.73261164686825,2.0
cell_3_0,-146.9552572482964,-74.00363120464428,40.73261164686825,16.0
cell_3_1,-142.9552572482964,-74.00363120464428,40.73261164686825,8.0
cell_3_2,-145.4552572482964,-74.00363120464428,40.73261164686825,3.0
cell_4_0,-141.07361598960966,-74.00363120464428,40.73261164686825,11.0
cell_4_1,-145.07361598960966,-74.00363120464428,40.73261164686825,19.0
cell_4_2,-145.07361598960966,-74.00363120464428,40.73261164686825,19.0
cell_5_0,-145.75189190019867,-74.00363120464428,40.73261164686825,11.0
cell_5_1,-149.75189190019867,-74.00363120464428,40.73261164686825,19.0
cell_5_2,-148.25189190019867,-74.00363120464428,40.73261164686825,0.0
cell_1_0,-150.44171156441817,-73.95400337502271,40.74602216158716,11.0
cell_1_1,-153.94171156441817,-73.95400337502271,40.74602216158716,18.0
cell_1_2,-150.44171156441817,-73.95400337502271,40.74602216158716,11.0
cell_2_0,-133.2627672684519,-73.95400337502271,40.74602216158716,19.0
cell_2_1,-129.7627672684519,-73.95400337502271,40.74602216158716,4.0
cell_2_2,-131.7627672684519,-73.95400337502271,40.74602216158716,0.0
cell_3_0,-158.01445823459312,-73.95400337502271,40.74602216158716,15.0
cell_3_1,-156.01445823459312,-73.95400337502271,40.74602216158716,5.0
cell_3_2,-154.51445823459312,-73.95400337502271,40.74602216158716,8.0
cell_4_0,-152.90308243869362,-73.95400337502271,40.74602216158716,9.0
cell_4_1,-158.40308243869362,-73.95400337502271,40.74602216158716,20.0
cell_4_2,-156.40308243869362,-73.95400337502271,40.74602216158716,16.0
cell_5_0,-151.5573254575587,-73.95400337502271,40.74602216158716,9.0
cell_5_1,-151.5573254575587,-73.95400337502271,40.74602216158716,9.0
cell_5_2,-153.5573254575587,-73.95400337502271,40.74602216158716,3.0
cell_1_0,-135.71551957471354,-74.03416632383106,40.74509064697536,10.0
cell_1_1,-134.71551957471354,-74.03416632383106,40.74509064697536,8.0
cell_1_2,-136.21551957471354,-74.03416632383106,40.74509064697536,11.0
cell_2_0,-154.44200452540022,-74.03416632383106,40.74509064697536,0.0
cell_2_1,-155.44200452540022,-74.03416632383106,40.74509064697536,18.0
cell_2_2,-152.44200452540022,-74.03416632383106,40.74509064697536,12.0
cell_3_0,-119.33166426888478,-74.03416632383106,40.74509064697536,11.0
cell_3_1,-119.83166426888478,-74.03416632383106,40.74509064697536,4.0
cell_3_2,-122.83166426888478,-74.03416632383106,40.74509064697536,18.0
cell_4_0,-120.58599967338102,-74.03416632383106,40.74509064697536,11.0
cell_4_1,-119.58599967338102,-74.03416632383106,40.74509064697536,9.0
cell_4_2,-120.08599967338102,-74.03416632383106,40.74509064697536,10.0
cell_5_0,-144.31568674717013,-74.03416632383106,40.74509064697536,16.0
cell_5_1,-145.81568674717013,-74.03416632383106,40.74509064697536,19.0
cell_5_2,-143.81568674717013,-74.03416632383106,40.74509064697536,15.0
cell_1_0,-135.23662553693543,-74.01580900152122,40.75259336700955,0.0
cell_1_1,-133.23662553693543,-74.01580900152122,40.75259336700955,12.0
cell_1_2,-135.23662553693543,-74.01580900152122,40.75259336700955,16.0
cell_2_0,-145.44159418438633,-74.01580900152122,40.75259336700955,8.0
cell_2_1,-149.44159418438633,-74.01580900152122,40.75259336700955,0.0
cell_2_2,-146.44159418438633,-74.01580900152122,40.75259336700955,10.0
cell_3_0,-135.96806320986892,-74.01580900152122,40.75259336700955,8.0
cell_3_1,-140.46806320986892,-74.01580900152122,40.75259336700955,17.0
cell_3_2,-141.96806320986892,-74.01580900152122,40.75259336700955,20.0
cell_4_0,-127.56961877080239,-74.01580900152122,40.75259336700955,6.0
cell_4_1,-130.56961877080238,-74.01580900152122,40.75259336700955,16.0
cell_4_2,-129.56961877080238,-74.01580900152122,40.75259336700955,2.0
cell_5_0,-136.31268738313514,-74.01580900152122,40.75259336700955,3.0
cell_5_1,-137.81268738313514,-74.01580900152122,40.75259336700955,16.0
cell_5_2,-138.31268738313514,-74.01580900152122,40.75259336700955,17.0
cell_1_0,-143.09560293599029,-74.05250130533322,40.74070532099017,9.0
cell_1_1,-146.09560293599029,-74.05250130533322,40.74070532099017,15.0
cell_1_2,-143.09560293599029,-74.05250130533322,40.74070532099017,7.0
cell_2_0,-156.70076441978097,-74.05250130533322,40.74070532099017,3.0
cell_2_1,-157.70076441978097,-74.05250130533322,40.74070532099017,1.0
cell_2_2,-157.70076441978097,-74.05250130533322,40.74070532099017,15.0
cell_3_0,-127.83356662417265,-74.05250130533322,40.74070532099017,5.0
cell_3_1,-126.33356662417265,-74.05250130533322,40.74070532099017,8.0
cell_3_2,-126.83356662417265,-74.05250130533322,40.74070532099017,7.0
cell_4_0,-138.36888339500422,-74.05250130533322,40.74070532099017,3.0
cell_4_1,-141.36888339500422,-74.05250130533322,40.74070532099017,19.0
cell_4_2,-138.86888339500422,-74.05250130533322,40.74070532099017,2.0
cell_5_0,-151.28290351117485,-74.05250130533322,40.74070532099017,19.0
cell_5_1,-146.78290351117485,-74.05250130533322,40.74070532099017,6.0
cell_5_2,-146.28290351117485,-74.05250130533322,40.74070532099017,7.0
cell_1_0,-154.41199449573452,-73.96973987029803,40.77285874820096,20.0
cell_1_1,-153.91199449573452,-73.96973987029803,40.77285874820096,19.0
cell_1_2,-149.91199449573452,-73.96973987029803,40.77285874820096,11.0
cell_2_0,-132.8288728898362,-73.96973987029803,40.77285874820096,8.0
cell_2_1,-133.3288728898362,-73.96973987029803,40.77285874820096,7.0
cell_2_2,-133.3288728898362,-73.96973987029803,40.77285874820096,7.0
cell_3_0,-157.32387480737688,-73.96973987029803,40.77285874820096,18.0
cell_3_1,-155.82387480737688,-73.96973987029803,40.77285874820096,15.0
cell_3_2,-153.82387480737688,-73.96973987029803,40.77285874820096,5.0
cell_4_0,-150.6534261825125,-73.96973987029803,40.77285874820096,10.0
cell_4_1,-151.1534261825125,-73.96973987029803,40.77285874820096,11.0
cell_4_2,-151.6534261825125,-73.96973987029803,40.77285874820096,12.0
cell_5_0,-147.28059255795515,-73.96973987029803,40.77285874820096,12.0
cell_5_1,-148.28059255795515,-73.96973987029803,40.77285874820096,2.0
cell_5_2,-146.78059255795515,-73.96973987029803,40.77285874820096,5.0
cell_1_0,-144.49891769715515,-74.04963789967564,40.74586100985893,13.0
cell_1_1,-145.49891769715515,-74.04963789967564,40.74586100985893,15.0
cell_1_2,-145.49891769715515,-74.04963789967564,40.74586100985893,15.0
cell_2_0,-157.0869219533523,-74.04963789967564,40.74586100985893,1.0
cell_2_1,-156.5869219533523,-74.04963789967564,40.74586100985893,2.0
cell_2_2,-155.5869219533523,-74.04963789967564,40.74586100985893,12.0
cell_3_0,-123.13192813251615,-74.04963789967564,40.74586100985893,15.0
cell_3_1,-123.13192813251615,-74.04963789967564,40.74586100985893,15.0
cell_3_2,-121.63192813251615,-74.04963789967564,40.74586100985893,4.0
cell_4_0,-133.83777024853777,-74.04963789967564,40.74586100985893,10.0
cell_4_1,-134.33777024853777,-74.04963789967564,40.74586100985893,11.0
cell_4_2,-135.83777024853777,-74.04963789967564,40.74586100985893,2.0
cell_5_0,-144.43947640657828,-74.04963789967564,40.74586100985893,9.0
cell_5_1,-144.93947640657828,-74.04963789967564,40.74586100985893,6.0
cell_5_2,-146.43947640657828,-74.04963789967564,40.74586100985893,3.0
cell_1_0,-149.13260554472336,-74.05526826483973,40.7472082596078,18.0
cell_1_1,-146.13260554472336,-74.05526826483973,40.7472082596078,12.0
cell_1_2,-147.63260554472336,-74.05526826483973,40.7472082596078,1.0
cell_2_0,-160.07813032663233,-74.05526826483973,40.7472082596078,19.0
cell_2_1,-158.57813032663233,-74.05526826483973,40.7472082596078,0.0
cell_2_2,-158.07813032663233,-74.05526826483973,40.7472082596078,15.0
cell_3_0,-129.80176923472558,-74.05526826483973,40.7472082596078,14.0
cell_3_1,-128.30176923472558,-74.05526826483973,40.7472082596078,11.0
cell_3_2,-132.80176923472558,-74.05526826483973,40.7472082596078,20.0
cell_4_0,-136.15904416390677,-74.05526826483973,40.7472082596078,8.0
cell_4_1,-137.15904416390677,-74.05526826483973,40.7472082596078,10.0
cell_4_2,-142.15904416390677,-74.05526826483973,40.7472082596078,20.0
cell_5_0,-149.62688544984354,-74.05526826483973,40.7472082596078,17.0
cell_5_1,-146.62688544984354,-74.05526826483973,40.7472082596078,11.0
cell_5_2,-149.62688544984354,-74.05526826483973,40.7472082596078,17.0
cell_1_0,-149.05902191258318,-74.0171776850185,40.7871859658688,4.0
cell_1_1,-153.05902191258318,-74.0171776850185,40.7871859658688,20.0
cell_1_2,-152.05902191258318,-74.0171776850185,40.7871859658688,18.0
cell_2_0,-149.98593006025106,-74.0171776850185,40.7871859658688,6.0
cell_2_1,-152.48593006025106,-74.0171776850185,40.7871859658688,15.0
cell_2_2,-152.98593006025106,-74.0171776850185,40.7871859658688,0.0
cell_3_0,-149.65409106624045,-74.0171776850185,40.7871859658688,18.0
cell_3_1,-148.15409106624045,-74.0171776850185,40.7871859658688,15.0
cell_3_2,-145.15409106624045,-74.0171776850185,40.7871859658688,7.0
cell_4_0,-142.0005020267264,-74.0171776850185,40.7871859658688,7.0
cell_4_1,-145.5005020267264,-74.0171776850185,40.7871859658688,16.0
cell_4_2,-145.0005020267264,-74.0171776850185,40.7871859658688,1.0
cell_5_0,-124.71478716576601,-74.0171776850185,40.7871859658688,8.0
cell_5_1,-129.214787165766,-74.0171776850185,40.7871859658688,17.0
cell_5_2,-128.714787165766,-74.0171776850185,40.7871859658688,16.0
cell_1_0,-131.96744133564,-74.02068492426028,40.746609906865274,17.0
cell_1_1,-132.96744133564,-74.02068492426028,40.746609906865274,19.0
cell_1_2,-130.96744133564,-74.02068492426028,40.746609906865274,15.0
cell_2_0,-151.98848808063158,-74.02068492426028,40.746609906865274,18.0
cell_2_1,-150.48848808063158,-74.02068492426028,40.746609906865274,15.0
cell_2_2,-149.48848808063158,-74.02068492426028,40.746609906865274,13.0
cell_3_0,-136.08899365729243,-74.02068492426028,40.746609906865274,15.0
cell_3_1,-137.58899365729243,-74.02068492426028,40.746609906865274,18.0
cell_3_2,-138.58899365729243,-74.02068492426028,40.746609906865274,20.0
cell_4_0,-126.53657060313554,-74.02068492426028,40.746609906865274,0.0
cell_4_1,-125.53657060313554,-74.02068492426028,40.746609906865274,14.0
cell_4_2,-123.53657060313554,-74.02068492426028,40.746609906865274,10.0
cell_5_0,-143.00661222802904,-74.02068492426028,40.746609906865274,19.0
cell_5_1,-138.50661222802904,-74.02068492426028,40.746609906865274,6.0
cell_5_2,-139.00661222802904,-74.02068492426028,40.746609906865274,5.0
cell_1_0,-141.79728146205807,-74.03803664007064,40.76243592892155,8.0
cell_1_1,-147.79728146205807,-74.03803664007064,40.76243592892155,20.0
cell_1_2,-146.79728146205807,-74.03803664007064,40.76243592892155,18.0
cell_2_0,-154.88725154723,-74.03803664007064,40.76243592892155,15.0
cell_2_1,-151.88725154723,-74.03803664007064,40.76243592892155,7.0
cell_2_2,-151.38725154723,-74.03803664007064,40.76243592892155,8.0
cell_3_0,-128.59214477660345,-74.03803664007064,40.76243592892155,11.0
cell_3_1,-133.09214477660345,-74.03803664007064,40.76243592892155,20.0
cell_3_2,-131.09214477660345,-74.03803664007064,40.76243592892155,16.0
cell_4_0,-131.23457660139718,-74.03803664007064,40.76243592892155,19.0
cell_4_1,-127.23457660139717,-74.03803664007064,40.76243592892155,11.0
cell_4_2,-129.23457660139718,-74.03803664007064,40.76243592892155,15.0
cell_5_0,-139.55560059674576,-74.03803664007064,40.76243592892155,17.0
cell_5_1,-136.55560059674576,-74.03803664007064,40.76243592892155,11.0
cell_5_2,-140.05560059674576,-74.03803664007064,40.76243592892155,18.0
cell_1_0,-132.91894277727226,-74.0315480844246,40.728432314985824,11.0
cell_1_1,-134.41894277727226,-74.0315480844246,40.728432314985824,14.0
cell_1_2,-133.41894277727226,-74.0315480844246,40.728432314985824,4.0
cell_2_0,-154.2214649560932,-74.0315480844246,40.728432314985824,15.0
cell_2_1,-151.2214649560932,-74.0315480844246,40.728432314985824,9.0
cell_2_2,-150.7214649560932,-74.0315480844246,40.728432314985824,8.0
cell_3_0,-135.2203487292917,-74.0315480844246,40.728432314985824,11.0
cell_3_1,-138.2203487292917,-74.0315480844246,40.728432314985824,17.0
cell_3_2,-139.7203487292917,-74.0315480844246,40.728432314985824,20.0
cell_4_0,-139.8519868146789,-74.0315480844246,40.728432314985824,18.0
cell_4_1,-135.3519868146789,-74.0315480844246,40.728432314985824,7.0
cell_4_2,-138.8519868146789,-74.0315480844246,40.728432314985824,16.0
cell_5_0,-149.62643288790608,-74.0315480844246,40.728432314985824,0.0
cell_5_1,-148.62643288790608,-74.0315480844246,40.728432314985824,14.0
cell_5_2,-146.12643288790608,-74.0315480844246,40.728432314985824,7.0
cell_1_0,-140.2633653039623,-74.00097736555556,40.75711768045894,16.0
cell_1_1,-137.2633653039623,-74.00097736555556,40.75711768045894,6.0
cell_1_2,-142.2633653039623,-74.00097736555556,40.75711768045894,20.0
cell_2_0,-143.50559533292798,-74.00097736555556,40.75711768045894,15.0
cell_2_1,-141.00559533292798,-74.00097736555556,40.75711768045894,6.0
cell_2_2,-142.00559533292798,-74.00097736555556,40.75711768045894,12.0
cell_3_0,-144.59942742766245,-74.00097736555556,40.75711768045894,5.0
cell_3_1,-145.59942742766245,-74.00097736555556,40.75711768045894,13.0
cell_3_2,-147.59942742766245,-74.00097736555556,40.75711768045894,17.0
cell_4_0,-138.32806973645782,-74.00097736555556,40.75711768045894,7.0
cell_4_1,-143.32806973645782,-74.00097736555556,40.75711768045894,19.0
cell_4_2,-143.32806973645782,-74.00097736555556,40.75711768045894,19.0
cell_5_0,-136.9502041962936,-74.00097736555556,40.75711768045894,4.0
cell_5_1,-135.9502041962936,-74.00097736555556,40.75711768045894,6.0
cell_5_2,-138.4502041962936,-74.00097736555556,40.75711768045894,1.0
cell_1_0,-144.29899856175172,-73.97432853214568,40.73057254495302,12.0
cell_1_1,-144.29899856175172,-73.97432853214568,40.73057254495302,12.0
cell_1_2,-143.29899856175172,-73.97432853214568,40.73057254495302,6.0
cell_2_0,-136.34953203419468,-73.97432853214568,40.73057254495302,3.0
cell_2_1,-139.34953203419468,-73.97432853214568,40.73057254495302,19.0
cell_2_2,-135.34953203419468,-73.97432853214568,40.73057254495302,5.0
cell_3_0,-154.4991806204716,-73.97432853214568,40.73057254495302,1.0
cell_3_1,-156.9991806204716,-73.97432853214568,40.73057254495302,20.0
cell_3_2,-154.9991806204716,-73.97432853214568,40.73057254495302,0.0
cell_4_0,-150.6857242026077,-73.97432853214568,40.73057254495302,12.0
cell_4_1,-151.6857242026077,-73.97432853214568,40.73057254495302,14.0
cell_4_2,-149.6857242026077,-73.97432853214568,40.73057254495302,6.0
cell_5_0,-151.74310064337533,-73.97432853214568,40.73057254495302,3.0
cell_5_1,-154.74310064337533,-73.97432853214568,40.73057254495302,19.0
cell_5_2,-151.74310064337533,-73.97432853214568,40.73057254495302,3.0
cell_1_0,-141.77293874352267,-74.03805522416859,40.760698155564874,9.0
cell_1_1,-143.27293874352267,-74.03805522416859,40.760698155564874,12.0
cell_1_2,-142.27293874352267,-74.03805522416859,40.760698155564874,6.0
cell_2_0,-153.84095697789218,-74.03805522416859,40.760698155564874,13.0
cell_2_1,-151.34095697789218,-74.03805522416859,40.760698155564874,8.0
cell_2_2,-152.34095697789218,-74.03805522416859,40.760698155564874,6.0
cell_3_0,-130.68588809273953,-74.03805522416859,40.760698155564874,19.0
cell_3_1,-127.68588809273953,-74.03805522416859,40.760698155564874,3.0
cell_3_2,-128.18588809273953,-74.03805522416859,40.760698155564874,14.0
cell_4_0,-129.18053516468024,-74.03805522416859,40.760698155564874,18.0
cell_4_1,-125.18053516468025,-74.03805522416859,40.760698155564874,10.0
cell_4_2,-125.18053516468025,-74.03805522416859,40.760698155564874,6.0
cell_5_0,-139.1410386017396,-74.03805522416859,40.760698155564874,1.0
cell_5_1,-141.1410386017396,-74.03805522416859,40.760698155564874,19.0
cell_5_2,-137.6410386017396,-74.03805522416859,40.760698155564874,12.0
cell_1_0,-152.2376215493686,-74.00486788743122,40.78553627250256,19.0
cell_1_1,-149.2376215493686,-74.00486788743122,40.78553627250256,13.0
cell_1_2,-148.7376215493686,-74.00486788743122,40.78553627250256,12.0
cell_2_0,-148.55201267899966,-74.00486788743122,40.78553627250256,3.0
cell_2_1,-151.05201267899966,-74.00486788743122,40.78553627250256,18.0
cell_2_2,-147.55201267899966,-74.00486788743122,40.78553627250256,5.0
cell_3_0,-147.63221084761346,-74.00486788743122,40.78553627250256,10.0
cell_3_1,-148.63221084761346,-74.00486788743122,40.78553627250256,4.0
cell_3_2,-147.63221084761346,-74.00486788743122,40.78553627250256,6.0
cell_4_0,-144.71231160141096,-74.00486788743122,40.78553627250256,11.0
cell_4_1,-145.71231160141096,-74.00486788743122,40.78553627250256,13.0
cell_4_2,-143.71231160141096,-74.00486788743122,40.78553627250256,9.0
cell_5_0,-129.51796949180016,-74.00486788743122,40.78553627250256,9.0
cell_5_1,-131.51796949180016,-74.00486788743122,40.78553627250256,13.0
cell_5_2,-132.01796949180016,-74.00486788743122,40.78553627250256,2.0
cell_1_0,-145.9473902190388,-74.05399324321344,40.75938481017059,9.0
cell_1_1,-150.4473902190388,-74.05399324321344,40.75938481017059,18.0
cell_1_2,-148.9473902190388,-74.05399324321344,40.75938481017059,1.0
cell_2_0,-154.38779300354176,-74.05399324321344,40.75938481017059,8.0
cell_2_1,-156.38779300354176,-74.05399324321344,40.75938481017059,4.0
cell_2_2,-157.88779300354176,-74.05399324321344,40.75938481017059,1.0
cell_3_0,-130.99162113519486,-74.05399324321344,40.75938481017059,11.0
cell_3_1,-132.49162113519486,-74.05399324321344,40.75938481017059,2.0
cell_3_2,-129.99162113519486,-74.05399324321344,40.75938481017059,9.0
cell_4_0,-141.7080667557017,-74.05399324321344,40.75938481017059,20.0
cell_4_1,-138.2080667557017,-74.05399324321344,40.75938481017059,13.0
cell_4_2,-136.2080667557017,-74.05399324321344,40.75938481017059,7.0
cell_5_0,-144.12260493810518,-74.05399324321344,40.75938481017059,11.0
cell_5_1,-142.62260493810518,-74.05399324321344,40.75938481017059,8.0
cell_5_2,-146.62260493810518,-74.05399324321344,40.75938481017059,0.0
cell_1_0,-144.23268531473587,-74.03803679342842,40.76222315461076,3.0
cell_1_1,-145.23268531473587,-74.03803679342842,40.76222315461076,15.0
cell_1_2,-143.23268531473587,-74.03803679342842,40.76222315461076,11.0
cell_2_0,-157.38065956479866,-74.03803679342842,40.76222315461076,20.0
cell_2_1,-153.88065956479866,-74.03803679342842,40.76222315461076,3.0
cell_2_2,-153.38065956479866,-74.03803679342842,40.76222315461076,4.0
cell_3_0,-130.87107335524001,-74.03803679342842,40.76222315461076,0.0
cell_3_1,-128.37107335524001,-74.03803679342842,40.76222315461076,5.0
cell_3_2,-130.87107335524001,-74.03803679342842,40.76222315461076,16.0
cell_4_0,-128.04427822630902,-74.03803679342842,40.76222315461076,3.0
cell_4_1,-128.54427822630902,-74.03803679342842,40.76222315461076,2.0
cell_4_2,-127.04427822630903,-74.03803679342842,40.76222315461076,11.0
cell_5_0,-138.62446966963603,-74.03803679342842,40.76222315461076,1.0
cell_5_1,-136.12446966963603,-74.03803679342842,40.76222315461076,10.0
cell_5_2,-137.62446966963603,-74.03803679342842,40.76222315461076,3.0
cell_1_0,-142.1034527387131,-74.04928518363477,40.74360714844241,7.0
cell_1_1,-144.1034527387131,-74.04928518363477,40.74360714844241,3.0
cell_1_2,-143.1034527387131,-74.04928518363477,40.74360714844241,11.0
cell_2_0,-159.558818685309,-74.04928518363477,40.74360714844241,20.0
cell_2_1,-154.058818685309,-74.04928518363477,40.74360714844241,9.0
cell_2_2,-154.058818685309,-74.04928518363477,40.74360714844241,9.0
cell_3_0,-124.12995276736407,-74.04928518363477,40.74360714844241,15.0
cell_3_1,-123.62995276736407,-74.04928518363477,40.74360714844241,14.0
cell_3_2,-124.62995276736407,-74.04928518363477,40.74360714844241,0.0
cell_4_0,-134.6781035762254,-74.04928518363477,40.74360714844241,5.0
cell_4_1,-135.1781035762254,-74.04928518363477,40.74360714844241,4.0
cell_4_2,-138.6781035762254,-74.04928518363477,40.74360714844241,19.0
cell_5_0,-146.38088513755682,-74.04928518363477,40.74360714844241,12.0
cell_5_1,-150.38088513755682,-74.04928518363477,40.74360714844241,20.0
cell_5_2,-147.38088513755682,-74.04928518363477,40.74360714844241,14.0
cell_1_0,-136.6919941285908,-74.01578518950456,40.75520758400272,15.0
cell_1_1,-133.6919941285908,-74.01578518950456,40.75520758400272,9.0
cell_1_2,-134.6919941285908,-74.01578518950456,40.75520758400272,5.0
cell_2_0,-148.4667549453446,-74.01578518950456,40.75520758400272,14.0
cell_2_1,-151.4667549453446,-74.01578518950456,40.75520758400272,20.0
cell_2_2,-149.4667549453446,-74.01578518950456,40.75520758400272,0.0
cell_3_0,-137.80214483452147,-74.01578518950456,40.75520758400272,5.0
cell_3_1,-139.80214483452147,-74.01578518950456,40.75520758400272,15.0
cell_3_2,-137.80214483452147,-74.01578518950456,40.75520758400272,5.0
cell_4_0,-128.9189341003272,-74.01578518950456,40.75520758400272,4.0
cell_4_1,-127.9189341003272,-74.01578518950456,40.75520758400272,6.0
cell_4_2,-127.9189341003272,-74.01578518950456,40.75520758400272,10.0
cell_5_0,-133.92801803934,-74.01578518950456,40.75520758400272,12.0
cell_5_1,-131.92801803934,-74.01578518950456,40.75520758400272,8.0
cell_5_2,-133.92801803934,-74.01578518950456,40.75520758400272,12.0
cell_1_0,-144.9426606323598,-74.00394038973113,40.76490439296457,19.0
cell_1_1,-141.4426606323598,-74.00394038973113,40.76490439296457,4.0
cell_1_2,-141.9426606323598,-74.00394038973113,40.76490439296457,3.0
cell_2_0,-145.5373482072218,-74.00394038973113,40.76490439296457,1.0
cell_2_1,-145.0373482072218,-74.00394038973113,40.76490439296457,14.0
cell_2_2,-143.5373482072218,-74.00394038973113,40.76490439296457,5.0
cell_3_0,-143.94633037030283,-74.00394038973113,40.76490439296457,6.0
cell_3_1,-146.94633037030283,-74.00394038973113,40.76490439296457,0.0
cell_3_2,-145.94633037030283,-74.00394038973113,40.76490439296457,2.0
cell_4_0,-143.59501479212565,-74.00394038973113,40.76490439296457,20.0
cell_4_1,-140.09501479212565,-74.00394038973113,40.76490439296457,3.0
cell_4_2,-139.09501479212565,-74.00394038973113,40.76490439296457,5.0
cell_5_0,-133.31512506700767,-74.00394038973113,40.76490439296457,0.0
cell_5_1,-131.81512506700767,-74.00394038973113,40.76490439296457,3.0
cell_5_2,-132.31512506700767,-74.00394038973113,40.76490439296457,2.0
cell_1_0,-144.97659117590578,-74.02404441143298,40.770590630886375,2.0
cell_1_1,-142.97659117590578,-74.02404441143298,40.770590630886375,10.0
cell_1_2,-143.47659117590578,-74.02404441143298,40.770590630886375,11.0
cell_2_0,-151.13318041483396,-74.02404441143298,40.770590630886375,13.0
cell_2_1,-149.13318041483396,-74.02404441143298,40.770590630886375,9.0
cell_2_2,-152.13318041483396,-74.02404441143298,40.770590630886375,1.0
cell_3_0,-139.25986064821586,-74.02404441143298,40.770590630886375,12.0
cell_3_1,-141.25986064821586,-74.02404441143298,40.770590630886375,0.0
cell_3_2,-138.25986064821586,-74.02404441143298,40.770590630886375,10.0
cell_4_0,-135.45946049354035,-74.02404441143298,40.770590630886375,16.0
cell_4_1,-136.45946049354035,-74.02404441143298,40.770590630886375,18.0
cell_4_2,-133.95946049354035,-74.02404441143298,40.770590630886375,13.0
cell_5_0,-122.31820744540293,-74.02404441143298,40.770590630886375,0.0
cell_5_1,-122.31820744540293,-74.02404441143298,40.770590630886375,0.0
cell_5_2,-120.31820744540293,-74.02404441143298,40.770590630886375,4.0
cell_1_0,-148.36872863722277,-74.05243928865883,40.73602414941101,20.0
cell_1_1,-145.36872863722277,-74.05243928865883,40.73602414941101,14.0
cell_1_2,-142.36872863722277,-74.05243928865883,40.73602414941101,8.0
cell_2_0,-155.32166170546773,-74.05243928865883,40.73602414941101,10.0
cell_2_1,-160.32166170546773,-74.05243928865883,40.73602414941101,20.0
cell_2_2,-156.32166170546773,-74.05243928865883,40.73602414941101,12.0
cell_3_0,-133.90051040747414,-74.05243928865883,40.73602414941101,17.0
cell_3_1,-132.90051040747414,-74.05243928865883,40.73602414941101,1.0
cell_3_2,-131.40051040747414,-74.05243928865883,40.73602414941101,12.0
cell_4_0,-141.2217216958431,-74.05243928865883,40.73602414941101,0.0
cell_4_1,-139.2217216958431,-74.05243928865883,40.73602414941101,12.0
cell_4_2,-139.2217216958431,-74.05243928865883,40.73602414941101,12.0
cell_5_0,-146.77815728575678,-74.05243928865883,40.73602414941101,8.0
cell_5_1,-151.27815728575678,-74.05243928865883,40.73602414941101,17.0
cell_5_2,-146.77815728575678,-74.05243928865883,40.73602414941101,8.0
cell_1_0,-147.8627156707544,-73.96467498781871,40.7428073169208,12.0
cell_1_1,-146.8627156707544,-73.96467498781871,40.7428073169208,6.0
cell_1_2,-148.8627156707544,-73.96467498781871,40.7428073169208,2.0
cell_2_0,-121.62476859499125,-73.96467498781871,40.7428073169208,9.0
cell_2_1,-125.12476859499125,-73.96467498781871,40.7428073169208,0.0
cell_2_2,-122.12476859499125,-73.96467498781871,40.7428073169208,6.0
cell_3_0,-152.56586715429495,-73.96467498781871,40.7428073169208,8.0
cell_3_1,-157.06586715429495,-73.96467498781871,40.7428073169208,17.0
cell_3_2,-152.56586715429495,-73.96467498781871,40.7428073169208,8.0
cell_4_0,-154.20086480633648,-73.96467498781871,40.7428073169208,16.0
cell_4_1,-150.70086480633648,-73.96467498781871,40.7428073169208,7.0
cell_4_2,-151.20086480633648,-73.96467498781871,40.7428073169208,10.0
cell_5_0,-151.7159670814341,-73.96467498781871,40.7428073169208,13.0
cell_5_1,-151.7159670814341,-73.96467498781871,40.7428073169208,3.0
cell_5_2,-152.7159670814341,-73.96467498781871,40.7428073169208,1.0
cell_1_0,-136.63322364390987,-73.98968819638692,40.73505929707854,12.0
cell_1_1,-136.63322364390987,-73.98968819638692,40.73505929707854,4.0
cell_1_2,-140.63322364390987,-73.98968819638692,40.73505929707854,20.0
cell_2_0,-138.0716900521199,-73.98968819638692,40.73505929707854,6.0
cell_2_1,-138.5716900521199,-73.98968819638692,40.73505929707854,5.0
cell_2_2,-138.0716900521199,-73.98968819638692,40.73505929707854,10.0
cell_3_0,-151.00630197050268,-73.98968819638692,40.73505929707854,0.0
cell_3_1,-147.00630197050268,-73.98968819638692,40.73505929707854,8.0
cell_3_2,-149.50630197050268,-73.98968819638692,40.73505929707854,13.0
cell_4_0,-143.95174761871783,-73.98968819638692,40.73505929707854,8.0
cell_4_1,-146.45174761871783,-73.98968819638692,40.73505929707854,13.0
cell_4_2,-145.45174761871783,-73.98968819638692,40.73505929707854,11.0
cell_5_0,-151.06621862325508,-73.98968819638692,40.73505929707854,19.0
cell_5_1,-146.56621862325508,-73.98968819638692,40.73505929707854,10.0
cell_5_2,-147.06621862325508,-73.98968819638692,40.73505929707854,11.0
cell_1_0,-144.09181699341008,-73.99971159634114,40.768643810607145,3.0
cell_1_1,-145.59181699341008,-73.99971159634114,40.768643810607145,16.0
cell_1_2,-142.09181699341008,-73.99971159634114,40.768643810607145,9.0
cell_2_0,-142.06253777826333,-73.99971159634114,40.768643810607145,6.0
cell_2_1,-141.56253777826333,-73.99971159634114,40.768643810607145,7.0
cell_2_2,-143.56253777826333,-73.99971159634114,40.768643810607145,13.0
cell_3_0,-150.84085607811915,-73.99971159634114,40.768643810607145,20.0
cell_3_1,-148.34085607811915,-73.99971159634114,40.768643810607145,1.0
cell_3_2,-148.34085607811915,-73.99971159634114,40.768643810607145,1.0
cell_4_0,-142.25190837820827,-73.99971159634114,40.768643810607145,4.0
cell_4_1,-142.75190837820827,-73.99971159634114,40.768643810607145,3.0
cell_4_2,-143.75190837820827,-73.99971159634114,40.768643810607145,1.0
cell_5_0,-132.01901427446745,-73.99971159634114,40.768643810607145,10.0
cell_5_1,-131.51901427446745,-73.99971159634114,40.768643810607145,9.0
cell_5_2,-132.01901427446745,-73.99971159634114,40.768643810607145,6.0
cell_1_0,-148.7954246638186,-73.95970936512505,40.74274518579925,5.0
cell_1_1,-148.7954246638186,-73.95970936512505,40.74274518579925,11.0
cell_1_2,-151.2954246638186,-73.95970936512505,40.74274518579925,16.0
cell_2_0,-130.20333438474086,-73.95970936512505,40.74274518579925,19.0
cell_2_1,-127.20333438474087,-73.95970936512505,40.74274518579925,3.0
cell_2_2,-126.70333438474087,-73.95970936512505,40.74274518579925,12.0
cell_3_0,-154.51716051985875,-73.95970936512505,40.74274518579925,10.0
cell_3_1,-154.51716051985875,-73.95970936512505,40.74274518579925,6.0
cell_3_2,-159.51716051985875,-73.95970936512505,40.74274518579925,20.0
cell_4_0,-154.7997673593413,-73.95970936512505,40.74274518579925,1.0
cell_4_1,-156.2997673593413,-73.95970936512505,40.74274518579925,18.0
cell_4_2,-153.2997673593413,-73.95970936512505,40.74274518579925,12.0
cell_5_0,-151.24638914483177,-73.95970936512505,40.74274518579925,10.0
cell_5_1,-153.24638914483177,-73.95970936512505,40.74274518579925,2.0
cell_5_2,-153.24638914483177,-73.95970936512505,40.74274518579925,14.0
cell_1_0,-146.39052647073729,-74.02827826308194,40.76618186604034,19.0
cell_1_1,-141.39052647073729,-74.02827826308194,40.76618186604034,7.0
cell_1_2,-141.39052647073729,-74.02827826308194,40.76618186604034,7.0
cell_2_0,-150.3550349969081,-74.02827826308194,40.76618186604034,6.0
cell_2_1,-153.3550349969081,-74.02827826308194,40.76618186604034,16.0
cell_2_2,-152.8550349969081,-74.02827826308194,40.76618186604034,1.0
cell_3_0,-133.55273643718635,-74.02827826308194,40.76618186604034,8.0
cell_3_1,-137.55273643718635,-74.02827826308194,40.76618186604034,16.0
cell_3_2,-139.55273643718635,-74.02827826308194,40.76618186604034,20.0
cell_4_0,-130.1562233203161,-74.02827826308194,40.76618186604034,15.0
cell_4_1,-127.15622332031607,-74.02827826308194,40.76618186604034,7.0
cell_4_2,-130.1562233203161,-74.02827826308194,40.76618186604034,15.0
cell_5_0,-130.28345735832653,-74.02827826308194,40.76618186604034,1.0
cell_5_1,-129.78345735832653,-74.02827826308194,40.76618186604034,14.0
cell_5_2,-128.28345735832653,-74.02827826308194,40.76618186604034,11.0
cell_1_0,-133.56979870775717,-74.03395478467529,40.728950118064326,7.0
cell_1_1,-137.56979870775717,-74.03395478467529,40.728950118064326,17.0
cell_1_2,-135.06979870775717,-74.03395478467529,40.728950118064326,12.0
cell_2_0,-151.68178651935082,-74.03395478467529,40.728950118064326,7.0
cell_2_1,-151.68178651935082,-74.03395478467529,40.728950118064326,7.0
cell_2_2,-156.68178651935082,-74.03395478467529,40.728950118064326,19.0
cell_3_0,-135.2135351361115,-74.03395478467529,40.728950118064326,13.0
cell_3_1,-135.7135351361115,-74.03395478467529,40.728950118064326,14.0
cell_3_2,-134.7135351361115,-74.03395478467529,40.728950118064326,4.0
cell_4_0,-140.72238750515743,-74.03395478467529,40.728950118064326,20.0
cell_4_1,-136.72238750515743,-74.03395478467529,40.728950118064326,4.0
cell_4_2,-139.22238750515743,-74.03395478467529,40.728950118064326,17.0
cell_5_0,-146.21231387355763,-74.03395478467529,40.728950118064326,7.0
cell_5_1,-148.71231387355763,-74.03395478467529,40.728950118064326,14.0
cell_5_2,-149.21231387355763,-74.03395478467529,40.728950118064326,15.0
cell_1_0,-147.652433543444,-74.0585045678665,40.74707695753705,3.0
cell_1_1,-151.152433543444,-74.0585045678665,40.74707695753705,20.0
cell_1_2,-148.152433543444,-74.0585045678665,40.74707695753705,2.0
cell_2_0,-157.12981142863714,-74.0585045678665,40.74707695753705,12.0
cell_2_1,-155.12981142863714,-74.0585045678665,40.74707695753705,8.0
cell_2_2,-156.62981142863714,-74.0585045678665,40.74707695753705,5.0
cell_3_0,-133.94378923393998,-74.0585045678665,40.74707695753705,16.0
cell_3_1,-129.94378923393998,-74.0585045678665,40.74707695753705,8.0
cell_3_2,-133.44378923393998,-74.0585045678665,40.74707695753705,15.0
cell_4_0,-142.42017732614977,-74.0585045678665,40.74707695753705,17.0
cell_4_1,-139.42017732614977,-74.0585045678665,40.74707695753705,5.0
cell_4_2,-137.92017732614977,-74.0585045678665,40.74707695753705,8.0
cell_5_0,-150.9830140715653,-74.0585045678665,40.74707695753705,18.0
cell_5_1,-149.4830140715653,-74.0585045678665,40.74707695753705,1.0
cell_5_2,-149.4830140715653,-74.0585045678665,40.74707695753705,15.0
cell_1_0,-141.2892838146389,-73.99162370635055,40.75898199283943,11.0
cell_1_1,-140.7892838146389,-73.99162370635055,40.75898199283943,10.0
cell_1_2,-140.2892838146389,-73.99162370635055,40.75898199283943,7.0
cell_2_0,-137.4225008730825,-73.99162370635055,40.75898199283943,12.0
cell_2_1,-135.9225008730825,-73.99162370635055,40.75898199283943,9.0
cell_2_2,-140.4225008730825,-73.99162370635055,40.75898199283943,18.0
cell_3_0,-150.26584965513274,-73.99162370635055,40.75898199283943,16.0
cell_3_1,-149.26584965513274,-73.99162370635055,40.75898199283943,14.0
cell_3_2,-148.76584965513274,-73.99162370635055,40.75898199283943,3.0
cell_4_0,-146.13453221388977,-73.99162370635055,40.75898199283943,16.0
cell_4_1,-142.13453221388977,-73.99162370635055,40.75898199283943,8.0
cell_4_2,-147.63453221388977,-73.99162370635055,40.75898199283943,19.0
cell_5_0,-138.8607619096471,-73.99162370635055,40.75898199283943,9.0
cell_5_1,-139.3607619096471,-73.99162370635055,40.75898199283943,6.0
cell_5_2,-140.3607619096471,-73.99162370635055,40.75898199283943,12.0
cell_1_0,-137.4364344972538,-74.03062883124093,40.75284017912697,5.0
cell_1_1,-141.9364344972538,-74.03062883124093,40.75284017912697,20.0
cell_1_2,-137.9364344972538,-74.03062883124093,40.75284017912697,4.0
cell_2_0,-150.52921514601232,-74.03062883124093,40.75284017912697,10.0
cell_2_1,-150.02921514601232,-74.03062883124093,40.75284017912697,9.0
cell_2_2,-150.02921514601232,-74.03062883124093,40.75284017912697,9.0
cell_3_0,-126.18445997607857,-74.03062883124093,40.75284017912697,3.0
cell_3_1,-128.68445997607859,-74.03062883124093,40.75284017912697,18.0
cell_3_2,-125.68445997607857,-74.03062883124093,40.75284017912697,4.0
cell_4_0,-90.39725558337821,-74.03062883124093,40.75284017912697,13.0
cell_4_1,-93.89725558337821,-74.03062883124093,40.75284017912697,20.0
cell_4_2,-89.39725558337821,-74.03062883124093,40.75284017912697,5.0
cell_5_0,-140.0002029511415,-74.03062883124093,40.75284017912697,16.0
cell_5_1,-141.5002029511415,-74.03062883124093,40.75284017912697,19.0
cell_5_2,-136.0002029511415,-74.03062883124093,40.75284017912697,8.0
cell_1_0,-141.45050988759002,-74.00370822368731,40.7606441308662,16.0
cell_1_1,-140.95050988759002,-74.00370822368731,40.7606441308662,15.0
cell_1_2,-138.95050988759002,-74.00370822368731,40.7606441308662,5.0
cell_2_0,-143.95618085621192,-74.00370822368731,40.7606441308662,3.0
cell_2_1,-143.45618085621192,-74.00370822368731,40.7606441308662,12.0
cell_2_2,-143.95618085621192,-74.00370822368731,40.7606441308662,3.0
cell_3_0,-147.9509782395857,-74.00370822368731,40.7606441308662,19.0
cell_3_1,-147.9509782395857,-74.00370822368731,40.7606441308662,19.0
cell_3_2,-146.4509782395857,-74.00370822368731,40.7606441308662,16.0
cell_4_0,-142.3443785755149,-74.00370822368731,40.7606441308662,19.0
cell_4_1,-139.8443785755149,-74.00370822368731,40.7606441308662,14.0
cell_4_2,-140.8443785755149,-74.00370822368731,40.7606441308662,16.0
cell_5_0,-136.3519173379784,-74.00370822368731,40.7606441308662,17.0
cell_5_1,-134.8519173379784,-74.00370822368731,40.7606441308662,14.0
cell_5_2,-135.3519173379784,-74.00370822368731,40.7606441308662,1.0
cell_1_0,-147.5496329632203,-73.97781485721113,40.7226291268534,20.0
cell_1_1,-142.5496329632203,-73.97781485721113,40.7226291268534,10.0
cell_1_2,-146.5496329632203,-73.97781485721113,40.7226291268534,18.0
cell_2_0,-142.3030235016171,-73.97781485721113,40.7226291268534,1.0
cell_2_1,-144.3030235016171,-73.97781485721113,40.7226291268534,19.0
cell_2_2,-140.3030235016171,-73.97781485721113,40.7226291268534,11.0
cell_3_0,-154.82679987495683,-73.97781485721113,40.7226291268534,16.0
cell_3_1,-152.32679987495683,-73.97781485721113,40.7226291268534,5.0
cell_3_2,-153.32679987495683,-73.97781485721113,40.7226291268534,3.0
cell_4_0,-154.25919908414642,-73.97781485721113,40.7226291268534,19.0
cell_4_1,-149.25919908414642,-73.97781485721113,40.7226291268534,9.0
cell_4_2,-149.75919908414642,-73.97781485721113,40.7226291268534,10.0
cell_5_0,-155.14662330516984,-73.97781485721113,40.7226291268534,18.0
cell_5_1,-153.14662330516984,-73.97781485721113,40.7226291268534,14.0
cell_5_2,-153.14662330516984,-73.97781485721113,40.7226291268534,14.0
cell_1_0,-153.19216245359723,-74.06234866403338,40.756143986724005,20.0
cell_1_1,-148.19216245359723,-74.06234866403338,40.756143986724005,10.0
cell_1_2,-147.69216245359723,-74.06234866403338,40.756143986724005,7.0
cell_2_0,-160.25280355993,-74.06234866403338,40.756143986724005,17.0
cell_2_1,-158.75280355993,-74.06234866403338,40.756143986724005,2.0
cell_2_2,-159.75280355993,-74.06234866403338,40.756143986724005,16.0
cell_3_0,-134.4028128981828,-74.06234866403338,40.756143986724005,9.0
cell_3_1,-139.9028128981828,-74.06234866403338,40.756143986724005,20.0
cell_3_2,-136.9028128981828,-74.06234866403338,40.756143986724005,14.0
cell_4_0,-142.68321674446466,-74.06234866403338,40.756143986724005,2.0
cell_4_1,-144.18321674446466,-74.06234866403338,40.756143986724005,17.0
cell_4_2,-143.18321674446466,-74.06234866403338,40.756143986724005,1.0
cell_5_0,-148.70112965995315,-74.06234866403338,40.756143986724005,14.0
cell_5_1,-151.20112965995315,-74.06234866403338,40.756143986724005,19.0
cell_5_2,-150.20112965995315,-74.06234866403338,40.756143986724005,17.0
cell_1_0,-143.24331820664122,-73.9757892004064,40.748546116096335,9.0
cell_1_1,-147.24331820664122,-73.9757892004064,40.748546116096335,17.0
cell_1_2,-143.24331820664122,-73.9757892004064,40.748546116096335,9.0
cell_2_0,-121.51546252935032,-73.9757892004064,40.748546116096335,12.0
cell_2_1,-124.01546252935032,-73.9757892004064,40.748546116096335,17.0
cell_2_2,-124.51546252935032,-73.9757892004064,40.748546116096335,18.0
cell_3_0,-153.64056035419426,-73.9757892004064,40.748546116096335,1.0
cell_3_1,-152.64056035419426,-73.9757892004064,40.748546116096335,3.0
cell_3_2,-152.14056035419426,-73.9757892004064,40.748546116096335,12.0
cell_4_0,-151.22752488176667,-73.9757892004064,40.748546116096335,16.0
cell_4_1,-152.22752488176667,-73.9757892004064,40.748546116096335,18.0
cell_4_2,-148.72752488176667,-73.9757892004064,40.748546116096335,5.0
cell_5_0,-148.77690817317244,-73.9757892004064,40.748546116096335,14.0
cell_5_1,-146.27690817317244,-73.9757892004064,40.748546116096335,7.0
cell_5_2,-149.27690817317244,-73.9757892004064,40.748546116096335,1.0
cell_1_0,-151.62664085806298,-73.96556535344378,40.758523910425254,17.0
cell_1_1,-151.12664085806298,-73.96556535344378,40.758523910425254,16.0
cell_1_2,-151.62664085806298,-73.96556535344378,40.758523910425254,17.0
cell_2_0,-118.42067148697222,-73.96556535344378,40.758523910425254,3.0
cell_2_1,-120.42067148697222,-73.96556535344378,40.758523910425254,17.0
cell_2_2,-121.42067148697222,-73.96556535344378,40.758523910425254,19.0
cell_3_0,-153.98123332172818,-73.96556535344378,40.758523910425254,11.0
cell_3_1,-155.48123332172818,-73.96556535344378,40.758523910425254,2.0
cell_3_2,-154.48123332172818,-73.96556535344378,40.758523910425254,12.0
cell_4_0,-151.9025181072823,-73.96556535344378,40.758523910425254,4.0
cell_4_1,-149.9025181072823,-73.96556535344378,40.758523910425254,8.0
cell_4_2,-151.9025181072823,-73.96556535344378,40.758523910425254,12.0
cell_5_0,-149.27502905213836,-73.96556535344378,40.758523910425254,4.0
cell_5_1,-147.77502905213836,-73.96556535344378,40.758523910425254,9.0
cell_5_2,-151.27502905213836,-73.96556535344378,40.758523910425254,0.0
cell_1_0,-139.73294985783573,-73.98711687061756,40.74630293923278,12.0
cell_1_1,-140.73294985783573,-73.98711687061756,40.74630293923278,14.0
cell_1_2,-138.73294985783573,-73.98711687061756,40.74630293923278,10.0
cell_2_0,-136.2457847521626,-73.98711687061756,40.74630293923278,0.0
cell_2_1,-132.2457847521626,-73.98711687061756,40.74630293923278,8.0
cell_2_2,-132.2457847521626,-73.98711687061756,40.74630293923278,8.0
cell_3_0,-149.26306226697173,-73.98711687061756,40.74630293923278,4.0
cell_3_1,-151.76306226697173,-73.98711687061756,40.74630293923278,17.0
cell_3_2,-148.26306226697173,-73.98711687061756,40.74630293923278,10.0
cell_4_0,-147.25350261988646,-73.98711687061756,40.74630293923278,1.0
cell_4_1,-147.25350261988646,-73.98711687061756,40.74630293923278,15.0
cell_4_2,-144.25350261988646,-73.98711687061756,40.74630293923278,7.0
cell_5_0,-146.22779327792267,-73.98711687061756,40.74630293923278,14.0
cell_5_1,-145.72779327792267,-73.98711687061756,40.74630293923278,3.0
cell_5_2,-148.22779327792267,-73.98711687061756,40.74630293923278,18.0
cell_1_0,-147.34143402042616,-74.03793161637537,40.767683635642555,0.0
cell_1_1,-143.34143402042616,-74.03793161637537,40.767683635642555,8.0
cell_1_2,-143.84143402042616,-74.03793161637537,40.767683635642555,7.0
cell_2_0,-155.56931256321022,-74.03793161637537,40.767683635642555,16.0
cell_2_1,-153.56931256321022,-74.03793161637537,40.767683635642555,4.0
cell_2_2,-152.56931256321022,-74.03793161637537,40.767683635642555,6.0
cell_3_0,-133.76399907742018,-74.03793161637537,40.767683635642555,4.0
cell_3_1,-136.76399907742018,-74.03793161637537,40.767683635642555,18.0
cell_3_2,-137.76399907742018,-74.03793161637537,40.767683635642555,20.0
cell_4_0,-134.05758296243914,-74.03793161637537,40.767683635642555,16.0
cell_4_1,-130.55758296243914,-74.03793161637537,40.767683635642555,9.0
cell_4_2,-134.05758296243914,-74.03793161637537,40.767683635642555,0.0
cell_5_0,-139.01999684371873,-74.03793161637537,40.767683635642555,19.0
cell_5_1,-134.01999684371873,-74.03793161637537,40.767683635642555,9.0
cell_5_2,-135.51999684371873,-74.03793161637537,40.767683635642555,12.0
cell_1_0,-145.40555708646923,-74.03551528426266,40.76324546176249,0.0
cell_1_1,-143.40555708646923,-74.03551528426266,40.76324546176249,12.0
cell_1_2,-141.90555708646923,-74.03551528426266,40.76324546176249,9.0
cell_2_0,-153.87253046244768,-74.03551528426266,40.76324546176249,2.0
cell_2_1,-154.87253046244768,-74.03551528426266,40.76324546176249,16.0
cell_2_2,-154.87253046244768,-74.03551528426266,40.76324546176249,0.0
cell_3_0,-129.11502289887437,-74.03551528426266,40.76324546176249,9.0
cell_3_1,-132.61502289887437,-74.03551528426266,40.76324546176249,0.0
cell_3_2,-131.61502289887437,-74.03551528426266,40.76324546176249,14.0
cell_4_0,-128.36406345108145,-74.03551528426266,40.76324546176249,1.0
cell_4_1,-129.36406345108145,-74.03551528426266,40.76324546176249,17.0
cell_4_2,-129.86406345108145,-74.03551528426266,40.76324546176249,18.0
cell_5_0,-135.35282578343924,-74.03551528426266,40.76324546176249,4.0
cell_5_1,-137.35282578343924,-74.03551528426266,40.76324546176249,0.0
cell_5_2,-139.35282578343924,-74.03551528426266,40.76324546176249,20.0
cell_1_0,-145.86801605516015,-74.05907446606489,40.747525086106485,9.0
cell_1_1,-149.36801605516015,-74.05907446606489,40.747525086106485,16.0
cell_1_2,-151.36801605516015,-74.05907446606489,40.747525086106485,20.0
cell_2_0,-158.7208835379497,-74.05907446606489,40.747525086106485,1.0
cell_2_1,-158.7208835379497,-74.05907446606489,40.747525086106485,1.0
cell_2_2,-161.2208835379497,-74.05907446606489,40.747525086106485,20.0
cell_3_0,-130.91015335447673,-74.05907446606489,40.747525086106485,9.0
cell_3_1,-131.91015335447673,-74.05907446606489,40.747525086106485,11.0
cell_3_2,-133.91015335447673,-74.05907446606489,40.747525086106485,15.0
cell_4_0,-140.17029234350048,-74.05907446606489,40.747525086106485,12.0
cell_4_1,-138.67029234350048,-74.05907446606489,40.747525086106485,9.0
cell_4_2,-138.17029234350048,-74.05907446606489,40.747525086106485,8.0
cell_5_0,-151.55212525248754,-74.05907446606489,40.747525086106485,19.0
cell_5_1,-149.55212525248754,-74.05907446606489,40.747525086106485,15.0
cell_5_2,-147.55212525248754,-74.05907446606489,40.747525086106485,5.0
cell_1_0,-148.66529151548923,-74.00240273952693,40.781426585692,2.0
cell_1_1,-148.66529151548923,-74.00240273952693,40.781426585692,2.0
cell_1_2,-149.16529151548923,-74.00240273952693,40.781426585692,15.0
cell_2_0,-144.59746425351216,-74.00240273952693,40.781426585692,8.0
cell_2_1,-148.09746425351216,-74.00240273952693,40.781426585692,1.0
cell_2_2,-147.09746425351216,-74.00240273952693,40.781426585692,3.0
cell_3_0,-149.83719019532384,-74.00240273952693,40.781426585692,1.0
cell_3_1,-152.33719019532384,-74.00240273952693,40.781426585692,20.0
cell_3_2,-151.33719019532384,-74.00240273952693,40.781426585692,18.0
cell_4_0,-146.1253562895942,-74.00240273952693,40.781426585692,1.0
cell_4_1,-144.1253562895942,-74.00240273952693,40.781426585692,5.0
cell_4_2,-143.6253562895942,-74.00240273952693,40.781426585692,10.0
cell_5_0,-129.91681544544116,-74.00240273952693,40.781426585692,10.0
cell_5_1,-132.91681544544116,-74.00240273952693,40.781426585692,0.0
cell_5_2,-133.41681544544116,-74.00240273952693,40.781426585692,17.0
cell_1_0,-144.7655089969768,-74.01546167931436,40.778305402772006,7.0
cell_1_1,-146.2655089969768,-74.01546167931436,40.778305402772006,12.0
cell_1_2,-150.2655089969768,-74.01546167931436,40.778305402772006,20.0
cell_2_0,-152.84928854106917,-74.01546167931436,40.778305402772006,19.0
cell_2_1,-150.34928854106917,-74.01546167931436,40.778305402772006,2.0
cell_2_2,-147.84928854106917,-74.01546167931436,40.778305402772006,9.0
cell_3_0,-144.44869766696263,-74.01546167931436,40.778305402772006,4.0
cell_3_1,-148.44869766696263,-74.01546167931436,40.778305402772006,20.0
cell_3_2,-143.94869766696263,-74.01546167931436,40.778305402772006,11.0
cell_4_0,-141.1053455361669,-74.01546167931436,40.778305402772006,14.0
cell_4_1,-139.6053455361669,-74.01546167931436,40.778305402772006,5.0
cell_4_2,-141.1053455361669,-74.01546167931436,40.778305402772006,2.0
cell_5_0,-109.51890683048427,-74.01546167931436,40.778305402772006,13.0
cell_5_1,-112.51890683048427,-74.01546167931436,40.778305402772006,19.0
cell_5_2,-111.01890683048427,-74.01546167931436,40.778305402772006,16.0
cell_1_0,-148.65535811042824,-73.96477104423072,40.7681299008273,8.0
cell_1_1,-152.15535811042824,-73.96477104423072,40.7681299008273,1.0
cell_1_2,-150.65535811042824,-73.96477104423072,40.7681299008273,4.0
cell_2_0,-131.61303564859048,-73.96477104423072,40.7681299008273,13.0
cell_2_1,-130.61303564859048,-73.96477104423072,40.7681299008273,11.0
cell_2_2,-129.61303564859048,-73.96477104423072,40.7681299008273,9.0
cell_3_0,-156.49442865723572,-73.96477104423072,40.7681299008273,1.0
cell_3_1,-155.99442865723572,-73.96477104423072,40.7681299008273,14.0
cell_3_2,-153.49442865723572,-73.96477104423072,40.7681299008273,7.0
cell_4_0,-153.95760326663915,-73.96477104423072,40.7681299008273,15.0
cell_4_1,-153.95760326663915,-73.96477104423072,40.7681299008273,1.0
cell_4_2,-156.45760326663915,-73.96477104423072,40.7681299008273,20.0
cell_5_0,-151.40478564294386,-73.96477104423072,40.7681299008273,17.0
cell_5_1,-147.40478564294386,-73.96477104423072,40.7681299008273,9.0
cell_5_2,-151.40478564294386,-73.96477104423072,40.7681299008273,17.0
cell_1_0,-131.22764673070589,-74.00963707933725,40.75003145522809,12.0
cell_1_1,-130.72764673070589,-74.00963707933725,40.75003145522809,5.0
cell_1_2,-133.22764673070589,-74.00963707933725,40.75003145522809,16.0
cell_2_0,-144.86672154114157,-74.00963707933725,40.75003145522809,5.0
cell_2_1,-147.36672154114157,-74.00963707933725,40.75003145522809,0.0
cell_2_2,-144.86672154114157,-74.00963707933725,40.75003145522809,5.0
cell_3_0,-143.09048698558877,-74.00963707933725,40.75003145522809,0.0
cell_3_1,-141.09048698558877,-74.00963707933725,40.75003145522809,12.0
cell_3_2,-139.59048698558877,-74.00963707933725,40.75003145522809,9.0
cell_4_0,-133.7552783588685,-74.00963707933725,40.75003145522809,11.0
cell_4_1,-136.2552783588685,-74.00963707933725,40.75003145522809,16.0
cell_4_2,-134.2552783588685,-74.00963707933725,40.75003145522809,12.0
cell_5_0,-138.11143447322291,-74.00963707933725,40.75003145522809,12.0
cell_5_1,-140.11143447322291,-74.00963707933725,40.75003145522809,0.0
cell_5_2,-137.61143447322291,-74.00963707933725,40.75003145522809,11.0
cell_1_0,-139.11794911671427,-74.03057153401471,40.7556219415563,12.0
cell_1_1,-142.61794911671427,-74.03057153401471,40.7556219415563,19.0
cell_1_2,-141.61794911671427,-74.03057153401471,40.7556219415563,17.0
cell_2_0,-153.5392411498342,-74.03057153401471,40.7556219415563,16.0
cell_2_1,-153.5392411498342,-74.03057153401471,40.7556219415563,0.0
cell_2_2,-151.5392411498342,-74.03057153401471,40.7556219415563,4.0
cell_3_0,-127.40549031415784,-74.03057153401471,40.7556219415563,12.0
cell_3_1,-130.40549031415784,-74.03057153401471,40.7556219415563,18.0
cell_3_2,-131.40549031415784,-74.03057153401471,40.7556219415563,20.0
cell_4_0,-107.38312999230152,-74.03057153401471,40.7556219415563,12.0
cell_4_1,-108.38312999230152,-74.03057153401471,40.7556219415563,14.0
cell_4_2,-106.38312999230152,-74.03057153401471,40.7556219415563,6.0
cell_5_0,-135.0390951907521,-74.03057153401471,40.7556219415563,9.0
cell_5_1,-136.0390951907521,-74.03057153401471,40.7556219415563,5.0
cell_5_2,-135.0390951907521,-74.03057153401471,40.7556219415563,7.0
cell_1_0,-137.29560745919417,-74.00386909336613,40.75497969190931,2.0
cell_1_1,-136.29560745919417,-74.00386909336613,40.75497969190931,12.0
cell_1_2,-137.29560745919417,-74.00386909336613,40.75497969190931,14.0
cell_2_0,-142.1481021132853,-74.00386909336613,40.75497969190931,6.0
cell_2_1,-145.1481021132853,-74.00386909336613,40.75497969190931,0.0
cell_2_2,-145.6481021132853,-74.00386909336613,40.75497969190931,17.0
cell_3_0,-143.35019181505095,-74.00386909336613,40.75497969190931,11.0
cell_3_1,-143.85019181505095,-74.00386909336613,40.75497969190931,4.0
cell_3_2,-141.85019181505095,-74.00386909336613,40.75497969190931,8.0
cell_4_0,-140.5844586544393,-74.00386909336613,40.75497969190931,17.0
cell_4_1,-141.0844586544393,-74.00386909336613,40.75497969190931,18.0
cell_4_2,-138.5844586544393,-74.00386909336613,40.75497969190931,3.0
cell_5_0,-137.88433708331678,-74.00386909336613,40.75497969190931,2.0
cell_5_1,-140.88433708331678,-74.00386909336613,40.75497969190931,20.0
cell_5_2,-134.88433708331678,-74.00386909336613,40.75497969190931,8.0
cell_1_0,-127.9675339136037,-74.02551699127537,40.74204653094137,7.0
cell_1_1,-127.9675339136037,-74.02551699127537,40.74204653094137,7.0
cell_1_2,-128.4675339136037,-74.02551699127537,40.74204653094137,6.0
cell_2_0,-151.46097360144458,-74.02551699127537,40.74204653094137,2.0
cell_2_1,-150.96097360144458,-74.02551699127537,40.74204653094137,13.0
cell_2_2,-152.46097360144458,-74.02551699127537,40.74204653094137,16.0
cell_3_0,-133.11460682074448,-74.02551699127537,40.74204653094137,15.0
cell_3_1,-135.11460682074448,-74.02551699127537,40.74204653094137,19.0
cell_3_2,-130.61460682074448,-74.02551699127537,40.74204653094137,10.0
cell_4_0,-125.12161960606458,-74.02551699127537,40.74204653094137,4.0
cell_4_1,-127.12161960606458,-74.02551699127537,40.74204653094137,16.0
cell_4_2,-125.12161960606458,-74.02551699127537,40.74204653094137,4.0
cell_5_0,-142.63608857511923,-74.02551699127537,40.74204653094137,13.0
cell_5_1,-145.13608857511923,-74.02551699127537,40.74204653094137,18.0
cell_5_2,-142.13608857511923,-74.02551699127537,40.74204653094137,4.0
cell_1_0,-137.558117632419,-74.03431701464936,40.753241578025474,8.0
cell_1_1,-138.558117632419,-74.03431701464936,40.753241578025474,10.0
cell_1_2,-138.058117632419,-74.03431701464936,40.753241578025474,7.0
cell_2_0,-153.89725323597438,-74.03431701464936,40.753241578025474,1.0
cell_2_1,-151.39725323597438,-74.03431701464936,40.753241578025474,6.0
cell_2_2,-155.89725323597438,-74.03431701464936,40.753241578025474,19.0
cell_3_0,-122.47421589686067,-74.03431701464936,40.753241578025474,15.0
cell_3_1,-119.47421589686067,-74.03431701464936,40.753241578025474,7.0
cell_3_2,-119.47421589686067,-74.03431701464936,40.753241578025474,7.0
cell_4_0,-112.69834334521472,-74.03431701464936,40.753241578025474,3.0
cell_4_1,-116.19834334521472,-74.03431701464936,40.753241578025474,20.0
cell_4_2,-111.19834334521472,-74.03431701464936,40.753241578025474,6.0
cell_5_0,-140.01233356763743,-74.03431701464936,40.753241578025474,2.0
cell_5_1,-143.01233356763743,-74.03431701464936,40.753241578025474,20.0
cell_5_2,-142.01233356763743,-74.03431701464936,40.753241578025474,18.0
cell_1_0,-149.11774515808773,-73.95298357891137,40.74442449311396,8.0
cell_1_1,-152.11774515808773,-73.95298357891137,40.74442449311396,2.0
cell_1_2,-152.61774515808773,-73.95298357891137,40.74442449311396,1.0
cell_2_0,-135.30701235442442,-73.95298357891137,40.74442449311396,20.0
cell_2_1,-130.80701235442442,-73.95298357891137,40.74442449311396,5.0
cell_2_2,-129.30701235442442,-73.95298357891137,40.74442449311396,8.0
cell_3_0,-158.700996200211,-73.95298357891137,40.74442449311396,16.0
cell_3_1,-155.700996200211,-73.95298357891137,40.74442449311396,10.0
cell_3_2,-160.700996200211,-73.95298357891137,40.74442449311396,20.0
cell_4_0,-154.6341031315138,-73.95298357891137,40.74442449311396,12.0
cell_4_1,-156.1341031315138,-73.95298357891137,40.74442449311396,1.0
cell_4_2,-154.1341031315138,-73.95298357891137,40.74442449311396,11.0
cell_5_0,-151.9030144354296,-73.95298357891137,40.74442449311396,7.0
cell_5_1,-151.9030144354296,-73.95298357891137,40.74442449311396,9.0
cell_5_2,-155.4030144354296,-73.95298357891137,40.74442449311396,16.0
cell_1_0,-142.325915999638,-74.02206789065205,40.759687441646605,19.0
cell_1_1,-137.325915999638,-74.02206789065205,40.759687441646605,9.0
cell_1_2,-140.325915999638,-74.02206789065205,40.759687441646605,15.0
cell_2_0,-148.45312195674703,-74.02206789065205,40.759687441646605,10.0
cell_2_1,-148.45312195674703,-74.02206789065205,40.759687441646605,10.0
cell_2_2,-148.45312195674703,-74.02206789065205,40.759687441646605,10.0
cell_3_0,-136.22412903507225,-74.02206789065205,40.759687441646605,13.0
cell_3_1,-134.72412903507225,-74.02206789065205,40.759687441646605,10.0
cell_3_2,-139.22412903507225,-74.02206789065205,40.759687441646605,19.0
cell_4_0,-123.49438272971746,-74.02206789065205,40.759687441646605,10.0
cell_4_1,-124.49438272971746,-74.02206789065205,40.759687441646605,4.0
cell_4_2,-128.49438272971747,-74.02206789065205,40.759687441646605,20.0
cell_5_0,-132.197096279898,-74.02206789065205,40.759687441646605,1.0
cell_5_1,-129.197096279898,-74.02206789065205,40.759687441646605,9.0
cell_5_2,-134.197096279898,-74.02206789065205,40.759687441646605,19.0
cell_1_0,-139.21455994479282,-74.0384437846203,40.72403531132232,3.0
cell_1_1,-141.21455994479282,-74.0384437846203,40.72403531132232,17.0
cell_1_2,-139.71455994479282,-74.0384437846203,40.72403531132232,14.0
cell_2_0,-155.91483045074733,-74.0384437846203,40.72403531132232,1.0
cell_2_1,-152.91483045074733,-74.0384437846203,40.72403531132232,7.0
cell_2_2,-156.91483045074733,-74.0384437846203,40.72403531132232,17.0
cell_3_0,-136.23985818996238,-74.0384437846203,40.72403531132232,10.0
cell_3_1,-139.23985818996238,-74.0384437846203,40.72403531132232,0.0
cell_3_2,-139.23985818996238,-74.0384437846203,40.72403531132232,0.0
cell_4_0,-142.07369608374094,-74.0384437846203,40.72403531132232,16.0
cell_4_1,-138.57369608374094,-74.0384437846203,40.72403531132232,9.0
cell_4_2,-141.07369608374094,-74.0384437846203,40.72403531132232,14.0
cell_5_0,-151.5301791419966,-74.0384437846203,40.72403531132232,0.0
cell_5_1,-153.5301791419966,-74.0384437846203,40.72403531132232,20.0
cell_5_2,-149.5301791419966,-74.0384437846203,40.72403531132232,4.0
cell_1_0,-133.90629170373774,-74.03052792485111,40.74199729738621,13.0
cell_1_1,-134.90629170373774,-74.03052792485111,40.74199729738621,1.0
cell_1_2,-132.40629170373774,-74.03052792485111,40.74199729738621,6.0
cell_2_0,-151.19410681671036,-74.03052792485111,40.74199729738621,5.0
cell_2_1,-155.19410681671036,-74.03052792485111,40.74199729738621,19.0
cell_2_2,-154.69410681671036,-74.03052792485111,40.74199729738621,18.0
cell_3_0,-127.4595477857886,-74.03052792485111,40.74199729738621,13.0
cell_3_1,-125.4595477857886,-74.03052792485111,40.74199729738621,7.0
cell_3_2,-124.9595477857886,-74.03052792485111,40.74199729738621,8.0
cell_4_0,-127.58138990779858,-74.03052792485111,40.74199729738621,19.0
cell_4_1,-125.58138990779858,-74.03052792485111,40.74199729738621,15.0
cell_4_2,-123.58138990779858,-74.03052792485111,40.74199729738621,5.0
cell_5_0,-146.84005190530752,-74.03052792485111,40.74199729738621,20.0
cell_5_1,-140.84005190530752,-74.03052792485111,40.74199729738621,8.0
cell_5_2,-145.34005190530752,-74.03052792485111,40.74199729738621,17.0
cell_1_0,-145.61426533042587,-74.04920027183398,40.76419862896547,7.0
cell_1_1,-149.11426533042587,-74.04920027183398,40.76419862896547,0.0
cell_1_2,-149.61426533042587,-74.04920027183398,40.76419862896547,17.0
cell_2_0,-158.63153805814625,-74.04920027183398,40.76419862896547,18.0
cell_2_1,-158.63153805814625,-74.04920027183398,40.76419862896547,18.0
cell_2_2,-157.13153805814625,-74.04920027183398,40.76419862896547,1.0
cell_3_0,-133.2392279048492,-74.04920027183398,40.76419862896547,14.0
cell_3_1,-131.7392279048492,-74.04920027183398,40.76419862896547,5.0
cell_3_2,-133.7392279048492,-74.04920027183398,40.76419862896547,15.0
cell_4_0,-137.65351403590284,-74.04920027183398,40.76419862896547,15.0
cell_4_1,-135.15351403590284,-74.04920027183398,40.76419862896547,10.0
cell_4_2,-139.65351403590284,-74.04920027183398,40.76419862896547,19.0
cell_5_0,-140.06082969280482,-74.04920027183398,40.76419862896547,8.0
cell_5_1,-141.06082969280482,-74.04920027183398,40.76419862896547,10.0
cell_5_2,-140.56082969280482,-74.04920027183398,40.76419862896547,7.0
cell_1_0,-146.49791009258738,-73.9787816418869,40.767612412854966,6.0
cell_1_1,-149.49791009258738,-73.9787816418869,40.767612412854966,16.0
cell_1_2,-148.99791009258738,-73.9787816418869,40.767612412854966,15.0
cell_2_0,-133.92441952804683,-73.9787816418869,40.767612412854966,3.0
cell_2_1,-133.92441952804683,-73.9787816418869,40.767612412854966,13.0
cell_2_2,-134.92441952804683,-73.9787816418869,40.767612412854966,15.0
cell_3_0,-151.11437503363493,-73.9787816418869,40.767612412854966,6.0
cell_3_1,-155.61437503363493,-73.9787816418869,40.767612412854966,19.0
cell_3_2,-152.11437503363493,-73.9787816418869,40.767612412854966,12.0
cell_4_0,-147.98142956873883,-73.9787816418869,40.767612412854966,6.0
cell_4_1,-152.98142956873883,-73.9787816418869,40.767612412854966,20.0
cell_4_2,-148.48142956873883,-73.9787816418869,40.767612412854966,11.0
cell_5_0,-146.32430123250907,-73.9787816418869,40.767612412854966,16.0
cell_5_1,-145.82430123250907,-73.9787816418869,40.767612412854966,15.0
cell_5_2,-146.82430123250907,-73.9787816418869,40.767612412854966,17.0
cell_1_0,-146.52469123374158,-74.0527543037078,40.737313882508595,16.0
cell_1_1,-143.52469123374158,-74.0527543037078,40.737313882508595,10.0
cell_1_2,-143.52469123374158,-74.0527543037078,40.737313882508595,6.0
cell_2_0,-156.335875267708,-74.0527543037078,40.737313882508595,4.0
cell_2_1,-157.835875267708,-74.0527543037078,40.737313882508595,1.0
cell_2_2,-154.335875267708,-74.0527543037078,40.737313882508595,8.0
cell_3_0,-130.24293511473982,-74.0527543037078,40.737313882508595,11.0
cell_3_1,-130.74293511473982,-74.0527543037078,40.737313882508595,4.0
cell_3_2,-130.24293511473982,-74.0527543037078,40.737313882508595,11.0
cell_4_0,-137.96619679296234,-74.0527543037078,40.737313882508595,6.0
cell_4_1,-137.46619679296234,-74.0527543037078,40.737313882508595,9.0
cell_4_2,-139.46619679296234,-74.0527543037078,40.737313882508595,13.0
cell_5_0,-148.56431199756267,-74.0527543037078,40.737313882508595,4.0
cell_5_1,-151.06431199756267,-74.0527543037078,40.737313882508595,17.0
cell_5_2,-148.06431199756267,-74.0527543037078,40.737313882508595,5.0
cell_1_0,-147.5888450015934,-74.05053161099987,40.734328554360296,20.0
cell_1_1,-144.0888450015934,-74.05053161099987,40.734328554360296,13.0
cell_1_2,-143.0888450015934,-74.05053161099987,40.734328554360296,5.0
cell_2_0,-156.54821427144287,-74.05053161099987,40.734328554360296,3.0
cell_2_1,-158.04821427144287,-74.05053161099987,40.734328554360296,0.0
cell_2_2,-154.54821427144287,-74.05053161099987,40.734328554360296,7.0
cell_3_0,-129.55679746740094,-74.05053161099987,40.734328554360296,8.0
cell_3_1,-131.05679746740094,-74.05053161099987,40.734328554360296,5.0
cell_3_2,-130.05679746740094,-74.05053161099987,40.734328554360296,7.0
cell_4_0,-141.973663464725,-74.05053161099987,40.734328554360296,18.0
cell_4_1,-136.973663464725,-74.05053161099987,40.734328554360296,8.0
cell_4_2,-137.473663464725,-74.05053161099987,40.734328554360296,7.0
cell_5_0,-150.78921547349344,-74.05053161099987,40.734328554360296,16.0
cell_5_1,-147.28921547349344,-74.05053161099987,40.734328554360296,9.0
cell_5_2,-152.28921547349344,-74.05053161099987,40.734328554360296,19.0
cell_1_0,-146.89014502168357,-74.00173778943284,40.772847760084595,0.0
cell_1_1,-144.89014502168357,-74.00173778943284,40.772847760084595,12.0
cell_1_2,-143.39014502168357,-74.00173778943284,40.772847760084595,9.0
cell_2_0,-142.6016847719453,-74.00173778943284,40.772847760084595,8.0
cell_2_1,-146.1016847719453,-74.00173778943284,40.772847760084595,15.0
cell_2_2,-146.1016847719453,-74.00173778943284,40.772847760084595,15.0
cell_3_0,-146.42414737382774,-74.00173778943284,40.772847760084595,11.0
cell_3_1,-148.92414737382774,-74.00173778943284,40.772847760084595,16.0
cell_3_2,-145.42414737382774,-74.00173778943284,40.772847760084595,9.0
cell_4_0,-145.49431409522873,-74.00173778943284,40.772847760084595,18.0
cell_4_1,-144.99431409522873,-74.00173778943284,40.772847760084595,17.0
cell_4_2,-141.99431409522873,-74.00173778943284,40.772847760084595,11.0
cell_5_0,-133.86996348750367,-74.00173778943284,40.772847760084595,19.0
cell_5_1,-131.86996348750367,-74.00173778943284,40.772847760084595,1.0
cell_5_2,-128.36996348750367,-74.00173778943284,40.772847760084595,8.0
cell_1_0,-121.57716882302363,-74.00871867774293,40.742806270988766,8.0
cell_1_1,-125.57716882302363,-74.00871867774293,40.742806270988766,0.0
cell_1_2,-124.07716882302363,-74.00871867774293,40.742806270988766,13.0
cell_2_0,-144.38657521739788,-74.00871867774293,40.742806270988766,10.0
cell_2_1,-144.38657521739788,-74.00871867774293,40.742806270988766,10.0
cell_2_2,-143.88657521739788,-74.00871867774293,40.742806270988766,7.0
cell_3_0,-142.23065235855313,-74.00871867774293,40.742806270988766,3.0
cell_3_1,-142.73065235855313,-74.00871867774293,40.742806270988766,2.0
cell_3_2,-142.23065235855313,-74.00871867774293,40.742806270988766,3.0
cell_4_0,-140.25572651297165,-74.00871867774293,40.742806270988766,20.0
cell_4_1,-136.25572651297165,-74.00871867774293,40.742806270988766,4.0
cell_4_2,-137.25572651297165,-74.00871867774293,40.742806270988766,2.0
cell_5_0,-141.82761221409515,-74.00871867774293,40.742806270988766,4.0
cell_5_1,-141.82761221409515,-74.00871867774293,40.742806270988766,4.0
cell_5_2,-145.32761221409515,-74.00871867774293,40.742806270988766,19.0
cell_1_0,-128.55591238007833,-74.02518080481515,40.73784395166269,1.0
cell_1_1,-130.05591238007833,-74.02518080481515,40.73784395166269,18.0
cell_1_2,-130.05591238007833,-74.02518080481515,40.73784395166269,18.0
cell_2_0,-152.59832091809264,-74.02518080481515,40.73784395166269,16.0
cell_2_1,-150.09832091809264,-74.02518080481515,40.73784395166269,11.0
cell_2_2,-149.59832091809264,-74.02518080481515,40.73784395166269,6.0
cell_3_0,-137.52102659977965,-74.02518080481515,40.73784395166269,20.0
cell_3_1,-134.52102659977965,-74.02518080481515,40.73784395166269,2.0
cell_3_2,-135.52102659977965,-74.02518080481515,40.73784395166269,16.0
cell_4_0,-131.38657462975516,-74.02518080481515,40.73784395166269,15.0
cell_4_1,-128.38657462975516,-74.02518080481515,40.73784395166269,9.0
cell_4_2,-129.38657462975516,-74.02518080481515,40.73784395166269,11.0
cell_5_0,-144.83897893371437,-74.02518080481515,40.73784395166269,2.0
cell_5_1,-141.83897893371437,-74.02518080481515,40.73784395166269,8.0
cell_5_2,-143.83897893371437,-74.02518080481515,40.73784395166269,4.0
cell_1_0,-134.03429292344998,-74.03021661296293,40.73791289559717,16.0
cell_1_1,-132.53429292344998,-74.03021661296293,40.73791289559717,3.0
cell_1_2,-133.53429292344998,-74.03021661296293,40.73791289559717,15.0
cell_2_0,-153.80512027530838,-74.03021661296293,40.73791289559717,0.0
cell_2_1,-155.30512027530838,-74.03021661296293,40.73791289559717,19.0
cell_2_2,-150.80512027530838,-74.03021661296293,40.73791289559717,10.0
cell_3_0,-128.97758940703744,-74.03021661296293,40.73791289559717,6.0
cell_3_1,-130.47758940703744,-74.03021661296293,40.73791289559717,13.0
cell_3_2,-132.47758940703744,-74.03021661296293,40.73791289559717,17.0
cell_4_0,-127.1193519524495,-74.03021661296293,40.73791289559717,8.0
cell_4_1,-132.1193519524495,-74.03021661296293,40.73791289559717,18.0
cell_4_2,-129.1193519524495,-74.03021661296293,40.73791289559717,4.0
cell_5_0,-146.3522384568771,-74.03021661296293,40.73791289559717,0.0
cell_5_1,-143.8522384568771,-74.03021661296293,40.73791289559717,11.0
cell_5_2,-145.8522384568771,-74.03021661296293,40.73791289559717,1.0
cell_1_0,-130.45045186890272,-74.02091992262758,40.74645026125649,2.0
cell_1_1,-128.95045186890272,-74.02091992262758,40.74645026125649,11.0
cell_1_2,-130.45045186890272,-74.02091992262758,40.74645026125649,2.0
cell_2_0,-152.0598120172613,-74.02091992262758,40.74645026125649,18.0
cell_2_1,-148.5598120172613,-74.02091992262758,40.74645026125649,11.0
cell_2_2,-151.0598120172613,-74.02091992262758,40.74645026125649,0.0
cell_3_0,-134.42656852013846,-74.02091992262758,40.74645026125649,12.0
cell_3_1,-136.92656852013846,-74.02091992262758,40.74645026125649,17.0
cell_3_2,-132.92656852013846,-74.02091992262758,40.74645026125649,9.0
cell_4_0,-122.37835238533756,-74.02091992262758,40.74645026125649,8.0
cell_4_1,-124.37835238533756,-74.02091992262758,40.74645026125649,12.0
cell_4_2,-122.87835238533756,-74.02091992262758,40.74645026125649,9.0
cell_5_0,-139.6064263634106,-74.02091992262758,40.74645026125649,12.0
cell_5_1,-141.1064263634106,-74.02091992262758,40.74645026125649,1.0
cell_5_2,-141.1064263634106,-74.02091992262758,40.74645026125649,1.0
cell_1_0,-151.57598423052323,-73.97339239495838,40.761467287914385,20.0
cell_1_1,-146.07598423052323,-73.97339239495838,40.761467287914385,7.0
cell_1_2,-150.57598423052323,-73.97339239495838,40.761467287914385,18.0
cell_2_0,-128.54704746721467,-73.97339239495838,40.761467287914385,19.0
cell_2_1,-125.04704746721465,-73.97339239495838,40.761467287914385,12.0
cell_2_2,-125.04704746721465,-73.97339239495838,40.761467287914385,4.0
cell_3_0,-156.9629943289581,-73.97339239495838,40.761467287914385,20.0
cell_3_1,-152.4629943289581,-73.97339239495838,40.761467287914385,11.0
cell_3_2,-152.9629943289581,-73.97339239495838,40.761467287914385,4.0
cell_4_0,-148.5514193392349,-73.97339239495838,40.761467287914385,7.0
cell_4_1,-153.0514193392349,-73.97339239495838,40.761467287914385,18.0
cell_4_2,-148.0514193392349,-73.97339239495838,40.761467287914385,8.0
cell_5_0,-146.23221796151358,-73.97339239495838,40.761467287914385,5.0
cell_5_1,-145.73221796151358,-73.97339239495838,40.761467287914385,6.0
cell_5_2,-145.73221796151358,-73.97339239495838,40.761467287914385,10.0
cell_1_0,-134.21034391629382,-74.00031587466009,40.74327935946295,19.0
cell_1_1,-129.71034391629382,-74.00031587466009,40.74327935946295,6.0
cell_1_2,-129.71034391629382,-74.00031587466009,40.74327935946295,6.0
cell_2_0,-141.04828562438018,-74.00031587466009,40.74327935946295,6.0
cell_2_1,-141.54828562438018,-74.00031587466009,40.74327935946295,11.0
cell_2_2,-141.04828562438018,-74.00031587466009,40.74327935946295,6.0
cell_3_0,-146.12062320357393,-74.00031587466009,40.74327935946295,14.0
cell_3_1,-143.62062320357393,-74.00031587466009,40.74327935946295,9.0
cell_3_2,-147.12062320357393,-74.00031587466009,40.74327935946295,0.0
cell_4_0,-141.64700111902914,-74.00031587466009,40.74327935946295,14.0
cell_4_1,-139.14700111902914,-74.00031587466009,40.74327935946295,9.0
cell_4_2,-141.64700111902914,-74.00031587466009,40.74327935946295,2.0
cell_5_0,-143.49748945119552,-74.00031587466009,40.74327935946295,13.0
cell_5_1,-141.49748945119552,-74.00031587466009,40.74327935946295,7.0
cell_5_2,-143.49748945119552,-74.00031587466009,40.74327935946295,13.0
cell_1_0,-150.83437706039996,-74.0243255762958,40.78716826705697,15.0
cell_1_1,-149.33437706039996,-74.0243255762958,40.78716826705697,12.0
cell_1_2,-151.83437706039996,-74.0243255762958,40.78716826705697,17.0
cell_2_0,-152.40656770905164,-74.0243255762958,40.78716826705697,12.0
cell_2_1,-152.40656770905164,-74.0243255762958,40.78716826705697,12.0
cell_2_2,-152.40656770905164,-74.0243255762958,40.78716826705697,4.0
cell_3_0,-145.49577163386815,-74.0243255762958,40.78716826705697,12.0
cell_3_1,-143.49577163386815,-74.0243255762958,40.78716826705697,8.0
cell_3_2,-146.49577163386815,-74.0243255762958,40.78716826705697,2.0
cell_4_0,-141.75143679759952,-74.0243255762958,40.78716826705697,6.0
cell_4_1,-142.75143679759952,-74.0243255762958,40.78716826705697,12.0
cell_4_2,-140.75143679759952,-74.0243255762958,40.78716826705697,8.0
cell_5_0,-128.88758242696375,-74.0243255762958,40.78716826705697,4.0
cell_5_1,-132.38758242696375,-74.0243255762958,40.78716826705697,19.0
cell_5_2,-130.88758242696375,-74.0243255762958,40.78716826705697,16.0
cell_1_0,-147.51015530431658,-74.05748010816627,40.7431351272263,14.0
cell_1_1,-145.01015530431658,-74.05748010816627,40.7431351272263,9.0
cell_1_2,-146.01015530431658,-74.05748010816627,40.7431351272263,5.0
cell_2_0,-158.50871753233653,-74.05748010816627,40.7431351272263,15.0
cell_2_1,-159.00871753233653,-74.05748010816627,40.7431351272263,0.0
cell_2_2,-159.50871753233653,-74.05748010816627,40.7431351272263,17.0
cell_3_0,-132.73479417518968,-74.05748010816627,40.7431351272263,2.0
cell_3_1,-131.73479417518968,-74.05748010816627,40.7431351272263,12.0
cell_3_2,-130.23479417518968,-74.05748010816627,40.7431351272263,9.0
cell_4_0,-140.4083717550701,-74.05748010816627,40.7431351272263,13.0
cell_4_1,-138.4083717550701,-74.05748010816627,40.7431351272263,7.0
cell_4_2,-139.4083717550701,-74.05748010816627,40.7431351272263,11.0
cell_5_0,-147.9336419071694,-74.05748010816627,40.7431351272263,11.0
cell_5_1,-146.4336419071694,-74.05748010816627,40.7431351272263,8.0
cell_5_2,-149.4336419071694,-74.05748010816627,40.7431351272263,14.0
cell_1_0,-147.25274346969914,-73.96258162902349,40.73405658720391,6.0
cell_1_1,-147.75274346969914,-73.96258162902349,40.73405658720391,11.0
cell_1_2,-146.25274346969914,-73.96258162902349,40.73405658720391,8.0
cell_2_0,-133.58405260547318,-73.96258162902349,40.73405658720391,3.0
cell_2_1,-131.58405260547318,-73.96258162902349,40.73405658720391,7.0
cell_2_2,-133.58405260547318,-73.96258162902349,40.73405658720391,3.0
cell_3_0,-158.68475408222403,-73.96258162902349,40.73405658720391,19.0
cell_3_1,-154.68475408222403,-73.96258162902349,40.73405658720391,5.0
cell_3_2,-154.18475408222403,-73.96258162902349,40.73405658720391,10.0
cell_4_0,-151.06407411038856,-73.96258162902349,40.73405658720391,8.0
cell_4_1,-152.56407411038856,-73.96258162902349,40.73405658720391,5.0
cell_4_2,-153.56407411038856,-73.96258162902349,40.73405658720391,3.0
cell_5_0,-154.77391191326575,-73.96258162902349,40.73405658720391,16.0
cell_5_1,-156.27391191326575,-73.96258162902349,40.73405658720391,19.0
cell_5_2,-152.77391191326575,-73.96258162902349,40.73405658720391,4.0
cell_1_0,-145.41414018294057,-74.04988025223847,40.737990772515026,0.0
cell_1_1,-142.41414018294057,-74.04988025223847,40.737990772515026,6.0
cell_1_2,-144.91414018294057,-74.04988025223847,40.737990772515026,15.0
cell_2_0,-155.30733079583968,-74.04988025223847,40.737990772515026,11.0
cell_2_1,-158.30733079583968,-74.04988025223847,40.737990772515026,17.0
cell_2_2,-158.80733079583968,-74.04988025223847,40.737990772515026,18.0
cell_3_0,-127.21377610998663,-74.04988025223847,40.737990772515026,10.0
cell_3_1,-130.2137761099866,-74.04988025223847,40.737990772515026,16.0
cell_3_2,-128.7137761099866,-74.04988025223847,40.737990772515026,13.0
cell_4_0,-139.85954338008804,-74.04988025223847,40.737990772515026,17.0
cell_4_1,-135.35954338008804,-74.04988025223847,40.737990772515026,8.0
cell_4_2,-137.35954338008804,-74.04988025223847,40.737990772515026,12.0
cell_5_0,-146.3299251580957,-74.04988025223847,40.737990772515026,7.0
cell_5_1,-149.8299251580957,-74.04988025223847,40.737990772515026,0.0
cell_5_2,-150.8299251580957,-74.04988025223847,40.737990772515026,18.0
cell_1_0,-152.1913676220708,-73.95521816791457,40.75975631479902,3.0
cell_1_1,-152.6913676220708,-73.95521816791457,40.75975631479902,2.0
cell_1_2,-153.1913676220708,-73.95521816791457,40.75975631479902,1.0
cell_2_0,-128.00400275156008,-73.95521816791457,40.75975631479902,7.0
cell_2_1,-131.00400275156008,-73.95521816791457,40.75975631479902,1.0
cell_2_2,-129.50400275156008,-73.95521816791457,40.75975631479902,12.0
cell_3_0,-157.92615643940007,-73.95521816791457,40.75975631479902,15.0
cell_3_1,-156.92615643940007,-73.95521816791457,40.75975631479902,3.0
cell_3_2,-156.42615643940007,-73.95521816791457,40.75975631479902,12.0
cell_4_0,-154.18104359311576,-73.95521816791457,40.75975631479902,4.0
cell_4_1,-156.68104359311576,-73.95521816791457,40.75975631479902,17.0
cell_4_2,-153.18104359311576,-73.95521816791457,40.75975631479902,6.0
cell_5_0,-153.26257716692106,-73.95521816791457,40.75975631479902,15.0
cell_5_1,-154.26257716692106,-73.95521816791457,40.75975631479902,17.0
cell_5_2,-150.26257716692106,-73.95521816791457,40.75975631479902,9.0
cell_1_0,-146.63630730203258,-74.05311008834967,40.75273483061077,3.0
cell_1_1,-145.13630730203258,-74.05311008834967,40.75273483061077,6.0
cell_1_2,-144.13630730203258,-74.05311008834967,40.75273483061077,8.0
cell_2_0,-158.67629182715203,-74.05311008834967,40.75273483061077,17.0
cell_2_1,-156.17629182715203,-74.05311008834967,40.75273483061077,12.0
cell_2_2,-155.17629182715203,-74.05311008834967,40.75273483061077,6.0
cell_3_0,-125.64499679081287,-74.05311008834967,40.75273483061077,7.0
cell_3_1,-130.14499679081285,-74.05311008834967,40.75273483061077,18.0
cell_3_2,-128.64499679081285,-74.05311008834967,40.75273483061077,15.0
cell_4_0,-136.52752609206505,-74.05311008834967,40.75273483061077,12.0
cell_4_1,-139.02752609206505,-74.05311008834967,40.75273483061077,17.0
cell_4_2,-139.52752609206505,-74.05311008834967,40.75273483061077,18.0
cell_5_0,-145.96397806725264,-74.05311008834967,40.75273483061077,3.0
cell_5_1,-144.96397806725264,-74.05311008834967,40.75273483061077,5.0
cell_5_2,-146.96397806725264,-74.05311008834967,40.75273483061077,15.0
cell_1_0,-150.1300386681093,-74.00962670545172,40.78571687892912,15.0
cell_1_1,-149.1300386681093,-74.00962670545172,40.78571687892912,13.0
cell_1_2,-152.6300386681093,-74.00962670545172,40.78571687892912,20.0
cell_2_0,-150.1478222495786,-74.00962670545172,40.78571687892912,14.0
cell_2_1,-147.1478222495786,-74.00962670545172,40.78571687892912,8.0
cell_2_2,-149.6478222495786,-74.00962670545172,40.78571687892912,13.0
cell_3_0,-150.70498848513947,-74.00962670545172,40.78571687892912,18.0
cell_3_1,-149.70498848513947,-74.00962670545172,40.78571687892912,0.0
cell_3_2,-150.20498848513947,-74.00962670545172,40.78571687892912,17.0
cell_4_0,-148.2657961237947,-74.00962670545172,40.78571687892912,20.0
cell_4_1,-144.2657961237947,-74.00962670545172,40.78571687892912,12.0
cell_4_2,-142.7657961237947,-74.00962670545172,40.78571687892912,7.0
cell_5_0,-127.32889800325319,-74.00962670545172,40.78571687892912,5.0
cell_5_1,-129.3288980032532,-74.00962670545172,40.78571687892912,15.0
cell_5_2,-129.3288980032532,-74.00962670545172,40.78571687892912,15.0
cell_1_0,-145.06686714596947,-74.03187963891614,40.76756257418673,2.0
cell_1_1,-144.56686714596947,-74.03187963891614,40.76756257418673,13.0
cell_1_2,-147.06686714596947,-74.03187963891614,40.76756257418673,18.0
cell_2_0,-150.7626296294173,-74.03187963891614,40.76756257418673,9.0
cell_2_1,-150.7626296294173,-74.03187963891614,40.76756257418673,7.0
cell_2_2,-153.2626296294173,-74.03187963891614,40.76756257418673,14.0
cell_3_0,-135.07566387199125,-74.03187963891614,40.76756257418673,12.0
cell_3_1,-135.07566387199125,-74.03187963891614,40.76756257418673,4.0
cell_3_2,-135.07566387199125,-74.03187963891614,40.76756257418673,4.0
cell_4_0,-134.17463953980746,-74.03187963891614,40.76756257418673,20.0
cell_4_1,-134.17463953980746,-74.03187963891614,40.76756257418673,20.0
cell_4_2,-132.17463953980746,-74.03187963891614,40.76756257418673,16.0
cell_5_0,-129.09398516932697,-74.03187963891614,40.76756257418673,8.0
cell_5_1,-132.59398516932697,-74.03187963891614,40.76756257418673,1.0
cell_5_2,-131.09398516932697,-74.03187963891614,40.76756257418673,4.0
cell_1_0,-149.45091032435946,-74.00258154555681,40.78241426622176,15.0
cell_1_1,-147.45091032435946,-74.00258154555681,40.78241426622176,11.0
cell_1_2,-147.95091032435946,-74.00258154555681,40.78241426622176,4.0
cell_2_0,-146.85623241666434,-74.00258154555681,40.78241426622176,12.0
cell_2_1,-147.35623241666434,-74.00258154555681,40.78241426622176,13.0
cell_2_2,-147.85623241666434,-74.00258154555681,40.78241426622176,14.0
cell_3_0,-146.98878358471163,-74.00258154555681,40.78241426622176,9.0
cell_3_1,-147.48878358471163,-74.00258154555681,40.78241426622176,6.0
cell_3_2,-150.98878358471163,-74.00258154555681,40.78241426622176,17.0
cell_4_0,-146.85466852713586,-74.00258154555681,40.78241426622176,16.0
cell_4_1,-144.35466852713586,-74.00258154555681,40.78241426622176,5.0
cell_4_2,-147.35466852713586,-74.00258154555681,40.78241426622176,17.0
cell_5_0,-130.16186620736408,-74.00258154555681,40.78241426622176,10.0
cell_5_1,-135.16186620736408,-74.00258154555681,40.78241426622176,20.0
cell_5_2,-129.66186620736408,-74.00258154555681,40.78241426622176,7.0
cell_1_0,-146.9148070782655,-74.01190668991705,40.78028118689551,12.0
cell_1_1,-147.9148070782655,-74.01190668991705,40.78028118689551,2.0
cell_1_2,-149.9148070782655,-74.01190668991705,40.78028118689551,18.0
cell_2_0,-148.26754110210197,-74.01190668991705,40.78028118689551,5.0
cell_2_1,-151.76754110210197,-74.01190668991705,40.78028118689551,18.0
cell_2_2,-146.76754110210197,-74.01190668991705,40.78028118689551,8.0
cell_3_0,-146.3607892571889,-74.01190668991705,40.78028118689551,13.0
cell_3_1,-145.3607892571889,-74.01190668991705,40.78028118689551,5.0
cell_3_2,-145.3607892571889,-74.01190668991705,40.78028118689551,5.0
cell_4_0,-143.30632381500936,-74.01190668991705,40.78028118689551,1.0
cell_4_1,-141.30632381500936,-74.01190668991705,40.78028118689551,5.0
cell_4_2,-142.30632381500936,-74.01190668991705,40.78028118689551,13.0
cell_5_0,-118.34836673431748,-74.01190668991705,40.78028118689551,6.0
cell_5_1,-120.34836673431748,-74.01190668991705,40.78028118689551,2.0
cell_5_2,-118.84836673431748,-74.01190668991705,40.78028118689551,11.0
cell_1_0,-147.67416942979347,-74.04171279614296,40.76581768853986,16.0
cell_1_1,-145.17416942979347,-74.04171279614296,40.76581768853986,11.0
cell_1_2,-146.17416942979347,-74.04171279614296,40.76581768853986,13.0
cell_2_0,-156.25750693314728,-74.04171279614296,40.76581768853986,16.0
cell_2_1,-155.25750693314728,-74.04171279614296,40.76581768853986,14.0
cell_2_2,-152.75750693314728,-74.04171279614296,40.76581768853986,9.0
cell_3_0,-132.00087547995952,-74.04171279614296,40.76581768853986,12.0
cell_3_1,-130.00087547995952,-74.04171279614296,40.76581768853986,8.0
cell_3_2,-130.50087547995952,-74.04171279614296,40.76581768853986,9.0
cell_4_0,-132.60360330314006,-74.04171279614296,40.76581768853986,4.0
cell_4_1,-131.10360330314006,-74.04171279614296,40.76581768853986,7.0
cell_4_2,-136.60360330314006,-74.04171279614296,40.76581768853986,20.0
cell_5_0,-141.67800954514962,-74.04171279614296,40.76581768853986,19.0
cell_5_1,-137.17800954514962,-74.04171279614296,40.76581768853986,10.0
cell_5_2,-138.17800954514962,-74.04171279614296,40.76581768853986,4.0
cell_1_0,-122.43917728295922,-74.02213144899522,40.73519149154377,13.0
cell_1_1,-125.93917728295922,-74.02213144899522,40.73519149154377,20.0
cell_1_2,-121.43917728295922,-74.02213144899522,40.73519149154377,5.0
cell_2_0,-149.01405034947203,-74.02213144899522,40.73519149154377,10.0
cell_2_1,-150.51405034947203,-74.02213144899522,40.73519149154377,13.0
cell_2_2,-152.01405034947203,-74.02213144899522,40.73519149154377,0.0
cell_3_0,-139.9022041793172,-74.02213144899522,40.73519149154377,19.0
cell_3_1,-137.9022041793172,-74.02213144899522,40.73519149154377,15.0
cell_3_2,-135.9022041793172,-74.02213144899522,40.73519149154377,11.0
cell_4_0,-133.09788916029302,-74.02213144899522,40.73519149154377,4.0
cell_4_1,-132.09788916029302,-74.02213144899522,40.73519149154377,10.0
cell_4_2,-134.09788916029302,-74.02213144899522,40.73519149154377,14.0
cell_5_0,-146.66257596260778,-74.02213144899522,40.73519149154377,0.0
cell_5_1,-143.16257596260778,-74.02213144899522,40.73519149154377,7.0
cell_5_2,-144.16257596260778,-74.02213144899522,40.73519149154377,11.0
cell_1_0,-134.9096180946173,-74.03046594702333,40.735524450145114,18.0
cell_1_1,-135.4096180946173,-74.03046594702333,40.735524450145114,19.0
cell_1_2,-131.4096180946173,-74.03046594702333,40.735524450145114,11.0
cell_2_0,-149.99597341732064,-74.03046594702333,40.735524450145114,8.0
cell_2_1,-150.49597341732064,-74.03046594702333,40.735524450145114,9.0
cell_2_2,-155.99597341732064,-74.03046594702333,40.735524450145114,20.0
cell_3_0,-130.4755938380643,-74.03046594702333,40.735524450145114,10.0
cell_3_1,-134.4755938380643,-74.03046594702333,40.735524450145114,18.0
cell_3_2,-132.9755938380643,-74.03046594702333,40.735524450145114,1.0
cell_4_0,-131.46096321545338,-74.03046594702333,40.735524450145114,12.0
cell_4_1,-129.46096321545338,-74.03046594702333,40.735524450145114,8.0
cell_4_2,-129.96096321545338,-74.03046594702333,40.735524450145114,7.0
cell_5_0,-143.2334510843015,-74.03046594702333,40.735524450145114,8.0
cell_5_1,-148.7334510843015,-74.03046594702333,40.735524450145114,19.0
cell_5_2,-143.2334510843015,-74.03046594702333,40.735524450145114,8.0
cell_1_0,-145.35644432264752,-74.01997604489462,40.77124333190905,1.0
cell_1_1,-145.85644432264752,-74.01997604489462,40.77124333190905,0.0
cell_1_2,-146.85644432264752,-74.01997604489462,40.77124333190905,18.0
cell_2_0,-149.67347446087322,-74.01997604489462,40.77124333190905,12.0
cell_2_1,-150.67347446087322,-74.01997604489462,40.77124333190905,14.0
cell_2_2,-149.67347446087322,-74.01997604489462,40.77124333190905,4.0
cell_3_0,-144.37127214941705,-74.01997604489462,40.77124333190905,19.0
cell_3_1,-142.87127214941705,-74.01997604489462,40.77124333190905,16.0
cell_3_2,-144.87127214941705,-74.01997604489462,40.77124333190905,20.0
cell_4_0,-135.07392289862517,-74.01997604489462,40.77124333190905,4.0
cell_4_1,-136.07392289862517,-74.01997604489462,40.77124333190905,14.0
cell_4_2,-136.07392289862517,-74.01997604489462,40.77124333190905,14.0
cell_5_0,-112.70072123338197,-74.01997604489462,40.77124333190905,14.0
cell_5_1,-113.20072123338197,-74.01997604489462,40.77124333190905,1.0
cell_5_2,-112.70072123338197,-74.01997604489462,40.77124333190905,2.0
cell_1_0,-147.10779917246091,-74.04387456238904,40.75524630850125,19.0
cell_1_1,-142.60779917246091,-74.04387456238904,40.75524630850125,6.0
cell_1_2,-143.10779917246091,-74.04387456238904,40.75524630850125,11.0
cell_2_0,-157.94845244915442,-74.04387456238904,40.75524630850125,19.0
cell_2_1,-153.44845244915442,-74.04387456238904,40.75524630850125,6.0
cell_2_2,-153.94845244915442,-74.04387456238904,40.75524630850125,5.0
cell_3_0,-117.32817178881194,-74.04387456238904,40.75524630850125,9.0
cell_3_1,-118.82817178881194,-74.04387456238904,40.75524630850125,4.0
cell_3_2,-121.82817178881194,-74.04387456238904,40.75524630850125,18.0
cell_4_0,-128.22681872836995,-74.04387456238904,40.75524630850125,10.0
cell_4_1,-129.72681872836995,-74.04387456238904,40.75524630850125,13.0
cell_4_2,-130.72681872836995,-74.04387456238904,40.75524630850125,1.0
cell_5_0,-143.78559471175745,-74.04387456238904,40.75524630850125,16.0
cell_5_1,-139.78559471175745,-74.04387456238904,40.75524630850125,8.0
cell_5_2,-142.78559471175745,-74.04387456238904,40.75524630850125,2.0
cell_1_0,-136.03842267696842,-73.99064429370428,40.73200475282914,4.0
cell_1_1,-139.53842267696842,-73.99064429370428,40.73200475282914,19.0
cell_1_2,-138.03842267696842,-73.99064429370428,40.73200475282914,0.0
cell_2_0,-141.47555102739398,-73.99064429370428,40.73200475282914,14.0
cell_2_1,-142.47555102739398,-73.99064429370428,40.73200475282914,0.0
cell_2_2,-141.47555102739398,-73.99064429370428,40.73200475282914,2.0
cell_3_0,-149.98851248744657,-73.99064429370428,40.73200475282914,2.0
cell_3_1,-150.98851248744657,-73.99064429370428,40.73200475282914,16.0
cell_3_2,-151.48851248744657,-73.99064429370428,40.73200475282914,17.0
cell_4_0,-145.1066235572311,-73.99064429370428,40.73200475282914,10.0
cell_4_1,-148.1066235572311,-73.99064429370428,40.73200475282914,0.0
cell_4_2,-145.1066235572311,-73.99064429370428,40.73200475282914,6.0
cell_5_0,-147.1909887869416,-73.99064429370428,40.73200475282914,10.0
cell_5_1,-151.1909887869416,-73.99064429370428,40.73200475282914,18.0
cell_5_2,-150.6909887869416,-73.99064429370428,40.73200475282914,17.0
cell_1_0,-146.57853193684957,-74.05672363871024,40.740139196917326,3.0
cell_1_1,-146.57853193684957,-74.05672363871024,40.740139196917326,13.0
cell_1_2,-148.07853193684957,-74.05672363871024,40.740139196917326,0.0
cell_2_0,-157.44007619697652,-74.05672363871024,40.740139196917326,3.0
cell_2_1,-157.94007619697652,-74.05672363871024,40.740139196917326,14.0
cell_2_2,-158.44007619697652,-74.05672363871024,40.740139196917326,15.0
cell_3_0,-132.65686293598813,-74.05672363871024,40.740139196917326,13.0
cell_3_1,-136.15686293598813,-74.05672363871024,40.740139196917326,20.0
cell_3_2,-135.15686293598813,-74.05672363871024,40.740139196917326,18.0
cell_4_0,-140.10438180928298,-74.05672363871024,40.740139196917326,4.0
cell_4_1,-143.60438180928298,-74.05672363871024,40.740139196917326,19.0
cell_4_2,-141.10438180928298,-74.05672363871024,40.740139196917326,14.0
cell_5_0,-151.3251165563048,-74.05672363871024,40.740139196917326,17.0
cell_5_1,-150.3251165563048,-74.05672363871024,40.740139196917326,1.0
cell_5_2,-151.3251165563048,-74.05672363871024,40.740139196917326,17.0
cell_1_0,-134.83038701169423,-74.01354260086866,40.75351690344892,2.0
cell_1_1,-132.83038701169423,-74.01354260086866,40.75351690344892,6.0
cell_1_2,-131.83038701169423,-74.01354260086866,40.75351690344892,8.0
cell_2_0,-147.21410664959805,-74.01354260086866,40.75351690344892,13.0
cell_2_1,-146.21410664959805,-74.01354260086866,40.75351690344892,5.0
cell_2_2,-148.21410664959805,-74.01354260086866,40.75351690344892,1.0
cell_3_0,-138.81744131935523,-74.01354260086866,40.75351690344892,5.0
cell_3_1,-140.81744131935523,-74.01354260086866,40.75351690344892,15.0
cell_3_2,-138.31744131935523,-74.01354260086866,40.75351690344892,6.0
cell_4_0,-129.90913540632454,-74.01354260086866,40.75351690344892,10.0
cell_4_1,-131.40913540632454,-74.01354260086866,40.75351690344892,3.0
cell_4_2,-131.40913540632454,-74.01354260086866,40.75351690344892,13.0
cell_5_0,-133.86170263417802,-74.01354260086866,40.75351690344892,9.0
cell_5_1,-136.86170263417802,-74.01354260086866,40.75351690344892,15.0
cell_5_2,-134.36170263417802,-74.01354260086866,40.75351690344892,6.0
cell_1_0,-134.9159241604412,-74.03148702108658,40.74708841225734,10.0
cell_1_1,-137.4159241604412,-74.03148702108658,40.74708841225734,15.0
cell_1_2,-138.9159241604412,-74.03148702108658,40.74708841225734,18.0
cell_2_0,-153.27901831201933,-74.03148702108658,40.74708841225734,1.0
cell_2_1,-151.27901831201933,-74.03148702108658,40.74708841225734,11.0
cell_2_2,-154.27901831201933,-74.03148702108658,40.74708841225734,17.0
cell_3_0,-121.83013219572521,-74.03148702108658,40.74708841225734,7.0
cell_3_1,-121.33013219572521,-74.03148702108658,40.74708841225734,8.0
cell_3_2,-123.83013219572521,-74.03148702108658,40.74708841225734,3.0
cell_4_0,-115.02240025600646,-74.03148702108658,40.74708841225734,13.0
cell_4_1,-114.02240025600646,-74.03148702108658,40.74708841225734,5.0
cell_4_2,-116.52240025600646,-74.03148702108658,40.74708841225734,0.0
cell_5_0,-138.908432366505,-74.03148702108658,40.74708841225734,8.0
cell_5_1,-140.408432366505,-74.03148702108658,40.74708841225734,11.0
cell_5_2,-141.408432366505,-74.03148702108658,40.74708841225734,3.0
cell_1_0,-142.30095281599256,-74.04906834807322,40.746002475519816,7.0
cell_1_1,-142.30095281599256,-74.04906834807322,40.746002475519816,7.0
cell_1_2,-146.30095281599256,-74.04906834807322,40.746002475519816,17.0
cell_2_0,-154.97943176628146,-74.04906834807322,40.746002475519816,11.0
cell_2_1,-153.97943176628146,-74.04906834807322,40.746002475519816,9.0
cell_2_2,-155.97943176628146,-74.04906834807322,40.746002475519816,3.0
cell_3_0,-119.08369147205478,-74.04906834807322,40.746002475519816,7.0
cell_3_1,-122.08369147205478,-74.04906834807322,40.746002475519816,15.0
cell_3_2,-119.08369147205478,-74.04906834807322,40.746002475519816,9.0
cell_4_0,-132.40724046708104,-74.04906834807322,40.746002475519816,8.0
cell_4_1,-134.40724046708104,-74.04906834807322,40.746002475519816,12.0
cell_4_2,-132.90724046708104,-74.04906834807322,40.746002475519816,9.0
cell_5_0,-145.75755856846146,-74.04906834807322,40.746002475519816,12.0
cell_5_1,-145.25755856846146,-74.04906834807322,40.746002475519816,11.0
cell_5_2,-144.75755856846146,-74.04906834807322,40.746002475519816,6.0
cell_1_0,-143.81071633254265,-74.04449275107417,40.74503578457536,16.0
cell_1_1,-143.31071633254265,-74.04449275107417,40.74503578457536,1.0
cell_1_2,-140.81071633254265,-74.04449275107417,40.74503578457536,6.0
cell_2_0,-157.119974221428,-74.04449275107417,40.74503578457536,17.0
cell_2_1,-154.119974221428,-74.04449275107417,40.74503578457536,11.0
cell_2_2,-155.119974221428,-74.04449275107417,40.74503578457536,13.0
cell_3_0,-112.63989913915493,-74.04449275107417,40.74503578457536,3.0
cell_3_1,-113.63989913915493,-74.04449275107417,40.74503578457536,15.0
cell_3_2,-113.63989913915493,-74.04449275107417,40.74503578457536,15.0
cell_4_0,-131.1894810297676,-74.04449275107417,40.74503578457536,4.0
cell_4_1,-132.1894810297676,-74.04449275107417,40.74503578457536,14.0
cell_4_2,-130.1894810297676,-74.04449275107417,40.74503578457536,6.0
cell_5_0,-146.32437007375773,-74.04449275107417,40.74503578457536,1.0
cell_5_1,-148.32437007375773,-74.04449275107417,40.74503578457536,19.0
cell_5_2,-145.32437007375773,-74.04449275107417,40.74503578457536,3.0
cell_1_0,-150.1149668450715,-74.0074526698242,40.78377686244652,0.0
cell_1_1,-148.6149668450715,-74.0074526698242,40.78377686244652,3.0
cell_1_2,-150.1149668450715,-74.0074526698242,40.78377686244652,16.0
cell_2_0,-147.80171146057424,-74.0074526698242,40.78377686244652,5.0
cell_2_1,-148.30171146057424,-74.0074526698242,40.78377686244652,4.0
cell_2_2,-148.80171146057424,-74.0074526698242,40.78377686244652,3.0
cell_3_0,-146.20886711530142,-74.0074526698242,40.78377686244652,7.0
cell_3_1,-147.20886711530142,-74.0074526698242,40.78377686244652,5.0
cell_3_2,-148.20886711530142,-74.0074526698242,40.78377686244652,3.0
cell_4_0,-146.59392733983424,-74.0074526698242,40.78377686244652,17.0
cell_4_1,-144.59392733983424,-74.0074526698242,40.78377686244652,13.0
cell_4_2,-146.09392733983424,-74.0074526698242,40.78377686244652,0.0
cell_5_0,-126.31022353057396,-74.0074526698242,40.78377686244652,9.0
cell_5_1,-127.81022353057396,-74.0074526698242,40.78377686244652,4.0
cell_5_2,-130.81022353057398,-74.0074526698242,40.78377686244652,18.0
cell_1_0,-120.75186139477992,-74.01924018172802,40.72696863772612,7.0
cell_1_1,-124.25186139477992,-74.01924018172802,40.72696863772612,0.0
cell_1_2,-124.75186139477992,-74.01924018172802,40.72696863772612,17.0
cell_2_0,-152.6029287578963,-74.01924018172802,40.72696863772612,17.0
cell_2_1,-152.6029287578963,-74.01924018172802,40.72696863772612,17.0
cell_2_2,-151.6029287578963,-74.01924018172802,40.72696863772612,1.0
cell_3_0,-141.14866506313572,-74.01924018172802,40.72696863772612,3.0
cell_3_1,-140.14866506313572,-74.01924018172802,40.72696863772612,5.0
cell_3_2,-138.64866506313572,-74.01924018172802,40.72696863772612,8.0
cell_4_0,-137.40470194420135,-74.01924018172802,40.72696863772612,7.0
cell_4_1,-139.90470194420135,-74.01924018172802,40.72696863772612,2.0
cell_4_2,-137.90470194420135,-74.01924018172802,40.72696863772612,10.0
cell_5_0,-151.4216355776514,-74.01924018172802,40.72696863772612,20.0
cell_5_1,-148.9216355776514,-74.01924018172802,40.72696863772612,1.0
cell_5_2,-149.4216355776514,-74.01924018172802,40.72696863772612,16.0
cell_1_0,-132.24268427333837,-74.02532972818975,40.74360578972405,16.0
cell_1_1,-128.74268427333837,-74.02532972818975,40.74360578972405,9.0
cell_1_2,-131.74268427333837,-74.02532972818975,40.74360578972405,15.0
cell_2_0,-152.84902783412113,-74.02532972818975,40.74360578972405,17.0
cell_2_1,-153.34902783412113,-74.02532972818975,40.74360578972405,18.0
cell_2_2,-150.34902783412113,-74.02532972818975,40.74360578972405,4.0
cell_3_0,-134.80290867633585,-74.02532972818975,40.74360578972405,19.0
cell_3_1,-131.30290867633585,-74.02532972818975,40.74360578972405,4.0
cell_3_2,-131.30290867633585,-74.02532972818975,40.74360578972405,4.0
cell_4_0,-127.15289625611537,-74.02532972818975,40.74360578972405,20.0
cell_4_1,-125.15289625611537,-74.02532972818975,40.74360578972405,16.0
cell_4_2,-124.65289625611537,-74.02532972818975,40.74360578972405,1.0
cell_5_0,-144.4210293388195,-74.02532972818975,40.74360578972405,18.0
cell_5_1,-142.9210293388195,-74.02532972818975,40.74360578972405,1.0
cell_5_2,-142.9210293388195,-74.02532972818975,40.74360578972405,15.0
cell_1_0,-141.90869485715115,-74.0368267079611,40.75753231254044,4.0
cell_1_1,-141.40869485715115,-74.0368267079611,40.75753231254044,5.0
cell_1_2,-140.90869485715115,-74.0368267079611,40.75753231254044,6.0
cell_2_0,-154.5059926208161,-74.0368267079611,40.75753231254044,1.0
cell_2_1,-156.5059926208161,-74.0368267079611,40.75753231254044,19.0
cell_2_2,-156.0059926208161,-74.0368267079611,40.75753231254044,18.0
cell_3_0,-125.25373762619101,-74.0368267079611,40.75753231254044,15.0
cell_3_1,-124.25373762619101,-74.0368267079611,40.75753231254044,13.0
cell_3_2,-124.25373762619101,-74.0368267079611,40.75753231254044,3.0
cell_4_0,-120.24046186093477,-74.0368267079611,40.75753231254044,7.0
cell_4_1,-121.24046186093477,-74.0368267079611,40.75753231254044,5.0
cell_4_2,-122.24046186093477,-74.0368267079611,40.75753231254044,3.0
cell_5_0,-137.21977337074281,-74.0368267079611,40.75753231254044,10.0
cell_5_1,-137.71977337074281,-74.0368267079611,40.75753231254044,11.0
cell_5_2,-141.21977337074281,-74.0368267079611,40.75753231254044,18.0
cell_1_0,-143.64401546208623,-74.04295655091654,40.73491411465102,19.0
cell_1_1,-143.14401546208623,-74.04295655091654,40.73491411465102,18.0
cell_1_2,-138.14401546208623,-74.04295655091654,40.73491411465102,8.0
cell_2_0,-156.1328609365446,-74.04295655091654,40.73491411465102,1.0
cell_2_1,-155.1328609365446,-74.04295655091654,40.73491411465102,13.0
cell_2_2,-157.1328609365446,-74.04295655091654,40.73491411465102,17.0
cell_3_0,-131.78891292896878,-74.04295655091654,40.73491411465102,19.0
cell_3_1,-129.28891292896878,-74.04295655091654,40.73491411465102,14.0
cell_3_2,-128.78891292896878,-74.04295655091654,40.73491411465102,13.0
cell_4_0,-136.97915933812277,-74.04295655091654,40.73491411465102,15.0
cell_4_1,-138.97915933812277,-74.04295655091654,40.73491411465102,19.0
cell_4_2,-136.47915933812277,-74.04295655091654,40.73491411465102,14.0
cell_5_0,-148.2863246585485,-74.04295655091654,40.73491411465102,14.0
cell_5_1,-150.7863246585485,-74.04295655091654,40.73491411465102,19.0
cell_5_2,-147.2863246585485,-74.04295655091654,40.73491411465102,12.0
cell_1_0,-147.49129360418752,-73.97635486111533,40.764905054223625,4.0
cell_1_1,-151.49129360418752,-73.97635486111533,40.764905054223625,20.0
cell_1_2,-146.49129360418752,-73.97635486111533,40.764905054223625,6.0
cell_2_0,-134.24515694798345,-73.97635486111533,40.764905054223625,20.0
cell_2_1,-130.24515694798345,-73.97635486111533,40.764905054223625,4.0
cell_2_2,-128.74515694798345,-73.97635486111533,40.764905054223625,9.0
cell_3_0,-152.48359608030734,-73.97635486111533,40.764905054223625,12.0
cell_3_1,-155.98359608030734,-73.97635486111533,40.764905054223625,19.0
cell_3_2,-153.98359608030734,-73.97635486111533,40.764905054223625,15.0
cell_4_0,-150.94401565650156,-73.97635486111533,40.764905054223625,1.0
cell_4_1,-151.44401565650156,-73.97635486111533,40.764905054223625,0.0
cell_4_2,-150.94401565650156,-73.97635486111533,40.764905054223625,15.0
cell_5_0,-145.42785158708637,-73.97635486111533,40.764905054223625,4.0
cell_5_1,-147.42785158708637,-73.97635486111533,40.764905054223625,0.0
cell_5_2,-146.92785158708637,-73.97635486111533,40.764905054223625,15.0
cell_1_0,-126.69411456371562,-74.00937941475256,40.72225815789531,4.0
cell_1_1,-127.69411456371562,-74.00937941475256,40.72225815789531,2.0
cell_1_2,-125.69411456371562,-74.00937941475256,40.72225815789531,10.0
cell_2_0,-148.89338000634532,-74.00937941475256,40.72225815789531,3.0
cell_2_1,-151.89338000634532,-74.00937941475256,40.72225815789531,19.0
cell_2_2,-147.39338000634532,-74.00937941475256,40.72225815789531,6.0
cell_3_0,-144.61596113892662,-74.00937941475256,40.72225815789531,11.0
cell_3_1,-145.61596113892662,-74.00937941475256,40.72225815789531,3.0
cell_3_2,-144.61596113892662,-74.00937941475256,40.72225815789531,11.0
cell_4_0,-147.16453310857983,-74.00937941475256,40.72225815789531,20.0
cell_4_1,-142.66453310857983,-74.00937941475256,40.72225815789531,11.0
cell_4_2,-146.16453310857983,-74.00937941475256,40.72225815789531,18.0
cell_5_0,-149.5001761688597,-74.00937941475256,40.72225815789531,13.0
cell_5_1,-150.5001761688597,-74.00937941475256,40.72225815789531,15.0
cell_5_2,-148.0001761688597,-74.00937941475256,40.72225815789531,6.0
cell_1_0,-144.04513613993072,-74.0313819845096,40.762285525643705,0.0
cell_1_1,-144.54513613993072,-74.0313819845096,40.762285525643705,17.0
cell_1_2,-140.54513613993072,-74.0313819845096,40.762285525643705,7.0
cell_2_0,-149.9051104438095,-74.0313819845096,40.762285525643705,8.0
cell_2_1,-152.9051104438095,-74.0313819845096,40.762285525643705,2.0
cell_2_2,-151.4051104438095,-74.0313819845096,40.762285525643705,11.0
cell_3_0,-132.15005955140202,-74.0313819845096,40.762285525643705,3.0
cell_3_1,-133.65005955140202,-74.0313819845096,40.762285525643705,16.0
cell_3_2,-132.15005955140202,-74.0313819845096,40.762285525643705,3.0
cell_4_0,-124.78948754600026,-74.0313819845096,40.762285525643705,2.0
cell_4_1,-123.78948754600026,-74.0313819845096,40.762285525643705,12.0
cell_4_2,-123.78948754600026,-74.0313819845096,40.762285525643705,12.0
cell_5_0,-135.31104058720703,-74.0313819845096,40.762285525643705,16.0
cell_5_1,-131.81104058720703,-74.0313819845096,40.762285525643705,9.0
cell_5_2,-135.31104058720703,-74.0313819845096,40.762285525643705,16.0
cell_1_0,-136.4727397554207,-74.00987058785581,40.75408467696935,0.0
cell_1_1,-136.4727397554207,-74.00987058785581,40.75408467696935,16.0
cell_1_2,-133.4727397554207,-74.00987058785581,40.75408467696935,10.0
cell_2_0,-144.4531202305686,-74.00987058785581,40.75408467696935,6.0
cell_2_1,-143.9531202305686,-74.00987058785581,40.75408467696935,7.0
cell_2_2,-143.9531202305686,-74.00987058785581,40.75408467696935,9.0
cell_3_0,-143.70143731426646,-74.00987058785581,40.75408467696935,17.0
cell_3_1,-142.70143731426646,-74.00987058785581,40.75408467696935,15.0
cell_3_2,-144.20143731426646,-74.00987058785581,40.75408467696935,18.0
cell_4_0,-133.04283551347302,-74.00987058785581,40.75408467696935,10.0
cell_4_1,-132.54283551347302,-74.00987058785581,40.75408467696935,7.0
cell_4_2,-136.54283551347302,-74.00987058785581,40.75408467696935,17.0
cell_5_0,-135.12478668247365,-74.00987058785581,40.75408467696935,11.0
cell_5_1,-135.12478668247365,-74.00987058785581,40.75408467696935,5.0
cell_5_2,-134.12478668247365,-74.00987058785581,40.75408467696935,9.0
cell_1_0,-106.85439430434504,-74.01610717387724,40.732935511956285,1.0
cell_1_1,-105.85439430434504,-74.01610717387724,40.732935511956285,13.0
cell_1_2,-108.85439430434504,-74.01610717387724,40.732935511956285,19.0
cell_2_0,-150.13351197784766,-74.01610717387724,40.732935511956285,15.0
cell_2_1,-149.13351197784766,-74.01610717387724,40.732935511956285,3.0
cell_2_2,-147.13351197784766,-74.01610717387724,40.732935511956285,9.0
cell_3_0,-142.5377304604113,-74.01610717387724,40.732935511956285,17.0
cell_3_1,-141.5377304604113,-74.01610717387724,40.732935511956285,1.0
cell_3_2,-142.5377304604113,-74.01610717387724,40.732935511956285,17.0
cell_4_0,-135.6676428885072,-74.01610717387724,40.732935511956285,6.0
cell_4_1,-135.6676428885072,-74.01610717387724,40.732935511956285,6.0
cell_4_2,-138.6676428885072,-74.01610717387724,40.732935511956285,16.0
cell_5_0,-149.39286738932148,-74.01610717387724,40.732935511956285,20.0
cell_5_1,-143.89286738932148,-74.01610717387724,40.732935511956285,9.0
cell_5_2,-146.89286738932148,-74.01610717387724,40.732935511956285,15.0
cell_1_0,-140.68949535787533,-74.00953409270804,40.76250533508391,2.0
cell_1_1,-142.18949535787533,-74.00953409270804,40.76250533508391,17.0
cell_1_2,-137.68949535787533,-74.00953409270804,40.76250533508391,8.0
cell_2_0,-147.7789356803075,-74.00953409270804,40.76250533508391,0.0
cell_2_1,-143.7789356803075,-74.00953409270804,40.76250533508391,8.0
cell_2_2,-145.7789356803075,-74.00953409270804,40.76250533508391,4.0
cell_3_0,-142.9885775417466,-74.00953409270804,40.76250533508391,13.0
cell_3_1,-142.4885775417466,-74.00953409270804,40.76250533508391,4.0
cell_3_2,-141.4885775417466,-74.00953409270804,40.76250533508391,6.0
cell_4_0,-138.97400612925352,-74.00953409270804,40.76250533508391,18.0
cell_4_1,-135.97400612925352,-74.00953409270804,40.76250533508391,12.0
cell_4_2,-137.47400612925352,-74.00953409270804,40.76250533508391,15.0
cell_5_0,-130.8269594845938,-74.00953409270804,40.76250533508391,1.0
cell_5_1,-129.3269594845938,-74.00953409270804,40.76250533508391,12.0
cell_5_2,-127.3269594845938,-74.00953409270804,40.76250533508391,8.0
cell_1_0,-131.8006970564789,-74.01701152716564,40.7489922520803,15.0
cell_1_1,-130.8006970564789,-74.01701152716564,40.7489922520803,3.0
cell_1_2,-130.3006970564789,-74.01701152716564,40.7489922520803,4.0
cell_2_0,-151.34458691799261,-74.01701152716564,40.7489922520803,19.0
cell_2_1,-146.84458691799261,-74.01701152716564,40.7489922520803,10.0
cell_2_2,-146.84458691799261,-74.01701152716564,40.7489922520803,6.0
cell_3_0,-138.03427300004617,-74.01701152716564,40.7489922520803,2.0
cell_3_1,-135.53427300004617,-74.01701152716564,40.7489922520803,7.0
cell_3_2,-135.03427300004617,-74.01701152716564,40.7489922520803,8.0
cell_4_0,-126.68727496182268,-74.01701152716564,40.7489922520803,6.0
cell_4_1,-130.18727496182268,-74.01701152716564,40.7489922520803,17.0
cell_4_2,-125.68727496182268,-74.01701152716564,40.7489922520803,8.0
cell_5_0,-138.55732786358195,-74.01701152716564,40.7489922520803,3.0
cell_5_1,-136.05732786358195,-74.01701152716564,40.7489922520803,8.0
cell_5_2,-140.05732786358195,-74.01701152716564,40.7489922520803,0.0
cell_1_0,-147.16536657396887,-73.98765617521181,40.775389373075654,11.0
cell_1_1,-145.66536657396887,-73.98765617521181,40.775389373075654,8.0
cell_1_2,-145.66536657396887,-73.98765617521181,40.775389373075654,8.0
cell_2_0,-140.13491376259708,-73.98765617521181,40.775389373075654,11.0
cell_2_1,-140.63491376259708,-73.98765617521181,40.775389373075654,4.0
cell_2_2,-142.63491376259708,-73.98765617521181,40.775389373075654,16.0
cell_3_0,-152.81475181267572,-73.98765617521181,40.775389373075654,0.0
cell_3_1,-150.31475181267572,-73.98765617521181,40.775389373075654,5.0
cell_3_2,-151.31475181267572,-73.98765617521181,40.775389373075654,3.0
cell_4_0,-149.91608106206954,-73.98765617521181,40.775389373075654,17.0
cell_4_1,-146.91608106206954,-73.98765617521181,40.775389373075654,5.0
cell_4_2,-151.41608106206954,-73.98765617521181,40.775389373075654,20.0
cell_5_0,-141.56874424490195,-73.98765617521181,40.775389373075654,1.0
cell_5_1,-142.06874424490195,-73.98765617521181,40.775389373075654,0.0
cell_5_2,-142.06874424490195,-73.98765617521181,40.775389373075654,0.0
cell_1_0,-147.49992055561802,-74.02616302674798,40.774156735148445,16.0
cell_1_1,-145.49992055561802,-74.02616302674798,40.774156735148445,4.0
cell_1_2,-147.49992055561802,-74.02616302674798,40.774156735148445,16.0
cell_2_0,-151.93008177737534,-74.02616302674798,40.774156735148445,13.0
cell_2_1,-149.43008177737534,-74.02616302674798,40.774156735148445,8.0
cell_2_2,-149.93008177737534,-74.02616302674798,40.774156735148445,7.0
cell_3_0,-142.19062772818182,-74.02616302674798,40.774156735148445,16.0
cell_3_1,-138.69062772818182,-74.02616302674798,40.774156735148445,7.0
cell_3_2,-140.69062772818182,-74.02616302674798,40.774156735148445,13.0
cell_4_0,-139.67075992402317,-74.02616302674798,40.774156735148445,20.0
cell_4_1,-136.67075992402317,-74.02616302674798,40.774156735148445,2.0
cell_4_2,-134.67075992402317,-74.02616302674798,40.774156735148445,10.0
cell_5_0,-121.92839220977655,-74.02616302674798,40.774156735148445,12.0
cell_5_1,-125.42839220977655,-74.02616302674798,40.774156735148445,19.0
cell_5_2,-123.92839220977655,-74.02616302674798,40.774156735148445,0.0
cell_1_0,-136.28355570357982,-74.0280989935628,40.754566225636346,9.0
cell_1_1,-137.78355570357982,-74.0280989935628,40.754566225636346,4.0
cell_1_2,-137.78355570357982,-74.0280989935628,40.754566225636346,12.0
cell_2_0,-152.91714171694514,-74.0280989935628,40.754566225636346,16.0
cell_2_1,-149.91714171694514,-74.0280989935628,40.754566225636346,6.0
cell_2_2,-150.41714171694514,-74.0280989935628,40.754566225636346,5.0
cell_3_0,-133.22609739970872,-74.0280989935628,40.754566225636346,20.0
cell_3_1,-130.72609739970872,-74.0280989935628,40.754566225636346,15.0
cell_3_2,-129.22609739970872,-74.0280989935628,40.754566225636346,4.0
cell_4_0,-102.58025447781786,-74.0280989935628,40.754566225636346,7.0
cell_4_1,-106.08025447781786,-74.0280989935628,40.754566225636346,0.0
cell_4_2,-105.58025447781786,-74.0280989935628,40.754566225636346,1.0
cell_5_0,-135.7853029683058,-74.0280989935628,40.754566225636346,5.0
cell_5_1,-140.2853029683058,-74.0280989935628,40.754566225636346,20.0
cell_5_2,-134.7853029683058,-74.0280989935628,40.754566225636346,7.0
cell_1_0,-129.21809482403785,-74.02818677000448,40.73491059553442,5.0
cell_1_1,-129.71809482403785,-74.02818677000448,40.73491059553442,4.0
cell_1_2,-131.71809482403785,-74.02818677000448,40.73491059553442,16.0
cell_2_0,-152.51054090698264,-74.02818677000448,40.73491059553442,14.0
cell_2_1,-150.01054090698264,-74.02818677000448,40.73491059553442,9.0
cell_2_2,-152.01054090698264,-74.02818677000448,40.73491059553442,13.0
cell_3_0,-131.16894412673656,-74.02818677000448,40.73491059553442,8.0
cell_3_1,-131.66894412673656,-74.02818677000448,40.73491059553442,9.0
cell_3_2,-131.66894412673656,-74.02818677000448,40.73491059553442,9.0
cell_4_0,-130.54727374251155,-74.02818677000448,40.73491059553442,9.0
cell_4_1,-133.54727374251155,-74.02818677000448,40.73491059553442,1.0
cell_4_2,-133.04727374251155,-74.02818677000448,40.73491059553442,2.0
cell_5_0,-147.70507031139405,-74.02818677000448,40.73491059553442,17.0
cell_5_1,-144.70507031139405,-74.02818677000448,40.73491059553442,5.0
cell_5_2,-145.70507031139405,-74.02818677000448,40.73491059553442,3.0
cell_1_0,-146.24178063926354,-74.0208092944409,40.780703421342544,6.0
cell_1_1,-145.24178063926354,-74.0208092944409,40.780703421342544,8.0
cell_1_2,-146.74178063926354,-74.0208092944409,40.780703421342544,5.0
cell_2_0,-152.39831869481577,-74.0208092944409,40.780703421342544,1.0
cell_2_1,-150.39831869481577,-74.0208092944409,40.780703421342544,11.0
cell_2_2,-151.89831869481577,-74.0208092944409,40.780703421342544,2.0
cell_3_0,-143.95472568121028,-74.0208092944409,40.780703421342544,4.0
cell_3_1,-147.95472568121028,-74.0208092944409,40.780703421342544,20.0
cell_3_2,-147.95472568121028,-74.0208092944409,40.780703421342544,20.0
cell_4_0,-142.16540018254432,-74.0208092944409,40.780703421342544,0.0
cell_4_1,-139.16540018254432,-74.0208092944409,40.780703421342544,6.0
cell_4_2,-138.66540018254432,-74.0208092944409,40.780703421342544,9.0
cell_5_0,-115.76696672018748,-74.0208092944409,40.780703421342544,8.0
cell_5_1,-117.76696672018748,-74.0208092944409,40.780703421342544,12.0
cell_5_2,-118.76696672018748,-74.0208092944409,40.780703421342544,2.0
cell_1_0,-145.55648281269444,-74.05297642572936,40.74429189747101,13.0
cell_1_1,-146.05648281269444,-74.05297642572936,40.74429189747101,14.0
cell_1_2,-148.55648281269444,-74.05297642572936,40.74429189747101,19.0
cell_2_0,-157.71384421253705,-74.05297642572936,40.74429189747101,15.0
cell_2_1,-154.71384421253705,-74.05297642572936,40.74429189747101,9.0
cell_2_2,-154.71384421253705,-74.05297642572936,40.74429189747101,7.0
cell_3_0,-127.92435932312756,-74.05297642572936,40.74429189747101,2.0
cell_3_1,-128.42435932312756,-74.05297642572936,40.74429189747101,15.0
cell_3_2,-128.42435932312756,-74.05297642572936,40.74429189747101,15.0
cell_4_0,-139.28585672208487,-74.05297642572936,40.74429189747101,0.0
cell_4_1,-140.28585672208487,-74.05297642572936,40.74429189747101,18.0
cell_4_2,-138.28585672208487,-74.05297642572936,40.74429189747101,2.0
cell_5_0,-145.63001864209372,-74.05297642572936,40.74429189747101,9.0
cell_5_1,-145.63001864209372,-74.05297642572936,40.74429189747101,7.0
cell_5_2,-149.63001864209372,-74.05297642572936,40.74429189747101,17.0
cell_1_0,-149.90857217957182,-74.001500012388,40.78548238427167,14.0
cell_1_1,-152.90857217957182,-74.001500012388,40.78548238427167,20.0
cell_1_2,-149.40857217957182,-74.001500012388,40.78548238427167,3.0
cell_2_0,-150.2780303914932,-74.001500012388,40.78548238427167,18.0
cell_2_1,-150.2780303914932,-74.001500012388,40.78548238427167,18.0
cell_2_2,-146.2780303914932,-74.001500012388,40.78548238427167,6.0
cell_3_0,-148.8113002954009,-74.001500012388,40.78548238427167,11.0
cell_3_1,-149.8113002954009,-74.001500012388,40.78548238427167,3.0
cell_3_2,-150.3113002954009,-74.001500012388,40.78548238427167,14.0
cell_4_0,-145.94804261051303,-74.001500012388,40.78548238427167,4.0
cell_4_1,-145.94804261051303,-74.001500012388,40.78548238427167,4.0
cell_4_2,-145.94804261051303,-74.001500012388,40.78548238427167,12.0
cell_5_0,-135.80717237719742,-74.001500012388,40.78548238427167,17.0
cell_5_1,-133.80717237719742,-74.001500012388,40.78548238427167,3.0
cell_5_2,-131.80717237719742,-74.001500012388,40.78548238427167,7.0
cell_1_0,-128.3630294116469,-74.00499770605225,40.74098193696535,19.0
cell_1_1,-124.86302941164689,-74.00499770605225,40.74098193696535,12.0
cell_1_2,-126.86302941164689,-74.00499770605225,40.74098193696535,16.0
cell_2_0,-142.20277298588255,-74.00499770605225,40.74098193696535,8.0
cell_2_1,-145.20277298588255,-74.00499770605225,40.74098193696535,14.0
cell_2_2,-144.20277298588255,-74.00499770605225,40.74098193696535,4.0
cell_3_0,-143.4683837282065,-74.00499770605225,40.74098193696535,12.0
cell_3_1,-142.4683837282065,-74.00499770605225,40.74098193696535,6.0
cell_3_2,-144.4683837282065,-74.00499770605225,40.74098193696535,14.0
cell_4_0,-141.77160601506245,-74.00499770605225,40.74098193696535,18.0
cell_4_1,-140.77160601506245,-74.00499770605225,40.74098193696535,16.0
cell_4_2,-142.27160601506245,-74.00499770605225,40.74098193696535,19.0
cell_5_0,-141.58060835602265,-74.00499770605225,40.74098193696535,7.0
cell_5_1,-144.58060835602265,-74.00499770605225,40.74098193696535,15.0
cell_5_2,-143.08060835602265,-74.00499770605225,40.74098193696535,12.0
cell_1_0,-146.49760917578232,-74.01900038722162,40.77305896510835,0.0
cell_1_1,-145.49760917578232,-74.01900038722162,40.77305896510835,14.0
cell_1_2,-144.99760917578232,-74.01900038722162,40.77305896510835,3.0
cell_2_0,-149.60507286945196,-74.01900038722162,40.77305896510835,12.0
cell_2_1,-150.60507286945196,-74.01900038722162,40.77305896510835,14.0
cell_2_2,-151.10507286945196,-74.01900038722162,40.77305896510835,1.0
cell_3_0,-143.81525675253363,-74.01900038722162,40.77305896510835,0.0
cell_3_1,-144.81525675253363,-74.01900038722162,40.77305896510835,18.0
cell_3_2,-143.31525675253363,-74.01900038722162,40.77305896510835,15.0
cell_4_0,-136.47821462991692,-74.01900038722162,40.77305896510835,12.0
cell_4_1,-138.47821462991692,-74.01900038722162,40.77305896510835,0.0
cell_4_2,-134.47821462991692,-74.01900038722162,40.77305896510835,8.0
cell_5_0,-106.85448330748595,-74.01900038722162,40.77305896510835,20.0
cell_5_1,-101.85448330748595,-74.01900038722162,40.77305896510835,6.0
cell_5_2,-104.35448330748595,-74.01900038722162,40.77305896510835,1.0
cell_1_0,-135.1129653784146,-74.02804943240686,40.75124316499259,10.0
cell_1_1,-135.1129653784146,-74.02804943240686,40.75124316499259,10.0
cell_1_2,-135.1129653784146,-74.02804943240686,40.75124316499259,6.0
cell_2_0,-150.3920978277849,-74.02804943240686,40.75124316499259,5.0
cell_2_1,-152.3920978277849,-74.02804943240686,40.75124316499259,1.0
cell_2_2,-151.8920978277849,-74.02804943240686,40.75124316499259,14.0
cell_3_0,-130.12038559468868,-74.02804943240686,40.75124316499259,0.0
cell_3_1,-130.12038559468868,-74.02804943240686,40.75124316499259,16.0
cell_3_2,-127.62038559468867,-74.02804943240686,40.75124316499259,5.0
cell_4_0,-98.6940876077201,-74.02804943240686,40.75124316499259,12.0
cell_4_1,-98.1940876077201,-74.02804943240686,40.75124316499259,5.0
cell_4_2,-100.1940876077201,-74.02804943240686,40.75124316499259,1.0
cell_5_0,-140.11937992362198,-74.02804943240686,40.75124316499259,0.0
cell_5_1,-138.11937992362198,-74.02804943240686,40.75124316499259,12.0
cell_5_2,-139.11937992362198,-74.02804943240686,40.75124316499259,2.0
cell_1_0,-146.08358630527124,-74.0006288711662,40.768966023763454,17.0
cell_1_1,-144.58358630527124,-74.0006288711662,40.768966023763454,2.0
cell_1_2,-146.58358630527124,-74.0006288711662,40.768966023763454,18.0
cell_2_0,-143.4634940144738,-74.0006288711662,40.768966023763454,12.0
cell_2_1,-144.4634940144738,-74.0006288711662,40.768966023763454,14.0
cell_2_2,-144.9634940144738,-74.0006288711662,40.768966023763454,15.0
cell_3_0,-145.1158787307235,-74.0006288711662,40.768966023763454,7.0
cell_3_1,-149.6158787307235,-74.0006288711662,40.768966023763454,18.0
cell_3_2,-144.6158787307235,-74.0006288711662,40.768966023763454,8.0
cell_4_0,-141.96283400764617,-74.0006288711662,40.768966023763454,12.0
cell_4_1,-144.96283400764617,-74.0006288711662,40.768966023763454,18.0
cell_4_2,-144.46283400764617,-74.0006288711662,40.768966023763454,17.0
cell_5_0,-130.70297574525893,-74.0006288711662,40.768966023763454,9.0
cell_5_1,-133.70297574525893,-74.0006288711662,40.768966023763454,1.0
cell_5_2,-132.20297574525893,-74.0006288711662,40.768966023763454,4.0
cell_1_0,-148.42348092255162,-74.0561343548328,40.75169338231556,15.0
cell_1_1,-148.42348092255162,-74.0561343548328,40.75169338231556,1.0
cell_1_2,-146.92348092255162,-74.0561343548328,40.75169338231556,12.0
cell_2_0,-157.7051915470495,-74.0561343548328,40.75169338231556,14.0
cell_2_1,-157.2051915470495,-74.0561343548328,40.75169338231556,3.0
cell_2_2,-158.2051915470495,-74.0561343548328,40.75169338231556,15.0
cell_3_0,-133.51017508858143,-74.0561343548328,40.75169338231556,19.0
cell_3_1,-132.51017508858143,-74.0561343548328,40.75169338231556,17.0
cell_3_2,-130.51017508858143,-74.0561343548328,40.75169338231556,3.0
cell_4_0,-138.37447258354064,-74.0561343548328,40.75169338231556,12.0
cell_4_1,-137.37447258354064,-74.0561343548328,40.75169338231556,10.0
cell_4_2,-137.87447258354064,-74.0561343548328,40.75169338231556,11.0
cell_5_0,-147.05068071815424,-74.0561343548328,40.75169338231556,13.0
cell_5_1,-150.05068071815424,-74.0561343548328,40.75169338231556,19.0
cell_5_2,-147.05068071815424,-74.0561343548328,40.75169338231556,3.0
cell_1_0,-131.96409280876736,-74.01574597213322,40.752263582117585,6.0
cell_1_1,-130.96409280876736,-74.01574597213322,40.752263582117585,8.0
cell_1_2,-134.46409280876736,-74.01574597213322,40.752263582117585,1.0
cell_2_0,-145.92070409843092,-74.01574597213322,40.752263582117585,9.0
cell_2_1,-148.42070409843092,-74.01574597213322,40.752263582117585,14.0
cell_2_2,-146.92070409843092,-74.01574597213322,40.752263582117585,5.0
cell_3_0,-136.47459949177704,-74.01574597213322,40.752263582117585,9.0
cell_3_1,-137.97459949177704,-74.01574597213322,40.752263582117585,12.0
cell_3_2,-137.97459949177704,-74.01574597213322,40.752263582117585,4.0
cell_4_0,-128.13500360015667,-74.01574597213322,40.752263582117585,11.0
cell_4_1,-128.13500360015667,-74.01574597213322,40.752263582117585,11.0
cell_4_2,-128.13500360015667,-74.01574597213322,40.752263582117585,5.0
cell_5_0,-135.53757283827866,-74.01574597213322,40.752263582117585,11.0
cell_5_1,-137.03757283827866,-74.01574597213322,40.752263582117585,14.0
cell_5_2,-135.53757283827866,-74.01574597213322,40.752263582117585,11.0
cell_1_0,-141.09160970178488,-74.01253242829476,40.76658331683911,11.0
cell_1_1,-142.59160970178488,-74.01253242829476,40.76658331683911,2.0
cell_1_2,-140.09160970178488,-74.01253242829476,40.76658331683911,9.0
cell_2_0,-150.6334067632067,-74.01253242829476,40.76658331683911,19.0
cell_2_1,-146.6334067632067,-74.01253242829476,40.76658331683911,5.0
cell_2_2,-151.1334067632067,-74.01253242829476,40.76658331683911,20.0
cell_3_0,-144.6682248943905,-74.01253242829476,40.76658331683911,17.0
cell_3_1,-142.6682248943905,-74.01253242829476,40.76658331683911,3.0
cell_3_2,-142.6682248943905,-74.01253242829476,40.76658331683911,13.0
cell_4_0,-137.29411713372102,-74.01253242829476,40.76658331683911,15.0
cell_4_1,-134.79411713372102,-74.01253242829476,40.76658331683911,6.0
cell_4_2,-138.79411713372102,-74.01253242829476,40.76658331683911,18.0
cell_5_0,-120.88803615347416,-74.01253242829476,40.76658331683911,8.0
cell_5_1,-122.88803615347416,-74.01253242829476,40.76658331683911,4.0
cell_5_2,-124.88803615347416,-74.01253242829476,40.76658331683911,16.0
cell_1_0,-149.54163607338583,-74.06260241944665,40.758527696618515,12.0
cell_1_1,-151.04163607338583,-74.06260241944665,40.758527696618515,15.0
cell_1_2,-150.04163607338583,-74.06260241944665,40.758527696618515,13.0
cell_2_0,-158.81488687606418,-74.06260241944665,40.758527696618515,2.0
cell_2_1,-156.31488687606418,-74.06260241944665,40.758527696618515,7.0
cell_2_2,-158.81488687606418,-74.06260241944665,40.758527696618515,2.0
cell_3_0,-138.16376306382682,-74.06260241944665,40.758527696618515,15.0
cell_3_1,-140.16376306382682,-74.06260241944665,40.758527696618515,19.0
cell_3_2,-136.66376306382682,-74.06260241944665,40.758527696618515,12.0
cell_4_0,-141.96378117101705,-74.06260241944665,40.758527696618515,4.0
cell_4_1,-142.96378117101705,-74.06260241944665,40.758527696618515,14.0
cell_4_2,-145.96378117101705,-74.06260241944665,40.758527696618515,20.0
cell_5_0,-146.50517880979595,-74.06260241944665,40.758527696618515,10.0
cell_5_1,-149.50517880979595,-74.06260241944665,40.758527696618515,16.0
cell_5_2,-149.50517880979595,-74.06260241944665,40.758527696618515,16.0
cell_1_0,-112.00097847012154,-74.01558340117757,40.73794186641936,4.0
cell_1_1,-112.00097847012154,-74.01558340117757,40.73794186641936,12.0
cell_1_2,-110.00097847012154,-74.01558340117757,40.73794186641936,8.0
cell_2_0,-146.4991215855771,-74.01558340117757,40.73794186641936,9.0
cell_2_1,-149.4991215855771,-74.01558340117757,40.73794186641936,1.0
cell_2_2,-150.9991215855771,-74.01558340117757,40.73794186641936,18.0
cell_3_0,-143.07656862573913,-74.01558340117757,40.73794186641936,20.0
cell_3_1,-140.07656862573913,-74.01558340117757,40.73794186641936,2.0
cell_3_2,-139.57656862573913,-74.01558340117757,40.73794186641936,3.0
cell_4_0,-132.71397695961252,-74.01558340117757,40.73794186641936,7.0
cell_4_1,-136.21397695961252,-74.01558340117757,40.73794186641936,0.0
cell_4_2,-133.21397695961252,-74.01558340117757,40.73794186641936,10.0
cell_5_0,-143.9714975413671,-74.01558340117757,40.73794186641936,3.0
cell_5_1,-143.4714975413671,-74.01558340117757,40.73794186641936,12.0
cell_5_2,-145.4714975413671,-74.01558340117757,40.73794186641936,0.0
cell_1_0,-144.58674192672905,-74.01496347617389,40.77500714886833,5.0
cell_1_1,-144.58674192672905,-74.01496347617389,40.77500714886833,5.0
cell_1_2,-143.58674192672905,-74.01496347617389,40.77500714886833,7.0
cell_2_0,-149.79141214628063,-74.01496347617389,40.77500714886833,2.0
cell_2_1,-150.29141214628063,-74.01496347617389,40.77500714886833,15.0
cell_2_2,-148.29141214628063,-74.01496347617389,40.77500714886833,5.0
cell_3_0,-146.6227858338911,-74.01496347617389,40.77500714886833,18.0
cell_3_1,-142.1227858338911,-74.01496347617389,40.77500714886833,9.0
cell_3_2,-144.1227858338911,-74.01496347617389,40.77500714886833,13.0
cell_4_0,-139.72174849232667,-74.01496347617389,40.77500714886833,2.0
cell_4_1,-137.22174849232667,-74.01496347617389,40.77500714886833,9.0
cell_4_2,-137.22174849232667,-74.01496347617389,40.77500714886833,9.0
cell_5_0,-101.02243789112882,-74.01496347617389,40.77500714886833,12.0
cell_5_1,-102.52243789112882,-74.01496347617389,40.77500714886833,15.0
cell_5_2,-101.52243789112882,-74.01496347617389,40.77500714886833,3.0
cell_1_0,-146.37875773473337,-74.03942885913499,40.76491302751898,1.0
cell_1_1,-144.87875773473337,-74.03942885913499,40.76491302751898,4.0
cell_1_2,-146.87875773473337,-74.03942885913499,40.76491302751898,16.0
cell_2_0,-155.7625643030981,-74.03942885913499,40.76491302751898,0.0
cell_2_1,-153.7625643030981,-74.03942885913499,40.76491302751898,4.0
cell_2_2,-157.7625643030981,-74.03942885913499,40.76491302751898,20.0
cell_3_0,-129.77281835864835,-74.03942885913499,40.76491302751898,9.0
cell_3_1,-134.77281835864835,-74.03942885913499,40.76491302751898,19.0
cell_3_2,-131.77281835864835,-74.03942885913499,40.76491302751898,13.0
cell_4_0,-132.67610508484177,-74.03942885913499,40.76491302751898,16.0
cell_4_1,-134.17610508484177,-74.03942885913499,40.76491302751898,19.0
cell_4_2,-132.67610508484177,-74.03942885913499,40.76491302751898,0.0
cell_5_0,-137.61046971611947,-74.03942885913499,40.76491302751898,13.0
cell_5_1,-137.61046971611947,-74.03942885913499,40.76491302751898,3.0
cell_5_2,-135.11046971611947,-74.03942885913499,40.76491302751898,8.0
cell_1_0,-135.890570724341,-73.99047916320393,40.72633879518217,6.0
cell_1_1,-137.390570724341,-73.99047916320393,40.72633879518217,13.0
cell_1_2,-137.890570724341,-73.99047916320393,40.72633879518217,2.0
cell_2_0,-141.30510723180385,-73.99047916320393,40.72633879518217,6.0
cell_2_1,-143.30510723180385,-73.99047916320393,40.72633879518217,14.0
cell_2_2,-145.80510723180385,-73.99047916320393,40.72633879518217,19.0
cell_3_0,-152.59500258231128,-73.99047916320393,40.72633879518217,18.0
cell_3_1,-147.59500258231128,-73.99047916320393,40.72633879518217,8.0
cell_3_2,-153.59500258231128,-73.99047916320393,40.72633879518217,20.0
cell_4_0,-145.6159408881591,-73.99047916320393,40.72633879518217,9.0
cell_4_1,-150.1159408881591,-73.99047916320393,40.72633879518217,18.0
cell_4_2,-151.1159408881591,-73.99047916320393,40.72633879518217,20.0
cell_5_0,-150.62045025326125,-73.99047916320393,40.72633879518217,2.0
cell_5_1,-149.62045025326125,-73.99047916320393,40.72633879518217,4.0
cell_5_2,-150.62045025326125,-73.99047916320393,40.72633879518217,2.0
cell_1_0,-140.91604729662367,-74.01726265902316,40.767054804691846,6.0
cell_1_1,-140.41604729662367,-74.01726265902316,40.767054804691846,9.0
cell_1_2,-144.41604729662367,-74.01726265902316,40.767054804691846,17.0
cell_2_0,-148.06636187107304,-74.01726265902316,40.767054804691846,5.0
cell_2_1,-152.56636187107304,-74.01726265902316,40.767054804691846,20.0
cell_2_2,-150.06636187107304,-74.01726265902316,40.767054804691846,15.0
cell_3_0,-142.46273369775327,-74.01726265902316,40.767054804691846,0.0
cell_3_1,-140.46273369775327,-74.01726265902316,40.767054804691846,4.0
cell_3_2,-139.96273369775327,-74.01726265902316,40.767054804691846,11.0
cell_4_0,-134.0750750399033,-74.01726265902316,40.767054804691846,3.0
cell_4_1,-134.0750750399033,-74.01726265902316,40.767054804691846,3.0
cell_4_2,-132.0750750399033,-74.01726265902316,40.767054804691846,9.0
cell_5_0,-121.39910401786943,-74.01726265902316,40.767054804691846,15.0
cell_5_1,-121.39910401786943,-74.01726265902316,40.767054804691846,15.0
cell_5_2,-121.89910401786943,-74.01726265902316,40.767054804691846,0.0
cell_1_0,-137.1881746711566,-74.0373837133317,40.741457828961885,5.0
cell_1_1,-138.6881746711566,-74.0373837133317,40.741457828961885,14.0
cell_1_2,-137.6881746711566,-74.0373837133317,40.741457828961885,4.0
cell_2_0,-152.75181566560227,-74.0373837133317,40.741457828961885,11.0
cell_2_1,-151.75181566560227,-74.0373837133317,40.741457828961885,7.0
cell_2_2,-154.25181566560227,-74.0373837133317,40.741457828961885,14.0
cell_3_0,-120.12123274666153,-74.0373837133317,40.741457828961885,12.0
cell_3_1,-120.62123274666153,-74.0373837133317,40.741457828961885,3.0
cell_3_2,-119.62123274666153,-74.0373837133317,40.741457828961885,11.0
cell_4_0,-128.412278548017,-74.0373837133317,40.741457828961885,13.0
cell_4_1,-125.91227854801703,-74.0373837133317,40.741457828961885,8.0
cell_4_2,-128.912278548017,-74.0373837133317,40.741457828961885,2.0
cell_5_0,-143.29209491535693,-74.0373837133317,40.741457828961885,6.0
cell_5_1,-143.29209491535693,-74.0373837133317,40.741457828961885,6.0
cell_5_2,-145.79209491535693,-74.0373837133317,40.741457828961885,1.0
cell_1_0,-137.0463411538697,-74.03651497703905,40.736915647572225,3.0
cell_1_1,-138.5463411538697,-74.03651497703905,40.736915647572225,0.0
cell_1_2,-135.5463411538697,-74.03651497703905,40.736915647572225,10.0
cell_2_0,-156.2459984800551,-74.03651497703905,40.736915647572225,18.0
cell_2_1,-153.2459984800551,-74.03651497703905,40.736915647572225,12.0
cell_2_2,-154.7459984800551,-74.03651497703905,40.736915647572225,15.0
cell_3_0,-130.9066798512759,-74.03651497703905,40.736915647572225,20.0
cell_3_1,-130.4066798512759,-74.03651497703905,40.736915647572225,19.0
cell_3_2,-128.9066798512759,-74.03651497703905,40.736915647572225,16.0
cell_4_0,-129.99617928258945,-74.03651497703905,40.736915647572225,7.0
cell_4_1,-132.49617928258945,-74.03651497703905,40.736915647572225,14.0
cell_4_2,-131.99617928258945,-74.03651497703905,40.736915647572225,13.0
cell_5_0,-144.61616600315352,-74.03651497703905,40.736915647572225,10.0
cell_5_1,-144.11616600315352,-74.03651497703905,40.736915647572225,7.0
cell_5_2,-145.61616600315352,-74.03651497703905,40.736915647572225,12.0
cell_1_0,-112.52446686124459,-74.00851370647521,40.73546949856214,5.0
cell_1_1,-116.02446686124459,-74.00851370647521,40.73546949856214,18.0
cell_1_2,-111.02446686124459,-74.00851370647521,40.73546949856214,8.0
cell_2_0,-147.09482383106197,-74.00851370647521,40.73546949856214,14.0
cell_2_1,-148.59482383106197,-74.00851370647521,40.73546949856214,17.0
cell_2_2,-150.09482383106197,-74.00851370647521,40.73546949856214,20.0
cell_3_0,-144.2100969729534,-74.00851370647521,40.73546949856214,1.0
cell_3_1,-144.7100969729534,-74.00851370647521,40.73546949856214,0.0
cell_3_2,-141.2100969729534,-74.00851370647521,40.73546949856214,9.0
cell_4_0,-137.7080460763056,-74.00851370647521,40.73546949856214,10.0
cell_4_1,-141.7080460763056,-74.00851370647521,40.73546949856214,18.0
cell_4_2,-142.2080460763056,-74.00851370647521,40.73546949856214,19.0
cell_5_0,-143.30309499749566,-74.00851370647521,40.73546949856214,9.0
cell_5_1,-147.80309499749566,-74.00851370647521,40.73546949856214,18.0
cell_5_2,-147.30309499749566,-74.00851370647521,40.73546949856214,17.0
cell_1_0,-146.88959059963807,-74.04503433784392,40.763416397725024,2.0
cell_1_1,-149.38959059963807,-74.04503433784392,40.763416397725024,19.0
cell_1_2,-145.88959059963807,-74.04503433784392,40.763416397725024,4.0
cell_2_0,-155.8287194880185,-74.04503433784392,40.763416397725024,14.0
cell_2_1,-153.8287194880185,-74.04503433784392,40.763416397725024,6.0
cell_2_2,-154.3287194880185,-74.04503433784392,40.763416397725024,5.0
cell_3_0,-132.21104402209687,-74.04503433784392,40.763416397725024,0.0
cell_3_1,-131.71104402209687,-74.04503433784392,40.763416397725024,15.0
cell_3_2,-131.71104402209687,-74.04503433784392,40.763416397725024,1.0
cell_4_0,-137.30671965453223,-74.04503433784392,40.763416397725024,20.0
cell_4_1,-131.80671965453223,-74.04503433784392,40.763416397725024,7.0
cell_4_2,-132.80671965453223,-74.04503433784392,40.763416397725024,11.0
cell_5_0,-139.82869064664504,-74.04503433784392,40.763416397725024,11.0
cell_5_1,-141.82869064664504,-74.04503433784392,40.763416397725024,1.0
cell_5_2,-139.32869064664504,-74.04503433784392,40.763416397725024,6.0
cell_1_0,-139.3121810520498,-74.0391229495547,40.72891157780488,14.0
cell_1_1,-139.3121810520498,-74.0391229495547,40.72891157780488,2.0
cell_1_2,-136.8121810520498,-74.0391229495547,40.72891157780488,9.0
cell_2_0,-154.21148504802144,-74.0391229495547,40.72891157780488,12.0
cell_2_1,-156.71148504802144,-74.0391229495547,40.72891157780488,17.0
cell_2_2,-153.21148504802144,-74.0391229495547,40.72891157780488,6.0
cell_3_0,-131.83958222367423,-74.0391229495547,40.72891157780488,8.0
cell_3_1,-137.33958222367423,-74.0391229495547,40.72891157780488,19.0
cell_3_2,-134.33958222367423,-74.0391229495547,40.72891157780488,13.0
cell_4_0,-136.14443332573222,-74.0391229495547,40.72891157780488,9.0
cell_4_1,-140.14443332573222,-74.0391229495547,40.72891157780488,17.0
cell_4_2,-137.14443332573222,-74.0391229495547,40.72891157780488,5.0
cell_5_0,-148.83202995583468,-74.0391229495547,40.72891157780488,3.0
cell_5_1,-148.33202995583468,-74.0391229495547,40.72891157780488,4.0
cell_5_2,-150.33202995583468,-74.0391229495547,40.72891157780488,0.0
cell_1_0,-75.66963613217875,-74.01364507058689,40.73363864147558,7.0
cell_1_1,-77.16963613217875,-74.01364507058689,40.73363864147558,4.0
cell_1_2,-78.16963613217875,-74.01364507058689,40.73363864147558,2.0
cell_2_0,-150.86924488570423,-74.01364507058689,40.73363864147558,18.0
cell_2_1,-148.36924488570423,-74.01364507058689,40.73363864147558,3.0
cell_2_2,-149.36924488570423,-74.01364507058689,40.73363864147558,1.0
cell_3_0,-141.92961512894874,-74.01364507058689,40.73363864147558,14.0
cell_3_1,-140.92961512894874,-74.01364507058689,40.73363864147558,4.0
cell_3_2,-143.42961512894874,-74.01364507058689,40.73363864147558,17.0
cell_4_0,-135.77098935161737,-74.01364507058689,40.73363864147558,7.0
cell_4_1,-135.77098935161737,-74.01364507058689,40.73363864147558,9.0
cell_4_2,-136.27098935161737,-74.01364507058689,40.73363864147558,6.0
cell_5_0,-146.18768300135358,-74.01364507058689,40.73363864147558,14.0
cell_5_1,-145.68768300135358,-74.01364507058689,40.73363864147558,13.0
cell_5_2,-145.18768300135358,-74.01364507058689,40.73363864147558,12.0
cell_1_0,-141.92937522986037,-74.03423206562422,40.74872940153127,20.0
cell_1_1,-138.92937522986037,-74.03423206562422,40.74872940153127,2.0
cell_1_2,-136.42937522986037,-74.03423206562422,40.74872940153127,7.0
cell_2_0,-152.89356797708328,-74.03423206562422,40.74872940153127,13.0
cell_2_1,-156.39356797708328,-74.03423206562422,40.74872940153127,20.0
cell_2_2,-156.39356797708328,-74.03423206562422,40.74872940153127,20.0
cell_3_0,-116.66979335923011,-74.03423206562422,40.74872940153127,9.0
cell_3_1,-117.66979335923011,-74.03423206562422,40.74872940153127,11.0
cell_3_2,-118.16979335923011,-74.03423206562422,40.74872940153127,12.0
cell_4_0,-114.74674755242103,-74.03423206562422,40.74872940153127,5.0
cell_4_1,-115.74674755242103,-74.03423206562422,40.74872940153127,13.0
cell_4_2,-115.74674755242103,-74.03423206562422,40.74872940153127,13.0
cell_5_0,-140.88689569774834,-74.03423206562422,40.74872940153127,4.0
cell_5_1,-143.88689569774834,-74.03423206562422,40.74872940153127,18.0
cell_5_2,-141.88689569774834,-74.03423206562422,40.74872940153127,2.0
cell_1_0,-138.30668327678086,-73.9906732829175,40.74162279598923,15.0
cell_1_1,-138.80668327678086,-73.9906732829175,40.74162279598923,16.0
cell_1_2,-136.30668327678086,-73.9906732829175,40.74162279598923,11.0
cell_2_0,-137.59880685471973,-73.9906732829175,40.74162279598923,4.0
cell_2_1,-139.09880685471973,-73.9906732829175,40.74162279598923,1.0
cell_2_2,-136.09880685471973,-73.9906732829175,40.74162279598923,7.0
cell_3_0,-151.85451037649065,-73.9906732829175,40.74162279598923,19.0
cell_3_1,-149.35451037649065,-73.9906732829175,40.74162279598923,2.0
cell_3_2,-146.85451037649065,-73.9906732829175,40.74162279598923,9.0
cell_4_0,-146.8267013077603,-73.9906732829175,40.74162279598923,0.0
cell_4_1,-146.8267013077603,-73.9906732829175,40.74162279598923,0.0
cell_4_2,-145.3267013077603,-73.9906732829175,40.74162279598923,13.0
cell_5_0,-149.10633384828958,-73.9906732829175,40.74162279598923,19.0
cell_5_1,-147.10633384828958,-73.9906732829175,40.74162279598923,1.0
cell_5_2,-148.60633384828958,-73.9906732829175,40.74162279598923,18.0
cell_1_0,-133.68851846510256,-74.03204468856003,40.73313617961713,13.0
cell_1_1,-134.68851846510256,-74.03204468856003,40.73313617961713,15.0
cell_1_2,-133.18851846510256,-74.03204468856003,40.73313617961713,4.0
cell_2_0,-155.994495623303,-74.03204468856003,40.73313617961713,19.0
cell_2_1,-155.994495623303,-74.03204468856003,40.73313617961713,19.0
cell_2_2,-153.494495623303,-74.03204468856003,40.73313617961713,2.0
cell_3_0,-133.8841976358752,-74.03204468856003,40.73313617961713,1.0
cell_3_1,-133.3841976358752,-74.03204468856003,40.73313617961713,2.0
cell_3_2,-133.3841976358752,-74.03204468856003,40.73313617961713,2.0
cell_4_0,-135.58277819261173,-74.03204468856003,40.73313617961713,0.0
cell_4_1,-132.08277819261173,-74.03204468856003,40.73313617961713,9.0
cell_4_2,-132.58277819261173,-74.03204468856003,40.73313617961713,6.0
cell_5_0,-144.71565127683556,-74.03204468856003,40.73313617961713,9.0
cell_5_1,-146.21565127683556,-74.03204468856003,40.73313617961713,12.0
cell_5_2,-147.21565127683556,-74.03204468856003,40.73313617961713,2.0
cell_1_0,-140.19645762017927,-74.04298957453722,40.73617616469708,12.0
cell_1_1,-140.19645762017927,-74.04298957453722,40.73617616469708,4.0
cell_1_2,-141.69645762017927,-74.04298957453722,40.73617616469708,15.0
cell_2_0,-153.08596356553022,-74.04298957453722,40.73617616469708,9.0
cell_2_1,-153.58596356553022,-74.04298957453722,40.73617616469708,10.0
cell_2_2,-153.08596356553022,-74.04298957453722,40.73617616469708,9.0
cell_3_0,-129.83101492646733,-74.04298957453722,40.73617616469708,18.0
cell_3_1,-125.33101492646733,-74.04298957453722,40.73617616469708,9.0
cell_3_2,-129.33101492646733,-74.04298957453722,40.73617616469708,17.0
cell_4_0,-132.7909413782529,-74.04298957453722,40.73617616469708,8.0
cell_4_1,-133.2909413782529,-74.04298957453722,40.73617616469708,7.0
cell_4_2,-135.7909413782529,-74.04298957453722,40.73617616469708,14.0
cell_5_0,-146.9508179759382,-74.04298957453722,40.73617616469708,4.0
cell_5_1,-146.4508179759382,-74.04298957453722,40.73617616469708,5.0
cell_5_2,-148.4508179759382,-74.04298957453722,40.73617616469708,1.0
cell_1_0,-122.7260249874028,-74.00372510831873,40.73723053065812,10.0
cell_1_1,-125.2260249874028,-74.00372510831873,40.73723053065812,1.0
cell_1_2,-125.2260249874028,-74.00372510831873,40.73723053065812,15.0
cell_2_0,-145.22099321679906,-74.00372510831873,40.73723053065812,2.0
cell_2_1,-146.22099321679906,-74.00372510831873,40.73723053065812,0.0
cell_2_2,-145.72099321679906,-74.00372510831873,40.73723053065812,15.0
cell_3_0,-147.3277794384716,-74.00372510831873,40.73723053065812,18.0
cell_3_1,-144.8277794384716,-74.00372510831873,40.73723053065812,3.0
cell_3_2,-144.3277794384716,-74.00372510831873,40.73723053065812,4.0
cell_4_0,-141.79270574463666,-74.00372510831873,40.73723053065812,15.0
cell_4_1,-138.79270574463666,-74.00372510831873,40.73723053065812,9.0
cell_4_2,-139.29270574463666,-74.00372510831873,40.73723053065812,6.0
cell_5_0,-147.6648446524776,-74.00372510831873,40.73723053065812,18.0
cell_5_1,-145.1648446524776,-74.00372510831873,40.73723053065812,13.0
cell_5_2,-143.6648446524776,-74.00372510831873,40.73723053065812,6.0
cell_1_0,-137.4895391157478,-73.98810440300468,40.74274169777594,10.0
cell_1_1,-142.4895391157478,-73.98810440300468,40.74274169777594,20.0
cell_1_2,-137.9895391157478,-73.98810440300468,40.74274169777594,11.0
cell_2_0,-134.3027834119879,-73.98810440300468,40.74274169777594,9.0
cell_2_1,-134.8027834119879,-73.98810440300468,40.74274169777594,10.0
cell_2_2,-133.8027834119879,-73.98810440300468,40.74274169777594,8.0
cell_3_0,-148.05799696729278,-73.98810440300468,40.74274169777594,10.0
cell_3_1,-150.55799696729278,-73.98810440300468,40.74274169777594,1.0
cell_3_2,-147.55799696729278,-73.98810440300468,40.74274169777594,9.0
cell_4_0,-144.63852198647865,-73.98810440300468,40.74274169777594,10.0
cell_4_1,-146.63852198647865,-73.98810440300468,40.74274169777594,2.0
cell_4_2,-145.13852198647865,-73.98810440300468,40.74274169777594,5.0
cell_5_0,-146.89355583568002,-73.98810440300468,40.74274169777594,14.0
cell_5_1,-146.89355583568002,-73.98810440300468,40.74274169777594,2.0
cell_5_2,-144.89355583568002,-73.98810440300468,40.74274169777594,10.0
cell_1_0,-140.9783543259029,-74.0276623807626,40.76668697017902,8.0
cell_1_1,-146.4783543259029,-74.0276623807626,40.76668697017902,19.0
cell_1_2,-144.4783543259029,-74.0276623807626,40.76668697017902,1.0
cell_2_0,-151.23689638238554,-74.0276623807626,40.76668697017902,4.0
cell_2_1,-149.73689638238554,-74.0276623807626,40.76668697017902,9.0
cell_2_2,-153.23689638238554,-74.0276623807626,40.76668697017902,16.0
cell_3_0,-137.57754464690586,-74.0276623807626,40.76668697017902,1.0
cell_3_1,-138.07754464690586,-74.0276623807626,40.76668697017902,16.0
cell_3_2,-134.57754464690586,-74.0276623807626,40.76668697017902,9.0
cell_4_0,-130.770305480995,-74.0276623807626,40.76668697017902,15.0
cell_4_1,-129.770305480995,-74.0276623807626,40.76668697017902,3.0
cell_4_2,-127.770305480995,-74.0276623807626,40.76668697017902,7.0
cell_5_0,-130.89821843628349,-74.0276623807626,40.76668697017902,18.0
cell_5_1,-128.89821843628349,-74.0276623807626,40.76668697017902,14.0
cell_5_2,-127.89821843628349,-74.0276623807626,40.76668697017902,12.0
cell_1_0,-136.45032987539264,-73.99525667377448,40.72421395090333,16.0
cell_1_1,-135.95032987539264,-73.99525667377448,40.72421395090333,1.0
cell_1_2,-133.95032987539264,-73.99525667377448,40.72421395090333,5.0
cell_2_0,-143.80481098499132,-73.99525667377448,40.72421395090333,5.0
cell_2_1,-144.80481098499132,-73.99525667377448,40.72421395090333,3.0
cell_2_2,-148.30481098499132,-73.99525667377448,40.72421395090333,20.0
cell_3_0,-152.13451448701989,-73.99525667377448,40.72421395090333,19.0
cell_3_1,-146.63451448701989,-73.99525667377448,40.72421395090333,8.0
cell_3_2,-147.63451448701989,-73.99525667377448,40.72421395090333,10.0
cell_4_0,-145.25422437094952,-73.99525667377448,40.72421395090333,10.0
cell_4_1,-145.75422437094952,-73.99525667377448,40.72421395090333,5.0
cell_4_2,-149.25422437094952,-73.99525667377448,40.72421395090333,18.0
cell_5_0,-153.56619088881936,-73.99525667377448,40.72421395090333,20.0
cell_5_1,-153.06619088881936,-73.99525667377448,40.72421395090333,19.0
cell_5_2,-147.56619088881936,-73.99525667377448,40.72421395090333,8.0
cell_1_0,-146.25619415139937,-74.05641197549248,40.744461290475094,4.0
cell_1_1,-148.75619415139937,-74.05641197549248,40.744461290475094,17.0
cell_1_2,-146.75619415139937,-74.05641197549248,40.744461290475094,13.0
cell_2_0,-157.80755717256264,-74.05641197549248,40.744461290475094,2.0
cell_2_1,-160.80755717256264,-74.05641197549248,40.744461290475094,20.0
cell_2_2,-155.80755717256264,-74.05641197549248,40.744461290475094,10.0
cell_3_0,-129.43700884701752,-74.05641197549248,40.744461290475094,10.0
cell_3_1,-131.43700884701752,-74.05641197549248,40.744461290475094,2.0
cell_3_2,-130.43700884701752,-74.05641197549248,40.744461290475094,12.0
cell_4_0,-139.65551610404265,-74.05641197549248,40.744461290475094,3.0
cell_4_1,-137.15551610404265,-74.05641197549248,40.744461290475094,8.0
cell_4_2,-141.15551610404265,-74.05641197549248,40.744461290475094,0.0
cell_5_0,-150.43385368388218,-74.05641197549248,40.744461290475094,17.0
cell_5_1,-148.43385368388218,-74.05641197549248,40.744461290475094,13.0
cell_5_2,-145.93385368388218,-74.05641197549248,40.744461290475094,8.0
cell_1_0,-145.96167413237598,-74.0516882462736,40.742941872524334,15.0
cell_1_1,-144.96167413237598,-74.0516882462736,40.742941872524334,3.0
cell_1_2,-144.96167413237598,-74.0516882462736,40.742941872524334,3.0
cell_2_0,-159.50836671712295,-74.0516882462736,40.742941872524334,19.0
cell_2_1,-158.00836671712295,-74.0516882462736,40.742941872524334,16.0
cell_2_2,-158.50836671712295,-74.0516882462736,40.742941872524334,17.0
cell_3_0,-129.11821410206807,-74.0516882462736,40.742941872524334,18.0
cell_3_1,-128.11821410206807,-74.0516882462736,40.742941872524334,0.0
cell_3_2,-126.61821410206808,-74.0516882462736,40.742941872524334,13.0
cell_4_0,-140.83519452797333,-74.0516882462736,40.742941872524334,20.0
cell_4_1,-137.83519452797333,-74.0516882462736,40.742941872524334,14.0
cell_4_2,-138.83519452797333,-74.0516882462736,40.742941872524334,16.0
cell_5_0,-150.10948804488456,-74.0516882462736,40.742941872524334,18.0
cell_5_1,-147.10948804488456,-74.0516882462736,40.742941872524334,4.0
cell_5_2,-148.10948804488456,-74.0516882462736,40.742941872524334,14.0
cell_1_0,-143.315519530366,-73.98205775471213,40.72631381972064,0.0
cell_1_1,-143.315519530366,-73.98205775471213,40.72631381972064,0.0
cell_1_2,-142.815519530366,-73.98205775471213,40.72631381972064,15.0
cell_2_0,-141.47304772663063,-73.98205775471213,40.72631381972064,1.0
cell_2_1,-137.97304772663063,-73.98205775471213,40.72631381972064,8.0
cell_2_2,-138.47304772663063,-73.98205775471213,40.72631381972064,9.0
cell_3_0,-154.1037700312168,-73.98205775471213,40.72631381972064,17.0
cell_3_1,-152.1037700312168,-73.98205775471213,40.72631381972064,13.0
cell_3_2,-153.1037700312168,-73.98205775471213,40.72631381972064,1.0
cell_4_0,-149.79108475652666,-73.98205775471213,40.72631381972064,13.0
cell_4_1,-148.79108475652666,-73.98205775471213,40.72631381972064,11.0
cell_4_2,-151.29108475652666,-73.98205775471213,40.72631381972064,0.0
cell_5_0,-151.31650527817698,-73.98205775471213,40.72631381972064,13.0
cell_5_1,-149.31650527817698,-73.98205775471213,40.72631381972064,9.0
cell_5_2,-150.81650527817698,-73.98205775471213,40.72631381972064,12.0
cell_1_0,-133.39706447216122,-73.99220822533071,40.73419491083815,7.0
cell_1_1,-136.39706447216122,-73.99220822533071,40.73419491083815,15.0
cell_1_2,-137.89706447216122,-73.99220822533071,40.73419491083815,18.0
cell_2_0,-140.90264700423808,-73.99220822533071,40.73419491083815,13.0
cell_2_1,-142.90264700423808,-73.99220822533071,40.73419491083815,17.0
cell_2_2,-140.40264700423808,-73.99220822533071,40.73419491083815,12.0
cell_3_0,-151.86459573850374,-73.99220822533071,40.73419491083815,19.0
cell_3_1,-146.36459573850374,-73.99220822533071,40.73419491083815,8.0
cell_3_2,-148.36459573850374,-73.99220822533071,40.73419491083815,4.0
cell_4_0,-146.76142084498156,-73.99220822533071,40.73419491083815,1.0
cell_4_1,-145.76142084498156,-73.99220822533071,40.73419491083815,3.0
cell_4_2,-145.76142084498156,-73.99220822533071,40.73419491083815,3.0
cell_5_0,-146.3598950453716,-73.99220822533071,40.73419491083815,6.0
cell_5_1,-148.3598950453716,-73.99220822533071,40.73419491083815,14.0
cell_5_2,-148.8598950453716,-73.99220822533071,40.73419491083815,15.0
cell_1_0,-141.0323547486958,-74.04179980815545,40.73421975938477,15.0
cell_1_1,-139.0323547486958,-74.04179980815545,40.73421975938477,5.0
cell_1_2,-138.0323547486958,-74.04179980815545,40.73421975938477,9.0
cell_2_0,-153.94072951154692,-74.04179980815545,40.73421975938477,11.0
cell_2_1,-155.44072951154692,-74.04179980815545,40.73421975938477,2.0
cell_2_2,-153.44072951154692,-74.04179980815545,40.73421975938477,10.0
cell_3_0,-130.43940675617708,-74.04179980815545,40.73421975938477,1.0
cell_3_1,-131.43940675617708,-74.04179980815545,40.73421975938477,17.0
cell_3_2,-131.93940675617708,-74.04179980815545,40.73421975938477,18.0
cell_4_0,-138.9033393567209,-74.04179980815545,40.73421975938477,19.0
cell_4_1,-134.4033393567209,-74.04179980815545,40.73421975938477,6.0
cell_4_2,-136.4033393567209,-74.04179980815545,40.73421975938477,2.0
cell_5_0,-149.2790125215428,-74.04179980815545,40.73421975938477,16.0
cell_5_1,-151.2790125215428,-74.04179980815545,40.73421975938477,20.0
cell_5_2,-146.7790125215428,-74.04179980815545,40.73421975938477,5.0
cell_1_0,-152.386327330573,-73.95574766049593,40.76278955822551,3.0
cell_1_1,-151.386327330573,-73.95574766049593,40.76278955822551,5.0
cell_1_2,-152.386327330573,-73.95574766049593,40.76278955822551,3.0
cell_2_0,-132.3800764586362,-73.95574766049593,40.76278955822551,1.0
cell_2_1,-131.3800764586362,-73.95574766049593,40.76278955822551,13.0
cell_2_2,-129.8800764586362,-73.95574766049593,40.76278955822551,10.0
cell_3_0,-154.913128379684,-73.95574766049593,40.76278955822551,9.0
cell_3_1,-157.413128379684,-73.95574766049593,40.76278955822551,2.0
cell_3_2,-156.413128379684,-73.95574766049593,40.76278955822551,12.0
cell_4_0,-153.64825976668143,-73.95574766049593,40.76278955822551,5.0
cell_4_1,-152.64825976668143,-73.95574766049593,40.76278955822551,7.0
cell_4_2,-157.64825976668143,-73.95574766049593,40.76278955822551,19.0
cell_5_0,-151.9812583249854,-73.95574766049593,40.76278955822551,13.0
cell_5_1,-153.4812583249854,-73.95574766049593,40.76278955822551,16.0
cell_5_2,-152.9812583249854,-73.95574766049593,40.76278955822551,1.0
cell_1_0,-150.3574154989505,-73.96662347825773,40.76872048557284,12.0
cell_1_1,-153.8574154989505,-73.96662347825773,40.76872048557284,19.0
cell_1_2,-149.3574154989505,-73.96662347825773,40.76872048557284,6.0
cell_2_0,-129.43643731873092,-73.96662347825773,40.76872048557284,8.0
cell_2_1,-131.93643731873092,-73.96662347825773,40.76872048557284,3.0
cell_2_2,-132.43643731873092,-73.96662347825773,40.76872048557284,14.0
cell_3_0,-156.17545423093918,-73.96662347825773,40.76872048557284,1.0
cell_3_1,-155.17545423093918,-73.96662347825773,40.76872048557284,13.0
cell_3_2,-154.67545423093918,-73.96662347825773,40.76872048557284,12.0
cell_4_0,-154.07711221838568,-73.96662347825773,40.76872048557284,0.0
cell_4_1,-156.07711221838568,-73.96662347825773,40.76872048557284,20.0
cell_4_2,-155.57711221838568,-73.96662347825773,40.76872048557284,19.0
cell_5_0,-148.34524173579072,-73.96662347825773,40.76872048557284,4.0
cell_5_1,-147.84524173579072,-73.96662347825773,40.76872048557284,11.0
cell_5_2,-148.84524173579072,-73.96662347825773,40.76872048557284,3.0
cell_1_0,-148.18103947605775,-74.05958371790022,40.76136627414657,10.0
cell_1_1,-149.68103947605775,-74.05958371790022,40.76136627414657,13.0
cell_1_2,-151.18103947605775,-74.05958371790022,40.76136627414657,16.0
cell_2_0,-158.86590242231594,-74.05958371790022,40.76136627414657,15.0
cell_2_1,-160.36590242231594,-74.05958371790022,40.76136627414657,18.0
cell_2_2,-157.86590242231594,-74.05958371790022,40.76136627414657,3.0
cell_3_0,-133.8831527333014,-74.05958371790022,40.76136627414657,8.0
cell_3_1,-138.8831527333014,-74.05958371790022,40.76136627414657,18.0
cell_3_2,-135.3831527333014,-74.05958371790022,40.76136627414657,5.0
cell_4_0,-142.40332150170647,-74.05958371790022,40.76136627414657,1.0
cell_4_1,-141.90332150170647,-74.05958371790022,40.76136627414657,14.0
cell_4_2,-143.90332150170647,-74.05958371790022,40.76136627414657,18.0
cell_5_0,-145.7673839701877,-74.05958371790022,40.76136627414657,11.0
cell_5_1,-146.7673839701877,-74.05958371790022,40.76136627414657,3.0
cell_5_2,-147.2673839701877,-74.05958371790022,40.76136627414657,2.0
cell_1_0,-137.10133038832384,-74.03170524683414,40.745957888318365,15.0
cell_1_1,-134.60133038832384,-74.03170524683414,40.745957888318365,10.0
cell_1_2,-135.60133038832384,-74.03170524683414,40.745957888318365,4.0
cell_2_0,-150.85354382796916,-74.03170524683414,40.745957888318365,10.0
cell_2_1,-152.35354382796916,-74.03170524683414,40.745957888318365,3.0
cell_2_2,-153.35354382796916,-74.03170524683414,40.745957888318365,1.0
cell_3_0,-124.3385484136961,-74.03170524683414,40.745957888318365,14.0
cell_3_1,-121.3385484136961,-74.03170524683414,40.745957888318365,8.0
cell_3_2,-122.8385484136961,-74.03170524683414,40.745957888318365,5.0
cell_4_0,-116.88553875673297,-74.03170524683414,40.745957888318365,11.0
cell_4_1,-116.38553875673297,-74.03170524683414,40.745957888318365,6.0
cell_4_2,-119.88553875673297,-74.03170524683414,40.745957888318365,17.0
cell_5_0,-141.93756677303145,-74.03170524683414,40.745957888318365,13.0
cell_5_1,-141.93756677303145,-74.03170524683414,40.745957888318365,13.0
cell_5_2,-139.93756677303145,-74.03170524683414,40.745957888318365,9.0
cell_1_0,-141.4502611269909,-73.98091236077033,40.73210881025139,12.0
cell_1_1,-145.4502611269909,-73.98091236077033,40.73210881025139,20.0
cell_1_2,-141.4502611269909,-73.98091236077033,40.73210881025139,12.0
cell_2_0,-138.79039139148531,-73.98091236077033,40.73210881025139,16.0
cell_2_1,-135.79039139148531,-73.98091236077033,40.73210881025139,6.0
cell_2_2,-137.79039139148531,-73.98091236077033,40.73210881025139,2.0
cell_3_0,-151.93840312149024,-73.98091236077033,40.73210881025139,13.0
cell_3_1,-153.43840312149024,-73.98091236077033,40.73210881025139,16.0
cell_3_2,-155.43840312149024,-73.98091236077033,40.73210881025139,20.0
cell_4_0,-150.37417683282288,-73.98091236077033,40.73210881025139,15.0
cell_4_1,-147.37417683282288,-73.98091236077033,40.73210881025139,7.0
cell_4_2,-146.87417683282288,-73.98091236077033,40.73210881025139,8.0
cell_5_0,-151.30656115388217,-73.98091236077033,40.73210881025139,1.0
cell_5_1,-148.30656115388217,-73.98091236077033,40.73210881025139,7.0
cell_5_2,-149.80656115388217,-73.98091236077033,40.73210881025139,12.0
cell_1_0,-128.18744277600922,-74.00040611567337,40.73645293358306,3.0
cell_1_1,-125.6874427760092,-74.00040611567337,40.73645293358306,8.0
cell_1_2,-129.18744277600922,-74.00040611567337,40.73645293358306,1.0
cell_2_0,-142.118041561904,-74.00040611567337,40.73645293358306,10.0
cell_2_1,-142.118041561904,-74.00040611567337,40.73645293358306,10.0
cell_2_2,-145.118041561904,-74.00040611567337,40.73645293358306,16.0
cell_3_0,-147.09513080320426,-74.00040611567337,40.73645293358306,15.0
cell_3_1,-148.59513080320426,-74.00040611567337,40.73645293358306,18.0
cell_3_2,-147.59513080320426,-74.00040611567337,40.73645293358306,0.0
cell_4_0,-145.3672555491363,-74.00040611567337,40.73645293358306,19.0
cell_4_1,-142.8672555491363,-74.00040611567337,40.73645293358306,2.0
cell_4_2,-140.3672555491363,-74.00040611567337,40.73645293358306,9.0
cell_5_0,-146.8879070750138,-74.00040611567337,40.73645293358306,15.0
cell_5_1,-143.3879070750138,-74.00040611567337,40.73645293358306,8.0
cell_5_2,-147.3879070750138,-74.00040611567337,40.73645293358306,0.0
cell_1_0,-137.69981295434383,-74.03010940852025,40.75055237290338,14.0
cell_1_1,-138.69981295434383,-74.03010940852025,40.75055237290338,16.0
cell_1_2,-135.69981295434383,-74.03010940852025,40.75055237290338,10.0
cell_2_0,-150.9058133946419,-74.03010940852025,40.75055237290338,5.0
cell_2_1,-151.4058133946419,-74.03010940852025,40.75055237290338,12.0
cell_2_2,-149.9058133946419,-74.03010940852025,40.75055237290338,7.0
cell_3_0,-123.97008140094773,-74.03010940852025,40.75055237290338,9.0
cell_3_1,-128.97008140094772,-74.03010940852025,40.75055237290338,19.0
cell_3_2,-127.47008140094773,-74.03010940852025,40.75055237290338,0.0
cell_4_0,-98.95687567398197,-74.03010940852025,40.75055237290338,15.0
cell_4_1,-97.45687567398197,-74.03010940852025,40.75055237290338,12.0
cell_4_2,-96.95687567398197,-74.03010940852025,40.75055237290338,5.0
cell_5_0,-138.98847395329358,-74.03010940852025,40.75055237290338,4.0
cell_5_1,-137.48847395329358,-74.03010940852025,40.75055237290338,9.0
cell_5_2,-139.98847395329358,-74.03010940852025,40.75055237290338,14.0
cell_1_0,-152.30142022775837,-74.02928955294935,40.78576637715715,18.0
cell_1_1,-149.30142022775837,-74.02928955294935,40.78576637715715,4.0
cell_1_2,-149.30142022775837,-74.02928955294935,40.78576637715715,4.0
cell_2_0,-153.20219587951755,-74.02928955294935,40.78576637715715,4.0
cell_2_1,-155.20219587951755,-74.02928955294935,40.78576637715715,16.0
cell_2_2,-155.20219587951755,-74.02928955294935,40.78576637715715,0.0
cell_3_0,-145.3508627342138,-74.02928955294935,40.78576637715715,14.0
cell_3_1,-142.8508627342138,-74.02928955294935,40.78576637715715,9.0
cell_3_2,-146.3508627342138,-74.02928955294935,40.78576637715715,16.0
cell_4_0,-141.45141436588057,-74.02928955294935,40.78576637715715,5.0
cell_4_1,-145.45141436588057,-74.02928955294935,40.78576637715715,19.0
cell_4_2,-142.95141436588057,-74.02928955294935,40.78576637715715,2.0
cell_5_0,-131.4516824141776,-74.02928955294935,40.78576637715715,3.0
cell_5_1,-131.9516824141776,-74.02928955294935,40.78576637715715,2.0
cell_5_2,-131.9516824141776,-74.02928955294935,40.78576637715715,14.0
cell_1_0,-140.23660413470395,-73.98787428663697,40.724410822888366,1.0
cell_1_1,-139.23660413470395,-73.98787428663697,40.724410822888366,3.0
cell_1_2,-139.23660413470395,-73.98787428663697,40.724410822888366,13.0
cell_2_0,-145.7477053746415,-73.98787428663697,40.724410822888366,19.0
cell_2_1,-144.2477053746415,-73.98787428663697,40.724410822888366,0.0
cell_2_2,-140.2477053746415,-73.98787428663697,40.724410822888366,8.0
cell_3_0,-153.4395942061515,-73.98787428663697,40.724410822888366,18.0
cell_3_1,-151.4395942061515,-73.98787428663697,40.724410822888366,14.0
cell_3_2,-151.9395942061515,-73.98787428663697,40.724410822888366,1.0
cell_4_0,-147.62782125742578,-73.98787428663697,40.724410822888366,5.0
cell_4_1,-152.12782125742578,-73.98787428663697,40.724410822888366,20.0
cell_4_2,-149.62782125742578,-73.98787428663697,40.724410822888366,1.0
cell_5_0,-150.41136503220648,-73.98787428663697,40.724410822888366,4.0
cell_5_1,-150.41136503220648,-73.98787428663697,40.724410822888366,12.0
cell_5_2,-149.41136503220648,-73.98787428663697,40.724410822888366,10.0
cell_1_0,-138.54844809260703,-74.00703879161848,40.75903740486358,3.0
cell_1_1,-138.54844809260703,-74.00703879161848,40.75903740486358,3.0
cell_1_2,-139.54844809260703,-74.00703879161848,40.75903740486358,1.0
cell_2_0,-144.11628629944144,-74.00703879161848,40.75903740486358,5.0
cell_2_1,-148.61628629944144,-74.00703879161848,40.75903740486358,20.0
cell_2_2,-145.11628629944144,-74.00703879161848,40.75903740486358,13.0
cell_3_0,-141.97092094560304,-74.00703879161848,40.75903740486358,10.0
cell_3_1,-143.97092094560304,-74.00703879161848,40.75903740486358,2.0
cell_3_2,-142.97092094560304,-74.00703879161848,40.75903740486358,4.0
cell_4_0,-135.15712256207604,-74.00703879161848,40.75903740486358,9.0
cell_4_1,-138.65712256207604,-74.00703879161848,40.75903740486358,16.0
cell_4_2,-135.65712256207604,-74.00703879161848,40.75903740486358,10.0
cell_5_0,-132.2249722464733,-74.00703879161848,40.75903740486358,6.0
cell_5_1,-132.7249722464733,-74.00703879161848,40.75903740486358,11.0
cell_5_2,-132.7249722464733,-74.00703879161848,40.75903740486358,5.0
cell_1_0,-137.96782729426883,-74.03620819639832,40.74905687787108,6.0
cell_1_1,-139.96782729426883,-74.03620819639832,40.74905687787108,2.0
cell_1_2,-141.46782729426883,-74.03620819639832,40.74905687787108,17.0
cell_2_0,-152.8346278576974,-74.03620819639832,40.74905687787108,4.0
cell_2_1,-153.3346278576974,-74.03620819639832,40.74905687787108,3.0
cell_2_2,-153.3346278576974,-74.03620819639832,40.74905687787108,3.0
cell_3_0,-115.22798172419145,-74.03620819639832,40.74905687787108,16.0
cell_3_1,-111.72798172419145,-74.03620819639832,40.74905687787108,7.0
cell_3_2,-115.72798172419145,-74.03620819639832,40.74905687787108,17.0
cell_4_0,-117.26464561841946,-74.03620819639832,40.74905687787108,9.0
cell_4_1,-117.76464561841946,-74.03620819639832,40.74905687787108,10.0
cell_4_2,-120.76464561841946,-74.03620819639832,40.74905687787108,0.0
cell_5_0,-142.79753246227318,-74.03620819639832,40.74905687787108,1.0
cell_5_1,-142.79753246227318,-74.03620819639832,40.74905687787108,15.0
cell_5_2,-142.29753246227318,-74.03620819639832,40.74905687787108,2.0
cell_1_0,-131.65378492186625,-74.02539781142741,40.74419061184166,2.0
cell_1_1,-130.65378492186625,-74.02539781142741,40.74419061184166,12.0
cell_1_2,-132.65378492186625,-74.02539781142741,40.74419061184166,16.0
cell_2_0,-151.34535597008158,-74.02539781142741,40.74419061184166,14.0
cell_2_1,-150.84535597008158,-74.02539781142741,40.74419061184166,3.0
cell_2_2,-149.84535597008158,-74.02539781142741,40.74419061184166,11.0
cell_3_0,-131.09466217399756,-74.02539781142741,40.74419061184166,4.0
cell_3_1,-130.59466217399756,-74.02539781142741,40.74419061184166,5.0
cell_3_2,-131.09466217399756,-74.02539781142741,40.74419061184166,4.0
cell_4_0,-120.76557005528599,-74.02539781142741,40.74419061184166,7.0
cell_4_1,-124.76557005528599,-74.02539781142741,40.74419061184166,17.0
cell_4_2,-121.26557005528599,-74.02539781142741,40.74419061184166,6.0
cell_5_0,-140.660965440297,-74.02539781142741,40.74419061184166,11.0
cell_5_1,-142.660965440297,-74.02539781142741,40.74419061184166,15.0
cell_5_2,-140.160965440297,-74.02539781142741,40.74419061184166,6.0
cell_1_0,-146.1633503049547,-73.96920915551294,40.730642974561505,12.0
cell_1_1,-146.6633503049547,-73.96920915551294,40.730642974561505,13.0
cell_1_2,-148.1633503049547,-73.96920915551294,40.730642974561505,16.0
cell_2_0,-133.6540653434179,-73.96920915551294,40.730642974561505,9.0
cell_2_1,-135.6540653434179,-73.96920915551294,40.730642974561505,13.0
cell_2_2,-134.1540653434179,-73.96920915551294,40.730642974561505,6.0
cell_3_0,-156.04690820981858,-73.96920915551294,40.730642974561505,16.0
cell_3_1,-153.04690820981858,-73.96920915551294,40.730642974561505,10.0
cell_3_2,-155.04690820981858,-73.96920915551294,40.730642974561505,2.0
cell_4_0,-153.35834451574226,-73.96920915551294,40.730642974561505,1.0
cell_4_1,-149.85834451574226,-73.96920915551294,40.730642974561505,8.0
cell_4_2,-150.35834451574226,-73.96920915551294,40.730642974561505,9.0
cell_5_0,-155.6089855659052,-73.96920915551294,40.730642974561505,19.0
cell_5_1,-152.6089855659052,-73.96920915551294,40.730642974561505,13.0
cell_5_2,-150.1089855659052,-73.96920915551294,40.730642974561505,8.0
cell_1_0,-136.60190934107732,-74.03579222968817,40.73059106597115,13.0
cell_1_1,-137.10190934107732,-74.03579222968817,40.73059106597115,14.0
cell_1_2,-134.10190934107732,-74.03579222968817,40.73059106597115,8.0
cell_2_0,-155.4458447316357,-74.03579222968817,40.73059106597115,16.0
cell_2_1,-153.4458447316357,-74.03579222968817,40.73059106597115,12.0
cell_2_2,-152.4458447316357,-74.03579222968817,40.73059106597115,6.0
cell_3_0,-133.55884627378077,-74.03579222968817,40.73059106597115,13.0
cell_3_1,-133.55884627378077,-74.03579222968817,40.73059106597115,13.0
cell_3_2,-132.05884627378077,-74.03579222968817,40.73059106597115,10.0
cell_4_0,-137.94352651816956,-74.03579222968817,40.73059106597115,16.0
cell_4_1,-135.94352651816956,-74.03579222968817,40.73059106597115,12.0
cell_4_2,-135.44352651816956,-74.03579222968817,40.73059106597115,5.0
cell_5_0,-148.94295764084478,-74.03579222968817,40.73059106597115,15.0
cell_5_1,-146.44295764084478,-74.03579222968817,40.73059106597115,6.0
cell_5_2,-148.94295764084478,-74.03579222968817,40.73059106597115,15.0
cell_1_0,-121.73908728016816,-74.0066656900159,40.7398194262168,12.0
cell_1_1,-120.73908728016816,-74.0066656900159,40.7398194262168,10.0
cell_1_2,-120.73908728016816,-74.0066656900159,40.7398194262168,10.0
cell_2_0,-146.44195311505257,-74.0066656900159,40.7398194262168,1.0
cell_2_1,-144.44195311505257,-74.0066656900159,40.7398194262168,11.0
cell_2_2,-146.94195311505257,-74.0066656900159,40.7398194262168,0.0
cell_3_0,-144.39502603055072,-74.0066656900159,40.7398194262168,15.0
cell_3_1,-146.89502603055072,-74.0066656900159,40.7398194262168,20.0
cell_3_2,-141.89502603055072,-74.0066656900159,40.7398194262168,6.0
cell_4_0,-138.7167107153199,-74.0066656900159,40.7398194262168,13.0
cell_4_1,-138.7167107153199,-74.0066656900159,40.7398194262168,3.0
cell_4_2,-139.2167107153199,-74.0066656900159,40.7398194262168,2.0
cell_5_0,-143.3233816418305,-74.0066656900159,40.7398194262168,4.0
cell_5_1,-142.8233816418305,-74.0066656900159,40.7398194262168,5.0
cell_5_2,-144.8233816418305,-74.0066656900159,40.7398194262168,1.0
cell_1_0,-120.25274726286796,-74.01677831177516,40.73972870311644,17.0
cell_1_1,-117.25274726286796,-74.01677831177516,40.73972870311644,5.0
cell_1_2,-121.25274726286796,-74.01677831177516,40.73972870311644,19.0
cell_2_0,-146.7063374504308,-74.01677831177516,40.73972870311644,9.0
cell_2_1,-146.2063374504308,-74.01677831177516,40.73972870311644,8.0
cell_2_2,-151.2063374504308,-74.01677831177516,40.73972870311644,18.0
cell_3_0,-136.5821551374359,-74.01677831177516,40.73972870311644,7.0
cell_3_1,-136.5821551374359,-74.01677831177516,40.73972870311644,9.0
cell_3_2,-140.0821551374359,-74.01677831177516,40.73972870311644,16.0
cell_4_0,-131.53211145450433,-74.01677831177516,40.73972870311644,10.0
cell_4_1,-130.53211145450433,-74.01677831177516,40.73972870311644,8.0
cell_4_2,-135.53211145450433,-74.01677831177516,40.73972870311644,18.0
cell_5_0,-143.20447359075783,-74.01677831177516,40.73972870311644,3.0
cell_5_1,-141.70447359075783,-74.01677831177516,40.73972870311644,10.0
cell_5_2,-144.20447359075783,-74.01677831177516,40.73972870311644,1.0
cell_1_0,-147.69562167509991,-74.04086936123801,40.76479397720853,17.0
cell_1_1,-144.69562167509991,-74.04086936123801,40.76479397720853,11.0
cell_1_2,-148.19562167509991,-74.04086936123801,40.76479397720853,18.0
cell_2_0,-153.55155595947025,-74.04086936123801,40.76479397720853,5.0
cell_2_1,-153.55155595947025,-74.04086936123801,40.76479397720853,11.0
cell_2_2,-153.05155595947025,-74.04086936123801,40.76479397720853,10.0
cell_3_0,-131.0762764663201,-74.04086936123801,40.76479397720853,12.0
cell_3_1,-133.0762764663201,-74.04086936123801,40.76479397720853,16.0
cell_3_2,-130.0762764663201,-74.04086936123801,40.76479397720853,6.0
cell_4_0,-130.9475722865738,-74.04086936123801,40.76479397720853,11.0
cell_4_1,-131.9475722865738,-74.04086936123801,40.76479397720853,13.0
cell_4_2,-133.9475722865738,-74.04086936123801,40.76479397720853,17.0
cell_5_0,-137.44092643527358,-74.04086936123801,40.76479397720853,11.0
cell_5_1,-137.94092643527358,-74.04086936123801,40.76479397720853,12.0
cell_5_2,-141.44092643527358,-74.04086936123801,40.76479397720853,19.0
cell_1_0,-136.88870128381575,-73.99211147232603,40.72630110887149,14.0
cell_1_1,-138.88870128381575,-73.99211147232603,40.72630110887149,18.0
cell_1_2,-134.88870128381575,-73.99211147232603,40.72630110887149,10.0
cell_2_0,-142.29838263134775,-73.99211147232603,40.72630110887149,5.0
cell_2_1,-143.79838263134775,-73.99211147232603,40.72630110887149,2.0
cell_2_2,-142.29838263134775,-73.99211147232603,40.72630110887149,11.0
cell_3_0,-151.18379481265058,-73.99211147232603,40.72630110887149,0.0
cell_3_1,-150.68379481265058,-73.99211147232603,40.72630110887149,15.0
cell_3_2,-148.68379481265058,-73.99211147232603,40.72630110887149,5.0
cell_4_0,-147.67952979985003,-73.99211147232603,40.72630110887149,14.0
cell_4_1,-150.67952979985003,-73.99211147232603,40.72630110887149,20.0
cell_4_2,-148.67952979985003,-73.99211147232603,40.72630110887149,16.0
cell_5_0,-148.91749141176595,-73.99211147232603,40.72630110887149,5.0
cell_5_1,-151.41749141176595,-73.99211147232603,40.72630110887149,16.0
cell_5_2,-148.91749141176595,-73.99211147232603,40.72630110887149,5.0
cell_1_0,-147.7671615235211,-74.0194481310371,40.77793135161392,15.0
cell_1_1,-145.7671615235211,-74.0194481310371,40.77793135161392,11.0
cell_1_2,-144.2671615235211,-74.0194481310371,40.77793135161392,8.0
cell_2_0,-152.25766161661687,-74.0194481310371,40.77793135161392,16.0
cell_2_1,-150.75766161661687,-74.0194481310371,40.77793135161392,3.0
cell_2_2,-150.75766161661687,-74.0194481310371,40.77793135161392,13.0
cell_3_0,-142.83727794465796,-74.0194481310371,40.77793135161392,11.0
cell_3_1,-146.83727794465796,-74.0194481310371,40.77793135161392,19.0
cell_3_2,-145.33727794465796,-74.0194481310371,40.77793135161392,0.0
cell_4_0,-141.0213053737926,-74.0194481310371,40.77793135161392,16.0
cell_4_1,-138.0213053737926,-74.0194481310371,40.77793135161392,6.0
cell_4_2,-139.0213053737926,-74.0194481310371,40.77793135161392,4.0
cell_5_0,-110.70654112179685,-74.0194481310371,40.77793135161392,16.0
cell_5_1,-106.70654112179685,-74.0194481310371,40.77793135161392,8.0
cell_5_2,-106.70654112179685,-74.0194481310371,40.77793135161392,8.0
cell_1_0,-144.65897827430535,-74.04312898991734,40.760498066733135,12.0
cell_1_1,-143.65897827430535,-74.04312898991734,40.760498066733135,10.0
cell_1_2,-146.15897827430535,-74.04312898991734,40.760498066733135,15.0
cell_2_0,-155.88103593137828,-74.04312898991734,40.760498066733135,1.0
cell_2_1,-155.38103593137828,-74.04312898991734,40.760498066733135,2.0
cell_2_2,-154.38103593137828,-74.04312898991734,40.760498066733135,12.0
cell_3_0,-126.63019189816616,-74.04312898991734,40.760498066733135,12.0
cell_3_1,-129.13019189816617,-74.04312898991734,40.760498066733135,17.0
cell_3_2,-124.63019189816616,-74.04312898991734,40.760498066733135,8.0
cell_4_0,-129.99028816598423,-74.04312898991734,40.760498066733135,11.0
cell_4_1,-131.49028816598423,-74.04312898991734,40.760498066733135,2.0
cell_4_2,-131.99028816598423,-74.04312898991734,40.760498066733135,15.0
cell_5_0,-143.60037177176932,-74.04312898991734,40.760498066733135,19.0
cell_5_1,-141.60037177176932,-74.04312898991734,40.760498066733135,15.0
cell_5_2,-142.10037177176932,-74.04312898991734,40.760498066733135,0.0
cell_1_0,-130.49549235695878,-74.02891194598205,40.735622463482166,4.0
cell_1_1,-130.99549235695878,-74.02891194598205,40.735622463482166,3.0
cell_1_2,-131.49549235695878,-74.02891194598205,40.735622463482166,14.0
cell_2_0,-150.6335625445073,-74.02891194598205,40.735622463482166,10.0
cell_2_1,-154.1335625445073,-74.02891194598205,40.735622463482166,17.0
cell_2_2,-152.6335625445073,-74.02891194598205,40.735622463482166,2.0
cell_3_0,-131.8238949564137,-74.02891194598205,40.735622463482166,11.0
cell_3_1,-133.8238949564137,-74.02891194598205,40.735622463482166,15.0
cell_3_2,-135.8238949564137,-74.02891194598205,40.735622463482166,19.0
cell_4_0,-133.37176077879604,-74.02891194598205,40.735622463482166,16.0
cell_4_1,-129.37176077879604,-74.02891194598205,40.735622463482166,8.0
cell_4_2,-132.87176077879604,-74.02891194598205,40.735622463482166,15.0
cell_5_0,-147.02612900804255,-74.02891194598205,40.735622463482166,16.0
cell_5_1,-148.02612900804255,-74.02891194598205,40.735622463482166,18.0
cell_5_2,-143.52612900804255,-74.02891194598205,40.735622463482166,7.0
cell_1_0,-130.16047617531152,-74.02541395549876,40.74166521029896,2.0
cell_1_1,-129.16047617531152,-74.02541395549876,40.74166521029896,12.0
cell_1_2,-133.16047617531152,-74.02541395549876,40.74166521029896,20.0
cell_2_0,-150.45177579082215,-74.02541395549876,40.74166521029896,12.0
cell_2_1,-151.95177579082215,-74.02541395549876,40.74166521029896,15.0
cell_2_2,-150.45177579082215,-74.02541395549876,40.74166521029896,12.0
cell_3_0,-131.8298693618276,-74.02541395549876,40.74166521029896,4.0
cell_3_1,-135.8298693618276,-74.02541395549876,40.74166521029896,20.0
cell_3_2,-131.8298693618276,-74.02541395549876,40.74166521029896,12.0
cell_4_0,-126.15109067220966,-74.02541395549876,40.74166521029896,13.0
cell_4_1,-126.65109067220966,-74.02541395549876,40.74166521029896,14.0
cell_4_2,-128.15109067220965,-74.02541395549876,40.74166521029896,17.0
cell_5_0,-141.79010395427565,-74.02541395549876,40.74166521029896,5.0
cell_5_1,-140.79010395427565,-74.02541395549876,40.74166521029896,9.0
cell_5_2,-140.29010395427565,-74.02541395549876,40.74166521029896,8.0
cell_1_0,-146.63367247329896,-74.0048613516406,40.774308060522785,15.0
cell_1_1,-147.13367247329896,-74.0048613516406,40.774308060522785,0.0
cell_1_2,-145.63367247329896,-74.0048613516406,40.774308060522785,3.0
cell_2_0,-144.85592054603103,-74.0048613516406,40.774308060522785,6.0
cell_2_1,-145.85592054603103,-74.0048613516406,40.774308060522785,12.0
cell_2_2,-145.85592054603103,-74.0048613516406,40.774308060522785,12.0
cell_3_0,-148.82469794292592,-74.0048613516406,40.774308060522785,17.0
cell_3_1,-146.32469794292592,-74.0048613516406,40.774308060522785,12.0
cell_3_2,-147.32469794292592,-74.0048613516406,40.774308060522785,14.0
cell_4_0,-145.81660218139442,-74.0048613516406,40.774308060522785,20.0
cell_4_1,-143.81660218139442,-74.0048613516406,40.774308060522785,0.0
cell_4_2,-145.81660218139442,-74.0048613516406,40.774308060522785,20.0
cell_5_0,-125.33168350083312,-74.0048613516406,40.774308060522785,7.0
cell_5_1,-126.83168350083312,-74.0048613516406,40.774308060522785,12.0
cell_5_2,-125.83168350083312,-74.0048613516406,40.774308060522785,10.0
cell_1_0,-149.78145415721102,-74.05351867073972,40.762036963873,0.0
cell_1_1,-146.28145415721102,-74.05351867073972,40.762036963873,9.0
cell_1_2,-146.78145415721102,-74.05351867073972,40.762036963873,10.0
cell_2_0,-158.85177767131995,-74.05351867073972,40.762036963873,17.0
cell_2_1,-157.35177767131995,-74.05351867073972,40.762036963873,2.0
cell_2_2,-154.35177767131995,-74.05351867073972,40.762036963873,8.0
cell_3_0,-131.8021425018459,-74.05351867073972,40.762036963873,10.0
cell_3_1,-131.3021425018459,-74.05351867073972,40.762036963873,7.0
cell_3_2,-131.3021425018459,-74.05351867073972,40.762036963873,9.0
cell_4_0,-137.46218282573736,-74.05351867073972,40.762036963873,11.0
cell_4_1,-137.96218282573736,-74.05351867073972,40.762036963873,12.0
cell_4_2,-139.96218282573736,-74.05351867073972,40.762036963873,16.0
cell_5_0,-143.07893029548623,-74.05351867073972,40.762036963873,6.0
cell_5_1,-145.07893029548623,-74.05351867073972,40.762036963873,2.0
cell_5_2,-142.07893029548623,-74.05351867073972,40.762036963873,8.0
cell_1_0,-146.5263837880691,-74.04840704266955,40.75495876757396,1.0
cell_1_1,-148.0263837880691,-74.04840704266955,40.75495876757396,18.0
cell_1_2,-147.0263837880691,-74.04840704266955,40.75495876757396,0.0
cell_2_0,-158.32425581731692,-74.04840704266955,40.75495876757396,18.0
cell_2_1,-157.32425581731692,-74.04840704266955,40.75495876757396,16.0
cell_2_2,-157.82425581731692,-74.04840704266955,40.75495876757396,17.0
cell_3_0,-123.12950899894832,-74.04840704266955,40.75495876757396,12.0
cell_3_1,-125.62950899894832,-74.04840704266955,40.75495876757396,17.0
cell_3_2,-123.12950899894832,-74.04840704266955,40.75495876757396,12.0
cell_4_0,-135.27071822977024,-74.04840704266955,40.75495876757396,16.0
cell_4_1,-134.77071822977024,-74.04840704266955,40.75495876757396,15.0
cell_4_2,-137.27071822977024,-74.04840704266955,40.75495876757396,20.0
cell_5_0,-141.97814505892356,-74.04840704266955,40.75495876757396,7.0
cell_5_1,-142.47814505892356,-74.04840704266955,40.75495876757396,6.0
cell_5_2,-145.97814505892356,-74.04840704266955,40.75495876757396,17.0
cell_1_0,-149.56870596511342,-74.0521951967497,40.75715116246508,18.0
cell_1_1,-150.06870596511342,-74.0521951967497,40.75715116246508,19.0
cell_1_2,-145.06870596511342,-74.0521951967497,40.75715116246508,9.0
cell_2_0,-157.04013214616302,-74.0521951967497,40.75715116246508,14.0
cell_2_1,-160.04013214616302,-74.0521951967497,40.75715116246508,20.0
cell_2_2,-156.04013214616302,-74.0521951967497,40.75715116246508,4.0
cell_3_0,-130.21405388561098,-74.0521951967497,40.75715116246508,1.0
cell_3_1,-131.71405388561098,-74.0521951967497,40.75715116246508,18.0
cell_3_2,-132.71405388561098,-74.0521951967497,40.75715116246508,20.0
cell_4_0,-136.76514079869742,-74.0521951967497,40.75715116246508,3.0
cell_4_1,-137.76514079869742,-74.0521951967497,40.75715116246508,1.0
cell_4_2,-135.76514079869742,-74.0521951967497,40.75715116246508,5.0
cell_5_0,-143.85707154924495,-74.0521951967497,40.75715116246508,11.0
cell_5_1,-145.35707154924495,-74.0521951967497,40.75715116246508,2.0
cell_5_2,-145.35707154924495,-74.0521951967497,40.75715116246508,14.0
cell_1_0,-141.77546269343844,-74.02933970123513,40.76158319337813,3.0
cell_1_1,-145.27546269343844,-74.02933970123513,40.76158319337813,20.0
cell_1_2,-141.27546269343844,-74.02933970123513,40.76158319337813,12.0
cell_2_0,-155.39483261787063,-74.02933970123513,40.76158319337813,20.0
cell_2_1,-152.89483261787063,-74.02933970123513,40.76158319337813,15.0
cell_2_2,-149.89483261787063,-74.02933970123513,40.76158319337813,9.0
cell_3_0,-134.2908883023423,-74.02933970123513,40.76158319337813,16.0
cell_3_1,-134.2908883023423,-74.02933970123513,40.76158319337813,16.0
cell_3_2,-130.7908883023423,-74.02933970123513,40.76158319337813,7.0
cell_4_0,-124.47612049565538,-74.02933970123513,40.76158319337813,16.0
cell_4_1,-122.97612049565538,-74.02933970123513,40.76158319337813,13.0
cell_4_2,-123.97612049565538,-74.02933970123513,40.76158319337813,1.0
cell_5_0,-134.02245653835578,-74.02933970123513,40.76158319337813,1.0
cell_5_1,-133.02245653835578,-74.02933970123513,40.76158319337813,3.0
cell_5_2,-136.52245653835578,-74.02933970123513,40.76158319337813,20.0
cell_1_0,-136.6770030988157,-74.02896316223791,40.75475882258704,9.0
cell_1_1,-138.1770030988157,-74.02896316223791,40.75475882258704,4.0
cell_1_2,-136.6770030988157,-74.02896316223791,40.75475882258704,7.0
cell_2_0,-152.63504210048916,-74.02896316223791,40.75475882258704,1.0
cell_2_1,-151.63504210048916,-74.02896316223791,40.75475882258704,3.0
cell_2_2,-150.63504210048916,-74.02896316223791,40.75475882258704,11.0
cell_3_0,-128.48377570863218,-74.02896316223791,40.75475882258704,4.0
cell_3_1,-127.98377570863218,-74.02896316223791,40.75475882258704,5.0
cell_3_2,-129.48377570863218,-74.02896316223791,40.75475882258704,2.0
cell_4_0,-103.92519637603847,-74.02896316223791,40.75475882258704,2.0
cell_4_1,-102.92519637603847,-74.02896316223791,40.75475882258704,12.0
cell_4_2,-101.92519637603847,-74.02896316223791,40.75475882258704,6.0
cell_5_0,-135.9513087143592,-74.02896316223791,40.75475882258704,5.0
cell_5_1,-140.4513087143592,-74.02896316223791,40.75475882258704,20.0
cell_5_2,-134.4513087143592,-74.02896316223791,40.75475882258704,8.0
cell_1_0,-132.23639024607218,-74.0099373779733,40.75010553183526,2.0
cell_1_1,-129.73639024607218,-74.0099373779733,40.75010553183526,9.0
cell_1_2,-132.23639024607218,-74.0099373779733,40.75010553183526,2.0
cell_2_0,-147.4739142258041,-74.0099373779733,40.75010553183526,16.0
cell_2_1,-145.4739142258041,-74.0099373779733,40.75010553183526,12.0
cell_2_2,-145.9739142258041,-74.0099373779733,40.75010553183526,3.0
cell_3_0,-142.94755910379143,-74.0099373779733,40.75010553183526,16.0
cell_3_1,-140.44755910379143,-74.0099373779733,40.75010553183526,5.0
cell_3_2,-141.44755910379143,-74.0099373779733,40.75010553183526,13.0
cell_4_0,-133.52245881985814,-74.0099373779733,40.75010553183526,11.0
cell_4_1,-135.02245881985814,-74.0099373779733,40.75010553183526,2.0
cell_4_2,-135.52245881985814,-74.0099373779733,40.75010553183526,15.0
cell_5_0,-137.0192904567084,-74.0099373779733,40.75010553183526,10.0
cell_5_1,-139.5192904567084,-74.0099373779733,40.75010553183526,15.0
cell_5_2,-138.5192904567084,-74.0099373779733,40.75010553183526,13.0
cell_1_0,-135.5188371895075,-74.01184248995347,40.755778691831225,4.0
cell_1_1,-135.5188371895075,-74.01184248995347,40.755778691831225,4.0
cell_1_2,-134.5188371895075,-74.01184248995347,40.755778691831225,6.0
cell_2_0,-147.6860518363936,-74.01184248995347,40.755778691831225,15.0
cell_2_1,-146.1860518363936,-74.01184248995347,40.755778691831225,12.0
cell_2_2,-145.6860518363936,-74.01184248995347,40.755778691831225,5.0
cell_3_0,-138.9320244942607,-74.01184248995347,40.755778691831225,7.0
cell_3_1,-142.4320244942607,-74.01184248995347,40.755778691831225,0.0
cell_3_2,-141.4320244942607,-74.01184248995347,40.755778691831225,14.0
cell_4_0,-134.6721665607256,-74.01184248995347,40.755778691831225,0.0
cell_4_1,-131.1721665607256,-74.01184248995347,40.755778691831225,9.0
cell_4_2,-133.1721665607256,-74.01184248995347,40.755778691831225,13.0
cell_5_0,-134.02002178029184,-74.01184248995347,40.755778691831225,12.0
cell_5_1,-137.52002178029184,-74.01184248995347,40.755778691831225,19.0
cell_5_2,-138.02002178029184,-74.01184248995347,40.755778691831225,20.0
cell_1_0,-131.15346307043689,-74.02102237871856,40.74387531357177,20.0
cell_1_1,-128.15346307043689,-74.02102237871856,40.74387531357177,14.0
cell_1_2,-128.15346307043689,-74.02102237871856,40.74387531357177,14.0
cell_2_0,-149.18156918954637,-74.02102237871856,40.74387531357177,4.0
cell_2_1,-148.18156918954637,-74.02102237871856,40.74387531357177,6.0
cell_2_2,-149.68156918954637,-74.02102237871856,40.74387531357177,3.0
cell_3_0,-138.15447466092706,-74.02102237871856,40.74387531357177,19.0
cell_3_1,-138.15447466092706,-74.02102237871856,40.74387531357177,19.0
cell_3_2,-132.65447466092706,-74.02102237871856,40.74387531357177,8.0
cell_4_0,-128.4584702170912,-74.02102237871856,40.74387531357177,16.0
cell_4_1,-129.4584702170912,-74.02102237871856,40.74387531357177,18.0
cell_4_2,-130.4584702170912,-74.02102237871856,40.74387531357177,20.0
cell_5_0,-141.90932222749,-74.02102237871856,40.74387531357177,2.0
cell_5_1,-141.40932222749,-74.02102237871856,40.74387531357177,13.0
cell_5_2,-143.40932222749,-74.02102237871856,40.74387531357177,17.0
cell_1_0,-135.66052704139196,-73.9902700350907,40.723460066962986,8.0
cell_1_1,-139.66052704139196,-73.9902700350907,40.723460066962986,0.0
cell_1_2,-140.66052704139196,-73.9902700350907,40.723460066962986,18.0
cell_2_0,-142.19931355359896,-73.9902700350907,40.723460066962986,10.0
cell_2_1,-145.69931355359896,-73.9902700350907,40.723460066962986,17.0
cell_2_2,-142.19931355359896,-73.9902700350907,40.723460066962986,10.0
cell_3_0,-149.97425036327888,-73.9902700350907,40.723460066962986,4.0
cell_3_1,-147.97425036327888,-73.9902700350907,40.723460066962986,8.0
cell_3_2,-151.47425036327888,-73.9902700350907,40.723460066962986,1.0
cell_4_0,-147.69225852815876,-73.9902700350907,40.723460066962986,4.0
cell_4_1,-148.69225852815876,-73.9902700350907,40.723460066962986,2.0
cell_4_2,-150.19225852815876,-73.9902700350907,40.723460066962986,17.0
cell_5_0,-150.32623030332113,-73.9902700350907,40.723460066962986,12.0
cell_5_1,-149.82623030332113,-73.9902700350907,40.723460066962986,5.0
cell_5_2,-150.32623030332113,-73.9902700350907,40.723460066962986,12.0
cell_1_0,-145.0935652284243,-74.01982111964224,40.77592742334584,11.0
cell_1_1,-148.5935652284243,-74.01982111964224,40.77592742334584,18.0
cell_1_2,-148.0935652284243,-74.01982111964224,40.77592742334584,17.0
cell_2_0,-148.61714952083773,-74.01982111964224,40.77592742334584,7.0
cell_2_1,-153.11714952083773,-74.01982111964224,40.77592742334584,18.0
cell_2_2,-152.61714952083773,-74.01982111964224,40.77592742334584,17.0
cell_3_0,-143.06247621346634,-74.01982111964224,40.77592742334584,13.0
cell_3_1,-142.56247621346634,-74.01982111964224,40.77592742334584,12.0
cell_3_2,-141.06247621346634,-74.01982111964224,40.77592742334584,7.0
cell_4_0,-141.3803389060631,-74.01982111964224,40.77592742334584,19.0
cell_4_1,-140.3803389060631,-74.01982111964224,40.77592742334584,17.0
cell_4_2,-137.8803389060631,-74.01982111964224,40.77592742334584,12.0
cell_5_0,-104.68038702544291,-74.01982111964224,40.77592742334584,3.0
cell_5_1,-108.18038702544291,-74.01982111964224,40.77592742334584,20.0
cell_5_2,-102.18038702544291,-74.01982111964224,40.77592742334584,8.0
cell_1_0,-141.68778857137545,-74.01273199707617,40.769032057827,6.0
cell_1_1,-143.18778857137545,-74.01273199707617,40.769032057827,3.0
cell_1_2,-142.68778857137545,-74.01273199707617,40.769032057827,4.0
cell_2_0,-148.9535169448688,-74.01273199707617,40.769032057827,1.0
cell_2_1,-148.9535169448688,-74.01273199707617,40.769032057827,15.0
cell_2_2,-147.9535169448688,-74.01273199707617,40.769032057827,3.0
cell_3_0,-145.6995498988311,-74.01273199707617,40.769032057827,18.0
cell_3_1,-141.1995498988311,-74.01273199707617,40.769032057827,9.0
cell_3_2,-146.6995498988311,-74.01273199707617,40.769032057827,20.0
cell_4_0,-134.78183885789161,-74.01273199707617,40.769032057827,8.0
cell_4_1,-136.78183885789161,-74.01273199707617,40.769032057827,12.0
cell_4_2,-138.78183885789161,-74.01273199707617,40.769032057827,16.0
cell_5_0,-117.49406322959808,-74.01273199707617,40.769032057827,7.0
cell_5_1,-117.99406322959808,-74.01273199707617,40.769032057827,6.0
cell_5_2,-118.99406322959808,-74.01273199707617,40.769032057827,12.0
cell_1_0,-152.90329893889125,-73.96417801165275,40.76898032623293,16.0
cell_1_1,-149.90329893889125,-73.96417801165275,40.76898032623293,10.0
cell_1_2,-150.90329893889125,-73.96417801165275,40.76898032623293,4.0
cell_2_0,-131.9684936025792,-73.96417801165275,40.76898032623293,4.0
cell_2_1,-131.9684936025792,-73.96417801165275,40.76898032623293,4.0
cell_2_2,-131.4684936025792,-73.96417801165275,40.76898032623293,5.0
cell_3_0,-156.64563641271567,-73.96417801165275,40.76898032623293,15.0
cell_3_1,-155.14563641271567,-73.96417801165275,40.76898032623293,12.0
cell_3_2,-159.14563641271567,-73.96417801165275,40.76898032623293,20.0
cell_4_0,-156.63427812556634,-73.96417801165275,40.76898032623293,20.0
cell_4_1,-151.63427812556634,-73.96417801165275,40.76898032623293,10.0
cell_4_2,-151.63427812556634,-73.96417801165275,40.76898032623293,6.0
cell_5_0,-148.0441607757718,-73.96417801165275,40.76898032623293,10.0
cell_5_1,-151.0441607757718,-73.96417801165275,40.76898032623293,0.0
cell_5_2,-150.0441607757718,-73.96417801165275,40.76898032623293,14.0
cell_1_0,-154.59828846336092,-73.95476967866348,40.757715147793,18.0
cell_1_1,-153.09828846336092,-73.95476967866348,40.757715147793,1.0
cell_1_2,-150.09828846336092,-73.95476967866348,40.757715147793,9.0
cell_2_0,-130.4229282590355,-73.95476967866348,40.757715147793,15.0
cell_2_1,-127.9229282590355,-73.95476967866348,40.757715147793,6.0
cell_2_2,-128.9229282590355,-73.95476967866348,40.757715147793,12.0
cell_3_0,-155.96169861870948,-73.95476967866348,40.757715147793,5.0
cell_3_1,-156.46169861870948,-73.95476967866348,40.757715147793,12.0
cell_3_2,-157.46169861870948,-73.95476967866348,40.757715147793,2.0
cell_4_0,-154.73606922431625,-73.95476967866348,40.757715147793,13.0
cell_4_1,-154.23606922431625,-73.95476967866348,40.757715147793,12.0
cell_4_2,-155.23606922431625,-73.95476967866348,40.757715147793,14.0
cell_5_0,-153.98646535175942,-73.95476967866348,40.757715147793,0.0
cell_5_1,-153.48646535175942,-73.95476967866348,40.757715147793,15.0
cell_5_2,-153.98646535175942,-73.95476967866348,40.757715147793,16.0
cell_1_0,-128.2465672302622,-74.02521372499383,40.74211586620056,10.0
cell_1_1,-130.7465672302622,-74.02521372499383,40.74211586620056,1.0
cell_1_2,-131.7465672302622,-74.02521372499383,40.74211586620056,17.0
cell_2_0,-152.88017427474227,-74.02521372499383,40.74211586620056,17.0
cell_2_1,-154.38017427474227,-74.02521372499383,40.74211586620056,20.0
cell_2_2,-151.88017427474227,-74.02521372499383,40.74211586620056,15.0
cell_3_0,-131.34216755133667,-74.02521372499383,40.74211586620056,11.0
cell_3_1,-133.34216755133667,-74.02521372499383,40.74211586620056,1.0
cell_3_2,-132.84216755133667,-74.02521372499383,40.74211586620056,2.0
cell_4_0,-126.19602770882916,-74.02521372499383,40.74211586620056,14.0
cell_4_1,-124.69602770882916,-74.02521372499383,40.74211586620056,11.0
cell_4_2,-126.69602770882916,-74.02521372499383,40.74211586620056,15.0
cell_5_0,-144.07302632654262,-74.02521372499383,40.74211586620056,0.0
cell_5_1,-141.07302632654262,-74.02521372499383,40.74211586620056,6.0
cell_5_2,-142.07302632654262,-74.02521372499383,40.74211586620056,12.0
cell_1_0,-145.4710402026177,-74.05055435231462,40.7422765050407,15.0
cell_1_1,-143.4710402026177,-74.05055435231462,40.7422765050407,5.0
cell_1_2,-145.9710402026177,-74.05055435231462,40.7422765050407,16.0
cell_2_0,-153.81766603845654,-74.05055435231462,40.7422765050407,8.0
cell_2_1,-157.31766603845654,-74.05055435231462,40.7422765050407,15.0
cell_2_2,-156.31766603845654,-74.05055435231462,40.7422765050407,13.0
cell_3_0,-124.77273081063066,-74.05055435231462,40.7422765050407,5.0
cell_3_1,-124.27273081063066,-74.05055435231462,40.7422765050407,6.0
cell_3_2,-128.27273081063066,-74.05055435231462,40.7422765050407,18.0
cell_4_0,-136.34469085789775,-74.05055435231462,40.7422765050407,12.0
cell_4_1,-137.34469085789775,-74.05055435231462,40.7422765050407,14.0
cell_4_2,-138.34469085789775,-74.05055435231462,40.7422765050407,16.0
cell_5_0,-149.4919705952254,-74.05055435231462,40.7422765050407,17.0
cell_5_1,-149.4919705952254,-74.05055435231462,40.7422765050407,17.0
cell_5_2,-146.9919705952254,-74.05055435231462,40.7422765050407,4.0
cell_1_0,-143.6172399661796,-74.04946928622795,40.75062256535995,6.0
cell_1_1,-144.6172399661796,-74.04946928622795,40.75062256535995,12.0
cell_1_2,-144.6172399661796,-74.04946928622795,40.75062256535995,12.0
cell_2_0,-154.51512576198064,-74.04946928622795,40.75062256535995,6.0
cell_2_1,-158.01512576198064,-74.04946928622795,40.75062256535995,17.0
cell_2_2,-159.01512576198064,-74.04946928622795,40.75062256535995,19.0
cell_3_0,-122.16602542622512,-74.04946928622795,40.75062256535995,14.0
cell_3_1,-120.66602542622512,-74.04946928622795,40.75062256535995,5.0
cell_3_2,-120.16602542622512,-74.04946928622795,40.75062256535995,6.0
cell_4_0,-133.51119960796126,-74.04946928622795,40.75062256535995,11.0
cell_4_1,-132.51119960796126,-74.04946928622795,40.75062256535995,7.0
cell_4_2,-135.01119960796126,-74.04946928622795,40.75062256535995,14.0
cell_5_0,-146.29482331120624,-74.04946928622795,40.75062256535995,1.0
cell_5_1,-147.29482331120624,-74.04946928622795,40.75062256535995,17.0
cell_5_2,-148.29482331120624,-74.04946928622795,40.75062256535995,19.0
cell_1_0,-141.21601785551928,-74.04264976851458,40.74880426970356,5.0
cell_1_1,-145.71601785551928,-74.04264976851458,40.74880426970356,20.0
cell_1_2,-141.71601785551928,-74.04264976851458,40.74880426970356,4.0
cell_2_0,-155.7018243122748,-74.04264976851458,40.74880426970356,15.0
cell_2_1,-153.2018243122748,-74.04264976851458,40.74880426970356,6.0
cell_2_2,-152.7018243122748,-74.04264976851458,40.74880426970356,7.0
cell_3_0,-94.94531992265763,-74.04264976851458,40.74880426970356,13.0
cell_3_1,-96.44531992265763,-74.04264976851458,40.74880426970356,16.0
cell_3_2,-92.94531992265763,-74.04264976851458,40.74880426970356,9.0
cell_4_0,-126.56414942081324,-74.04264976851458,40.74880426970356,7.0
cell_4_1,-126.56414942081324,-74.04264976851458,40.74880426970356,9.0
cell_4_2,-128.56414942081324,-74.04264976851458,40.74880426970356,3.0
cell_5_0,-142.23843930916144,-74.04264976851458,40.74880426970356,10.0
cell_5_1,-145.23843930916144,-74.04264976851458,40.74880426970356,0.0
cell_5_2,-146.23843930916144,-74.04264976851458,40.74880426970356,18.0
cell_1_0,-143.88190549202852,-74.02757228965761,40.77481888884619,8.0
cell_1_1,-145.38190549202852,-74.02757228965761,40.77481888884619,11.0
cell_1_2,-144.38190549202852,-74.02757228965761,40.77481888884619,9.0
cell_2_0,-154.30336460556882,-74.02757228965761,40.77481888884619,17.0
cell_2_1,-152.80336460556882,-74.02757228965761,40.77481888884619,2.0
cell_2_2,-153.80336460556882,-74.02757228965761,40.77481888884619,0.0
cell_3_0,-139.63944127582505,-74.02757228965761,40.77481888884619,5.0
cell_3_1,-143.13944127582505,-74.02757228965761,40.77481888884619,18.0
cell_3_2,-139.63944127582505,-74.02757228965761,40.77481888884619,11.0
cell_4_0,-138.4961222992705,-74.02757228965761,40.77481888884619,17.0
cell_4_1,-136.4961222992705,-74.02757228965761,40.77481888884619,13.0
cell_4_2,-138.4961222992705,-74.02757228965761,40.77481888884619,17.0
cell_5_0,-126.10235860316746,-74.02757228965761,40.77481888884619,16.0
cell_5_1,-128.10235860316746,-74.02757228965761,40.77481888884619,20.0
cell_5_2,-123.60235860316746,-74.02757228965761,40.77481888884619,11.0
cell_1_0,-124.03119108780885,-74.01635251768312,40.72408045629385,4.0
cell_1_1,-124.53119108780885,-74.01635251768312,40.72408045629385,13.0
cell_1_2,-127.03119108780885,-74.01635251768312,40.72408045629385,18.0
cell_2_0,-151.28069600565976,-74.01635251768312,40.72408045629385,1.0
cell_2_1,-150.78069600565976,-74.01635251768312,40.72408045629385,2.0
cell_2_2,-148.28069600565976,-74.01635251768312,40.72408045629385,7.0
cell_3_0,-141.04557961000376,-74.01635251768312,40.72408045629385,9.0
cell_3_1,-143.54557961000376,-74.01635251768312,40.72408045629385,14.0
cell_3_2,-145.54557961000376,-74.01635251768312,40.72408045629385,18.0
cell_4_0,-142.88428989511158,-74.01635251768312,40.72408045629385,16.0
cell_4_1,-144.88428989511158,-74.01635251768312,40.72408045629385,20.0
cell_4_2,-141.38428989511158,-74.01635251768312,40.72408045629385,13.0
cell_5_0,-151.29986604883865,-74.01635251768312,40.72408045629385,18.0
cell_5_1,-149.29986604883865,-74.01635251768312,40.72408045629385,2.0
cell_5_2,-152.29986604883865,-74.01635251768312,40.72408045629385,20.0
cell_1_0,-138.70952821828027,-74.0352097052141,40.754120776062386,9.0
cell_1_1,-139.70952821828027,-74.0352097052141,40.754120776062386,5.0
cell_1_2,-138.70952821828027,-74.0352097052141,40.754120776062386,7.0
cell_2_0,-154.60468635469277,-74.0352097052141,40.754120776062386,0.0
cell_2_1,-151.10468635469277,-74.0352097052141,40.754120776062386,9.0
cell_2_2,-153.10468635469277,-74.0352097052141,40.754120776062386,13.0
cell_3_0,-122.7227727388761,-74.0352097052141,40.754120776062386,16.0
cell_3_1,-121.2227727388761,-74.0352097052141,40.754120776062386,13.0
cell_3_2,-122.2227727388761,-74.0352097052141,40.754120776062386,1.0
cell_4_0,-116.85454332070798,-74.0352097052141,40.754120776062386,1.0
cell_4_1,-114.35454332070798,-74.0352097052141,40.754120776062386,10.0
cell_4_2,-118.35454332070798,-74.0352097052141,40.754120776062386,18.0
cell_5_0,-138.9521488971603,-74.0352097052141,40.754120776062386,12.0
cell_5_1,-138.9521488971603,-74.0352097052141,40.754120776062386,12.0
cell_5_2,-137.4521488971603,-74.0352097052141,40.754120776062386,7.0
cell_1_0,-141.23096577836904,-73.99343716319703,40.75366746714867,0.0
cell_1_1,-141.23096577836904,-73.99343716319703,40.75366746714867,0.0
cell_1_2,-139.23096577836904,-73.99343716319703,40.75366746714867,4.0
cell_2_0,-139.44346190310452,-73.99343716319703,40.75366746714867,15.0
cell_2_1,-137.94346190310452,-73.99343716319703,40.75366746714867,12.0
cell_2_2,-136.44346190310452,-73.99343716319703,40.75366746714867,9.0
cell_3_0,-145.9541048086514,-73.99343716319703,40.75366746714867,9.0
cell_3_1,-147.4541048086514,-73.99343716319703,40.75366746714867,12.0
cell_3_2,-145.9541048086514,-73.99343716319703,40.75366746714867,7.0
cell_4_0,-144.6722841508294,-73.99343716319703,40.75366746714867,1.0
cell_4_1,-147.1722841508294,-73.99343716319703,40.75366746714867,20.0
cell_4_2,-144.1722841508294,-73.99343716319703,40.75366746714867,2.0
cell_5_0,-139.71310104264458,-73.99343716319703,40.75366746714867,7.0
cell_5_1,-144.21310104264458,-73.99343716319703,40.75366746714867,18.0
cell_5_2,-141.21310104264458,-73.99343716319703,40.75366746714867,4.0
cell_1_0,-148.77453990280648,-74.02333882469684,40.781953538926,14.0
cell_1_1,-151.77453990280648,-74.02333882469684,40.781953538926,20.0
cell_1_2,-148.77453990280648,-74.02333882469684,40.781953538926,14.0
cell_2_0,-154.09295116956392,-74.02333882469684,40.781953538926,17.0
cell_2_1,-149.59295116956392,-74.02333882469684,40.781953538926,8.0
cell_2_2,-153.09295116956392,-74.02333882469684,40.781953538926,1.0
cell_3_0,-145.87801930261998,-74.02333882469684,40.781953538926,16.0
cell_3_1,-143.37801930261998,-74.02333882469684,40.781953538926,11.0
cell_3_2,-145.87801930261998,-74.02333882469684,40.781953538926,16.0
cell_4_0,-143.45234819600935,-74.02333882469684,40.781953538926,18.0
cell_4_1,-139.45234819600935,-74.02333882469684,40.781953538926,10.0
cell_4_2,-139.95234819600935,-74.02333882469684,40.781953538926,5.0
cell_5_0,-122.53595361100908,-74.02333882469684,40.781953538926,12.0
cell_5_1,-122.53595361100908,-74.02333882469684,40.781953538926,4.0
cell_5_2,-121.53595361100908,-74.02333882469684,40.781953538926,10.0
cell_1_0,-153.58275468570667,-73.95045956150558,40.763975285222365,13.0
cell_1_1,-157.08275468570667,-73.95045956150558,40.763975285222365,20.0
cell_1_2,-153.08275468570667,-73.95045956150558,40.763975285222365,4.0
cell_2_0,-135.90269566164696,-73.95045956150558,40.763975285222365,14.0
cell_2_1,-138.40269566164696,-73.95045956150558,40.763975285222365,19.0
cell_2_2,-134.40269566164696,-73.95045956150558,40.763975285222365,11.0
cell_3_0,-156.8337417093042,-73.95045956150558,40.763975285222365,5.0
cell_3_1,-157.3337417093042,-73.95045956150558,40.763975285222365,4.0
cell_3_2,-157.3337417093042,-73.95045956150558,40.763975285222365,12.0
cell_4_0,-153.71011283874665,-73.95045956150558,40.763975285222365,7.0
cell_4_1,-155.21011283874665,-73.95045956150558,40.763975285222365,12.0
cell_4_2,-153.71011283874665,-73.95045956150558,40.763975285222365,9.0
cell_5_0,-151.14696007207854,-73.95045956150558,40.763975285222365,9.0
cell_5_1,-154.64696007207854,-73.95045956150558,40.763975285222365,16.0
cell_5_2,-151.14696007207854,-73.95045956150558,40.763975285222365,7.0
cell_1_0,-126.77320435290513,-73.99964401822392,40.73357887386483,9.0
cell_1_1,-131.2732043529051,-73.99964401822392,40.73357887386483,18.0
cell_1_2,-127.27320435290513,-73.99964401822392,40.73357887386483,10.0
cell_2_0,-142.39489570766955,-73.99964401822392,40.73357887386483,10.0
cell_2_1,-145.39489570766955,-73.99964401822392,40.73357887386483,16.0
cell_2_2,-142.39489570766955,-73.99964401822392,40.73357887386483,10.0
cell_3_0,-147.66103358071996,-73.99964401822392,40.73357887386483,15.0
cell_3_1,-144.16103358071996,-73.99964401822392,40.73357887386483,8.0
cell_3_2,-149.16103358071996,-73.99964401822392,40.73357887386483,18.0
cell_4_0,-141.29889564420878,-73.99964401822392,40.73357887386483,9.0
cell_4_1,-145.79889564420878,-73.99964401822392,40.73357887386483,18.0
cell_4_2,-141.29889564420878,-73.99964401822392,40.73357887386483,9.0
cell_5_0,-146.41741847044312,-73.99964401822392,40.73357887386483,12.0
cell_5_1,-145.41741847044312,-73.99964401822392,40.73357887386483,10.0
cell_5_2,-146.91741847044312,-73.99964401822392,40.73357887386483,3.0
cell_1_0,-153.87881849331592,-73.96343185143748,40.771206646903984,17.0
cell_1_1,-150.87881849331592,-73.96343185143748,40.771206646903984,5.0
cell_1_2,-149.87881849331592,-73.96343185143748,40.771206646903984,7.0
cell_2_0,-131.88653450628055,-73.96343185143748,40.771206646903984,8.0
cell_2_1,-135.88653450628055,-73.96343185143748,40.771206646903984,0.0
cell_2_2,-135.38653450628055,-73.96343185143748,40.771206646903984,15.0
cell_3_0,-157.89488263020553,-73.96343185143748,40.771206646903984,17.0
cell_3_1,-155.39488263020553,-73.96343185143748,40.771206646903984,4.0
cell_3_2,-155.89488263020553,-73.96343185143748,40.771206646903984,13.0
cell_4_0,-151.4240143187937,-73.96343185143748,40.771206646903984,9.0
cell_4_1,-155.9240143187937,-73.96343185143748,40.771206646903984,18.0
cell_4_2,-153.9240143187937,-73.96343185143748,40.771206646903984,14.0
cell_5_0,-149.1981477760226,-73.96343185143748,40.771206646903984,4.0
cell_5_1,-150.6981477760226,-73.96343185143748,40.771206646903984,1.0
cell_5_2,-152.1981477760226,-73.96343185143748,40.771206646903984,18.0
cell_1_0,-125.33202528530141,-74.01839748747564,40.723081122381295,10.0
cell_1_1,-125.33202528530141,-74.01839748747564,40.723081122381295,6.0
cell_1_2,-125.83202528530141,-74.01839748747564,40.723081122381295,5.0
cell_2_0,-150.38469060117708,-74.01839748747564,40.723081122381295,12.0
cell_2_1,-148.88469060117708,-74.01839748747564,40.723081122381295,7.0
cell_2_2,-151.38469060117708,-74.01839748747564,40.723081122381295,14.0
cell_3_0,-141.73908041758324,-74.01839748747564,40.723081122381295,11.0
cell_3_1,-143.23908041758324,-74.01839748747564,40.723081122381295,2.0
cell_3_2,-145.73908041758324,-74.01839748747564,40.723081122381295,19.0
cell_4_0,-139.4390306113554,-74.01839748747564,40.723081122381295,9.0
cell_4_1,-139.9390306113554,-74.01839748747564,40.723081122381295,10.0
cell_4_2,-142.9390306113554,-74.01839748747564,40.723081122381295,0.0
cell_5_0,-148.59748827664785,-74.01839748747564,40.723081122381295,12.0
cell_5_1,-147.09748827664785,-74.01839748747564,40.723081122381295,7.0
cell_5_2,-149.59748827664785,-74.01839748747564,40.723081122381295,14.0
cell_1_0,-140.20370706501177,-73.99322944529379,40.75735176257342,5.0
cell_1_1,-144.70370706501177,-73.99322944529379,40.75735176257342,20.0
cell_1_2,-142.20370706501177,-73.99322944529379,40.75735176257342,1.0
cell_2_0,-141.1166959743348,-73.99322944529379,40.75735176257342,18.0
cell_2_1,-138.1166959743348,-73.99322944529379,40.75735176257342,4.0
cell_2_2,-139.1166959743348,-73.99322944529379,40.75735176257342,14.0
cell_3_0,-151.68744648157528,-73.99322944529379,40.75735176257342,20.0
cell_3_1,-145.68744648157528,-73.99322944529379,40.75735176257342,8.0
cell_3_2,-146.68744648157528,-73.99322944529379,40.75735176257342,6.0
cell_4_0,-142.39313267037488,-73.99322944529379,40.75735176257342,6.0
cell_4_1,-141.89313267037488,-73.99322944529379,40.75735176257342,7.0
cell_4_2,-143.89313267037488,-73.99322944529379,40.75735176257342,13.0
cell_5_0,-140.14805160913238,-73.99322944529379,40.75735176257342,12.0
cell_5_1,-139.14805160913238,-73.99322944529379,40.75735176257342,6.0
cell_5_2,-141.64805160913238,-73.99322944529379,40.75735176257342,15.0
cell_1_0,-149.55076844798566,-74.05891024534452,40.749908855578816,0.0
cell_1_1,-145.55076844798566,-74.05891024534452,40.749908855578816,8.0
cell_1_2,-146.05076844798566,-74.05891024534452,40.749908855578816,9.0
cell_2_0,-156.67928424522538,-74.05891024534452,40.749908855578816,11.0
cell_2_1,-158.67928424522538,-74.05891024534452,40.749908855578816,15.0
cell_2_2,-159.67928424522538,-74.05891024534452,40.749908855578816,17.0
cell_3_0,-133.8031223837263,-74.05891024534452,40.749908855578816,15.0
cell_3_1,-133.8031223837263,-74.05891024534452,40.749908855578816,1.0
cell_3_2,-130.3031223837263,-74.05891024534452,40.749908855578816,8.0
cell_4_0,-138.4380428241054,-74.05891024534452,40.749908855578816,7.0
cell_4_1,-139.9380428241054,-74.05891024534452,40.749908855578816,12.0
cell_4_2,-138.9380428241054,-74.05891024534452,40.749908855578816,10.0
cell_5_0,-150.6189139668607,-74.05891024534452,40.749908855578816,18.0
cell_5_1,-147.1189139668607,-74.05891024534452,40.749908855578816,5.0
cell_5_2,-148.6189139668607,-74.05891024534452,40.749908855578816,2.0
cell_1_0,-135.65459112018578,-74.03507523031689,40.730281661126874,12.0
cell_1_1,-134.65459112018578,-74.03507523031689,40.730281661126874,10.0
cell_1_2,-138.15459112018578,-74.03507523031689,40.730281661126874,17.0
cell_2_0,-156.81972699054717,-74.03507523031689,40.730281661126874,19.0
cell_2_1,-151.81972699054717,-74.03507523031689,40.730281661126874,7.0
cell_2_2,-155.31972699054717,-74.03507523031689,40.730281661126874,16.0
cell_3_0,-134.47231299271772,-74.03507523031689,40.730281661126874,2.0
cell_3_1,-133.47231299271772,-74.03507523031689,40.730281661126874,4.0
cell_3_2,-133.97231299271772,-74.03507523031689,40.730281661126874,3.0
cell_4_0,-138.02210532464466,-74.03507523031689,40.730281661126874,0.0
cell_4_1,-137.02210532464466,-74.03507523031689,40.730281661126874,14.0
cell_4_2,-137.02210532464466,-74.03507523031689,40.730281661126874,2.0
cell_5_0,-147.447589373771,-74.03507523031689,40.730281661126874,4.0
cell_5_1,-149.447589373771,-74.03507523031689,40.730281661126874,16.0
cell_5_2,-150.947589373771,-74.03507523031689,40.730281661126874,19.0
cell_1_0,-134.92861208757154,-73.99508758031996,40.73735142254298,16.0
cell_1_1,-134.42861208757154,-73.99508758031996,40.73735142254298,1.0
cell_1_2,-130.92861208757154,-73.99508758031996,40.73735142254298,8.0
cell_2_0,-143.2802448220631,-73.99508758031996,40.73735142254298,17.0
cell_2_1,-142.2802448220631,-73.99508758031996,40.73735142254298,1.0
cell_2_2,-139.7802448220631,-73.99508758031996,40.73735142254298,10.0
cell_3_0,-147.75512520860724,-73.99508758031996,40.73735142254298,13.0
cell_3_1,-148.75512520860724,-73.99508758031996,40.73735142254298,15.0
cell_3_2,-151.25512520860724,-73.99508758031996,40.73735142254298,20.0
cell_4_0,-143.7529253854293,-73.99508758031996,40.73735142254298,12.0
cell_4_1,-144.7529253854293,-73.99508758031996,40.73735142254298,14.0
cell_4_2,-142.7529253854293,-73.99508758031996,40.73735142254298,6.0
cell_5_0,-148.96497525060013,-73.99508758031996,40.73735142254298,18.0
cell_5_1,-149.96497525060013,-73.99508758031996,40.73735142254298,20.0
cell_5_2,-146.46497525060013,-73.99508758031996,40.73735142254298,13.0
cell_1_0,-146.01386653922057,-74.02174499289929,40.78305162798408,8.0
cell_1_1,-151.51386653922057,-74.02174499289929,40.78305162798408,19.0
cell_1_2,-149.01386653922057,-74.02174499289929,40.78305162798408,2.0
cell_2_0,-151.88491701416254,-74.02174499289929,40.78305162798408,13.0
cell_2_1,-153.38491701416254,-74.02174499289929,40.78305162798408,0.0
cell_2_2,-154.38491701416254,-74.02174499289929,40.78305162798408,18.0
cell_3_0,-143.55442805547165,-74.02174499289929,40.78305162798408,10.0
cell_3_1,-142.55442805547165,-74.02174499289929,40.78305162798408,8.0
cell_3_2,-146.55442805547165,-74.02174499289929,40.78305162798408,16.0
cell_4_0,-142.15504293501482,-74.02174499289929,40.78305162798408,2.0
cell_4_1,-141.15504293501482,-74.02174499289929,40.78305162798408,12.0
cell_4_2,-139.15504293501482,-74.02174499289929,40.78305162798408,8.0
cell_5_0,-121.5144270776691,-74.02174499289929,40.78305162798408,10.0
cell_5_1,-123.5144270776691,-74.02174499289929,40.78305162798408,14.0
cell_5_2,-122.5144270776691,-74.02174499289929,40.78305162798408,12.0
cell_1_0,-139.55366251656352,-74.01820529644218,40.758470208718556,0.0
cell_1_1,-138.55366251656352,-74.01820529644218,40.758470208718556,14.0
cell_1_2,-138.05366251656352,-74.01820529644218,40.758470208718556,3.0
cell_2_0,-146.30453943748307,-74.01820529644218,40.758470208718556,8.0
cell_2_1,-150.30453943748307,-74.01820529644218,40.758470208718556,0.0
cell_2_2,-147.30453943748307,-74.01820529644218,40.758470208718556,6.0
cell_3_0,-135.58506441047797,-74.01820529644218,40.758470208718556,8.0
cell_3_1,-136.58506441047797,-74.01820529644218,40.758470208718556,10.0
cell_3_2,-139.08506441047797,-74.01820529644218,40.758470208718556,15.0
cell_4_0,-127.61650877267152,-74.01820529644218,40.758470208718556,12.0
cell_4_1,-129.61650877267152,-74.01820529644218,40.758470208718556,0.0
cell_4_2,-129.61650877267152,-74.01820529644218,40.758470208718556,0.0
cell_5_0,-132.66102926485885,-74.01820529644218,40.758470208718556,1.0
cell_5_1,-130.66102926485885,-74.01820529644218,40.758470208718556,11.0
cell_5_2,-129.16102926485885,-74.01820529644218,40.758470208718556,8.0
cell_1_0,-149.6874400330467,-73.97993573585454,40.77851987400064,4.0
cell_1_1,-152.6874400330467,-73.97993573585454,40.77851987400064,18.0
cell_1_2,-148.1874400330467,-73.97993573585454,40.77851987400064,9.0
cell_2_0,-141.36192228680378,-73.97993573585454,40.77851987400064,1.0
cell_2_1,-141.36192228680378,-73.97993573585454,40.77851987400064,15.0
cell_2_2,-140.36192228680378,-73.97993573585454,40.77851987400064,3.0
cell_3_0,-156.28656951223346,-73.97993573585454,40.77851987400064,19.0
cell_3_1,-154.28656951223346,-73.97993573585454,40.77851987400064,1.0
cell_3_2,-153.28656951223346,-73.97993573585454,40.77851987400064,13.0
cell_4_0,-149.83764548355003,-73.97993573585454,40.77851987400064,12.0
cell_4_1,-149.33764548355003,-73.97993573585454,40.77851987400064,5.0
cell_4_2,-150.83764548355003,-73.97993573585454,40.77851987400064,2.0
cell_5_0,-142.16391458361068,-73.97993573585454,40.77851987400064,7.0
cell_5_1,-143.16391458361068,-73.97993573585454,40.77851987400064,5.0
cell_5_2,-143.16391458361068,-73.97993573585454,40.77851987400064,11.0
cell_1_0,-144.56368729258094,-73.97532467427122,40.74968440693556,5.0
cell_1_1,-143.56368729258094,-73.97532467427122,40.74968440693556,9.0
cell_1_2,-147.06368729258094,-73.97532467427122,40.74968440693556,0.0
cell_2_0,-122.9963723243884,-73.97532467427122,40.74968440693556,18.0
cell_2_1,-118.4963723243884,-73.97532467427122,40.74968440693556,9.0
cell_2_2,-119.4963723243884,-73.97532467427122,40.74968440693556,5.0
cell_3_0,-150.7508106174845,-73.97532467427122,40.74968440693556,9.0
cell_3_1,-155.7508106174845,-73.97532467427122,40.74968440693556,19.0
cell_3_2,-155.2508106174845,-73.97532467427122,40.74968440693556,18.0
cell_4_0,-148.8388047293805,-73.97532467427122,40.74968440693556,5.0
cell_4_1,-150.3388047293805,-73.97532467427122,40.74968440693556,14.0
cell_4_2,-148.3388047293805,-73.97532467427122,40.74968440693556,10.0
cell_5_0,-147.713652808867,-73.97532467427122,40.74968440693556,12.0
cell_5_1,-148.713652808867,-73.97532467427122,40.74968440693556,14.0
cell_5_2,-146.713652808867,-73.97532467427122,40.74968440693556,10.0
cell_1_0,-150.4489646741165,-73.9850130095823,40.783012350307274,13.0
cell_1_1,-149.9489646741165,-73.9850130095823,40.783012350307274,12.0
cell_1_2,-147.9489646741165,-73.9850130095823,40.783012350307274,8.0
cell_2_0,-141.8363729062727,-73.9850130095823,40.783012350307274,6.0
cell_2_1,-142.8363729062727,-73.9850130095823,40.783012350307274,4.0
cell_2_2,-143.8363729062727,-73.9850130095823,40.783012350307274,14.0
cell_3_0,-153.27047786680023,-73.9850130095823,40.783012350307274,2.0
cell_3_1,-150.77047786680023,-73.9850130095823,40.783012350307274,9.0
cell_3_2,-155.27047786680023,-73.9850130095823,40.783012350307274,18.0
cell_4_0,-152.28044149697908,-73.9850130095823,40.783012350307274,18.0
cell_4_1,-149.78044149697908,-73.9850130095823,40.783012350307274,3.0
cell_4_2,-148.28044149697908,-73.9850130095823,40.783012350307274,6.0
cell_5_0,-141.3352121850461,-73.9850130095823,40.783012350307274,5.0
cell_5_1,-143.8352121850461,-73.9850130095823,40.783012350307274,16.0
cell_5_2,-139.8352121850461,-73.9850130095823,40.783012350307274,8.0
cell_1_0,-140.33061056507853,-74.02525571935682,40.76042531500786,13.0
cell_1_1,-141.83061056507853,-74.02525571935682,40.76042531500786,16.0
cell_1_2,-140.83061056507853,-74.02525571935682,40.76042531500786,2.0
cell_2_0,-153.33109260954762,-74.02525571935682,40.76042531500786,18.0
cell_2_1,-148.83109260954762,-74.02525571935682,40.76042531500786,9.0
cell_2_2,-150.33109260954762,-74.02525571935682,40.76042531500786,4.0
cell_3_0,-135.60344874083466,-74.02525571935682,40.76042531500786,15.0
cell_3_1,-136.10344874083466,-74.02525571935682,40.76042531500786,0.0
cell_3_2,-134.60344874083466,-74.02525571935682,40.76042531500786,3.0
cell_4_0,-125.41716643670247,-74.02525571935682,40.76042531500786,18.0
cell_4_1,-121.41716643670247,-74.02525571935682,40.76042531500786,6.0
cell_4_2,-123.91716643670247,-74.02525571935682,40.76042531500786,15.0
cell_5_0,-134.74679832356924,-74.02525571935682,40.76042531500786,19.0
cell_5_1,-134.24679832356924,-74.02525571935682,40.76042531500786,18.0
cell_5_2,-131.24679832356924,-74.02525571935682,40.76042531500786,4.0
cell_1_0,-135.33644825462034,-74.0337186559111,40.738429200722955,13.0
cell_1_1,-138.33644825462034,-74.0337186559111,40.738429200722955,19.0
cell_1_2,-138.33644825462034,-74.0337186559111,40.738429200722955,19.0
cell_2_0,-152.57252830828443,-74.0337186559111,40.738429200722955,4.0
cell_2_1,-154.57252830828443,-74.0337186559111,40.738429200722955,0.0
cell_2_2,-153.57252830828443,-74.0337186559111,40.738429200722955,2.0
cell_3_0,-127.98551436345261,-74.0337186559111,40.738429200722955,2.0
cell_3_1,-126.48551436345261,-74.0337186559111,40.738429200722955,11.0
cell_3_2,-128.9855143634526,-74.0337186559111,40.738429200722955,0.0
cell_4_0,-131.1705905782723,-74.0337186559111,40.738429200722955,16.0
cell_4_1,-129.1705905782723,-74.0337186559111,40.738429200722955,12.0
cell_4_2,-129.1705905782723,-74.0337186559111,40.738429200722955,12.0
cell_5_0,-147.66856990995205,-74.0337186559111,40.738429200722955,18.0
cell_5_1,-144.16856990995205,-74.0337186559111,40.738429200722955,11.0
cell_5_2,-146.66856990995205,-74.0337186559111,40.738429200722955,16.0
cell_1_0,-149.182577043892,-73.96286788081144,40.75295456875539,12.0
cell_1_1,-149.182577043892,-73.96286788081144,40.75295456875539,4.0
cell_1_2,-147.682577043892,-73.96286788081144,40.75295456875539,7.0
cell_2_0,-112.54855035833548,-73.96286788081144,40.75295456875539,11.0
cell_2_1,-111.04855035833548,-73.96286788081144,40.75295456875539,8.0
cell_2_2,-111.54855035833548,-73.96286788081144,40.75295456875539,9.0
cell_3_0,-157.90492802128924,-73.96286788081144,40.75295456875539,18.0
cell_3_1,-154.40492802128924,-73.96286788081144,40.75295456875539,5.0
cell_3_2,-156.40492802128924,-73.96286788081144,40.75295456875539,15.0
cell_4_0,-154.4582280448343,-73.96286788081144,40.75295456875539,16.0
cell_4_1,-151.4582280448343,-73.96286788081144,40.75295456875539,10.0
cell_4_2,-153.9582280448343,-73.96286788081144,40.75295456875539,15.0
cell_5_0,-150.96851899526308,-73.96286788081144,40.75295456875539,13.0
cell_5_1,-152.46851899526308,-73.96286788081144,40.75295456875539,0.0
cell_5_2,-150.46851899526308,-73.96286788081144,40.75295456875539,12.0
cell_1_0,-149.136576924305,-74.0362368371442,40.782436424597826,4.0
cell_1_1,-149.636576924305,-74.0362368371442,40.782436424597826,13.0
cell_1_2,-147.636576924305,-74.0362368371442,40.782436424597826,7.0
cell_2_0,-157.19775235660182,-74.0362368371442,40.782436424597826,18.0
cell_2_1,-154.19775235660182,-74.0362368371442,40.782436424597826,12.0
cell_2_2,-155.19775235660182,-74.0362368371442,40.782436424597826,14.0
cell_3_0,-141.35301964346144,-74.0362368371442,40.782436424597826,6.0
cell_3_1,-140.85301964346144,-74.0362368371442,40.782436424597826,7.0
cell_3_2,-142.85301964346144,-74.0362368371442,40.782436424597826,3.0
cell_4_0,-142.70836474805975,-74.0362368371442,40.782436424597826,16.0
cell_4_1,-143.70836474805975,-74.0362368371442,40.782436424597826,18.0
cell_4_2,-141.70836474805975,-74.0362368371442,40.782436424597826,2.0
cell_5_0,-135.9595995738892,-74.0362368371442,40.782436424597826,1.0
cell_5_1,-135.4595995738892,-74.0362368371442,40.782436424597826,2.0
cell_5_2,-134.9595995738892,-74.0362368371442,40.782436424597826,3.0
cell_1_0,-142.95683479301138,-74.03265445388217,40.75852982648584,0.0
cell_1_1,-139.95683479301138,-74.03265445388217,40.75852982648584,6.0
cell_1_2,-141.45683479301138,-74.03265445388217,40.75852982648584,3.0
cell_2_0,-153.58660827003726,-74.03265445388217,40.75852982648584,1.0
cell_2_1,-152.58660827003726,-74.03265445388217,40.75852982648584,3.0
cell_2_2,-151.58660827003726,-74.03265445388217,40.75852982648584,5.0
cell_3_0,-128.36186830880527,-74.03265445388217,40.75852982648584,3.0
cell_3_1,-129.36186830880527,-74.03265445388217,40.75852982648584,1.0
cell_3_2,-127.86186830880527,-74.03265445388217,40.75852982648584,12.0
cell_4_0,-118.96050317225021,-74.03265445388217,40.75852982648584,14.0
cell_4_1,-118.96050317225021,-74.03265445388217,40.75852982648584,2.0
cell_4_2,-120.96050317225021,-74.03265445388217,40.75852982648584,18.0
cell_5_0,-135.40902515698932,-74.03265445388217,40.75852982648584,11.0
cell_5_1,-139.40902515698932,-74.03265445388217,40.75852982648584,19.0
cell_5_2,-133.90902515698932,-74.03265445388217,40.75852982648584,8.0
cell_1_0,-137.86226661563506,-74.03049336175746,40.752794546169504,4.0
cell_1_1,-141.86226661563506,-74.03049336175746,40.752794546169504,20.0
cell_1_2,-137.86226661563506,-74.03049336175746,40.752794546169504,12.0
cell_2_0,-154.99627997329736,-74.03049336175746,40.752794546169504,19.0
cell_2_1,-149.99627997329736,-74.03049336175746,40.752794546169504,9.0
cell_2_2,-150.99627997329736,-74.03049336175746,40.752794546169504,5.0
cell_3_0,-124.32669080753682,-74.03049336175746,40.752794546169504,9.0
cell_3_1,-124.82669080753682,-74.03049336175746,40.752794546169504,10.0
cell_3_2,-126.32669080753682,-74.03049336175746,40.752794546169504,13.0
cell_4_0,-89.3129730367224,-74.03049336175746,40.752794546169504,15.0
cell_4_1,-90.3129730367224,-74.03049336175746,40.752794546169504,17.0
cell_4_2,-91.3129730367224,-74.03049336175746,40.752794546169504,19.0
cell_5_0,-137.48196199141995,-74.03049336175746,40.752794546169504,11.0
cell_5_1,-136.98196199141995,-74.03049336175746,40.752794546169504,6.0
cell_5_2,-136.98196199141995,-74.03049336175746,40.752794546169504,6.0
cell_1_0,-135.5275211898403,-73.99293913634257,40.725615588624066,12.0
cell_1_1,-136.5275211898403,-73.99293913634257,40.725615588624066,2.0
cell_1_2,-134.5275211898403,-73.99293913634257,40.725615588624066,10.0
cell_2_0,-143.74989256917496,-73.99293913634257,40.725615588624066,3.0
cell_2_1,-142.24989256917496,-73.99293913634257,40.725615588624066,10.0
cell_2_2,-145.74989256917496,-73.99293913634257,40.725615588624066,17.0
cell_3_0,-150.552218949692,-73.99293913634257,40.725615588624066,1.0
cell_3_1,-151.552218949692,-73.99293913634257,40.725615588624066,17.0
cell_3_2,-148.052218949692,-73.99293913634257,40.725615588624066,6.0
cell_4_0,-145.08646476493288,-73.99293913634257,40.725615588624066,9.0
cell_4_1,-146.58646476493288,-73.99293913634257,40.725615588624066,12.0
cell_4_2,-149.08646476493288,-73.99293913634257,40.725615588624066,17.0
cell_5_0,-151.98376838467695,-73.99293913634257,40.725615588624066,17.0
cell_5_1,-152.98376838467695,-73.99293913634257,40.725615588624066,19.0
cell_5_2,-149.48376838467695,-73.99293913634257,40.725615588624066,4.0
cell_1_0,-144.03539210005044,-74.03171617457146,40.764744484684115,14.0
cell_1_1,-142.53539210005044,-74.03171617457146,40.764744484684115,5.0
cell_1_2,-143.03539210005044,-74.03171617457146,40.764744484684115,4.0
cell_2_0,-150.084677763054,-74.03171617457146,40.764744484684115,8.0
cell_2_1,-153.084677763054,-74.03171617457146,40.764744484684115,2.0
cell_2_2,-153.084677763054,-74.03171617457146,40.764744484684115,14.0
cell_3_0,-134.2504229652742,-74.03171617457146,40.764744484684115,2.0
cell_3_1,-132.7504229652742,-74.03171617457146,40.764744484684115,11.0
cell_3_2,-134.2504229652742,-74.03171617457146,40.764744484684115,2.0
cell_4_0,-126.11740615977774,-74.03171617457146,40.764744484684115,6.0
cell_4_1,-125.11740615977774,-74.03171617457146,40.764744484684115,8.0
cell_4_2,-129.61740615977774,-74.03171617457146,40.764744484684115,17.0
cell_5_0,-130.76023260509206,-74.03171617457146,40.764744484684115,9.0
cell_5_1,-132.26023260509206,-74.03171617457146,40.764744484684115,12.0
cell_5_2,-130.26023260509206,-74.03171617457146,40.764744484684115,8.0
cell_1_0,-140.38965748697188,-74.02675200789709,40.7655984481728,8.0
cell_1_1,-140.88965748697188,-74.02675200789709,40.7655984481728,7.0
cell_1_2,-144.38965748697188,-74.02675200789709,40.7655984481728,16.0
cell_2_0,-152.95384318722574,-74.02675200789709,40.7655984481728,0.0
cell_2_1,-151.95384318722574,-74.02675200789709,40.7655984481728,14.0
cell_2_2,-150.95384318722574,-74.02675200789709,40.7655984481728,12.0
cell_3_0,-135.383621774779,-74.02675200789709,40.7655984481728,5.0
cell_3_1,-136.383621774779,-74.02675200789709,40.7655984481728,13.0
cell_3_2,-134.883621774779,-74.02675200789709,40.7655984481728,6.0
cell_4_0,-128.78701786159718,-74.02675200789709,40.7655984481728,13.0
cell_4_1,-127.78701786159716,-74.02675200789709,40.7655984481728,11.0
cell_4_2,-128.78701786159718,-74.02675200789709,40.7655984481728,3.0
cell_5_0,-128.4367263816436,-74.02675200789709,40.7655984481728,3.0
cell_5_1,-128.4367263816436,-74.02675200789709,40.7655984481728,13.0
cell_5_2,-128.4367263816436,-74.02675200789709,40.7655984481728,13.0
cell_1_0,-147.5153425591044,-74.06029852385451,40.758901744549846,7.0
cell_1_1,-150.0153425591044,-74.06029852385451,40.758901744549846,2.0
cell_1_2,-148.0153425591044,-74.06029852385451,40.758901744549846,10.0
cell_2_0,-157.9472680622704,-74.06029852385451,40.758901744549846,13.0
cell_2_1,-159.4472680622704,-74.06029852385451,40.758901744549846,0.0
cell_2_2,-160.4472680622704,-74.06029852385451,40.758901744549846,18.0
cell_3_0,-137.40196078247368,-74.06029852385451,40.758901744549846,0.0
cell_3_1,-136.40196078247368,-74.06029852385451,40.758901744549846,14.0
cell_3_2,-136.90196078247368,-74.06029852385451,40.758901744549846,1.0
cell_4_0,-141.93912567801485,-74.06029852385451,40.758901744549846,2.0
cell_4_1,-141.93912567801485,-74.06029852385451,40.758901744549846,2.0
cell_4_2,-143.43912567801485,-74.06029852385451,40.758901744549846,17.0
cell_5_0,-148.26521203945174,-74.06029852385451,40.758901744549846,1.0
cell_5_1,-148.76521203945174,-74.06029852385451,40.758901744549846,0.0
cell_5_2,-148.76521203945174,-74.06029852385451,40.758901744549846,0.0
cell_1_0,-144.32666006026213,-74.04763076717519,40.762374562063265,8.0
cell_1_1,-145.32666006026213,-74.04763076717519,40.762374562063265,6.0
cell_1_2,-146.82666006026213,-74.04763076717519,40.762374562063265,3.0
cell_2_0,-153.29419641265787,-74.04763076717519,40.762374562063265,8.0
cell_2_1,-156.29419641265787,-74.04763076717519,40.762374562063265,14.0
cell_2_2,-158.79419641265787,-74.04763076717519,40.762374562063265,19.0
cell_3_0,-133.5946237391194,-74.04763076717519,40.762374562063265,19.0
cell_3_1,-130.0946237391194,-74.04763076717519,40.762374562063265,12.0
cell_3_2,-133.5946237391194,-74.04763076717519,40.762374562063265,19.0
cell_4_0,-134.0589616790944,-74.04763076717519,40.762374562063265,5.0
cell_4_1,-135.0589616790944,-74.04763076717519,40.762374562063265,13.0
cell_4_2,-138.5589616790944,-74.04763076717519,40.762374562063265,20.0
cell_5_0,-144.18020858719763,-74.04763076717519,40.762374562063265,17.0
cell_5_1,-143.68020858719763,-74.04763076717519,40.762374562063265,16.0
cell_5_2,-139.68020858719763,-74.04763076717519,40.762374562063265,8.0
cell_1_0,-129.01537610788523,-74.02067122114876,40.72530607465025,19.0
cell_1_1,-127.01537610788525,-74.02067122114876,40.72530607465025,1.0
cell_1_2,-125.01537610788525,-74.02067122114876,40.72530607465025,11.0
cell_2_0,-154.63031192243332,-74.02067122114876,40.72530607465025,20.0
cell_2_1,-149.13031192243332,-74.02067122114876,40.72530607465025,9.0
cell_2_2,-152.63031192243332,-74.02067122114876,40.72530607465025,16.0
cell_3_0,-139.75453203395926,-74.02067122114876,40.72530607465025,6.0
cell_3_1,-139.25453203395926,-74.02067122114876,40.72530607465025,7.0
cell_3_2,-142.25453203395926,-74.02067122114876,40.72530607465025,1.0
cell_4_0,-139.98106581018664,-74.02067122114876,40.72530607465025,3.0
cell_4_1,-142.48106581018664,-74.02067122114876,40.72530607465025,18.0
cell_4_2,-140.98106581018664,-74.02067122114876,40.72530607465025,15.0
cell_5_0,-148.96310160569485,-74.02067122114876,40.72530607465025,2.0
cell_5_1,-147.96310160569485,-74.02067122114876,40.72530607465025,12.0
cell_5_2,-147.46310160569485,-74.02067122114876,40.72530607465025,5.0
cell_1_0,-144.67050018848983,-73.97491279996169,40.73943358969396,3.0
cell_1_1,-143.67050018848983,-73.97491279996169,40.73943358969396,11.0
cell_1_2,-144.67050018848983,-73.97491279996169,40.73943358969396,3.0
cell_2_0,-131.18329689068838,-73.97491279996169,40.73943358969396,0.0
cell_2_1,-127.68329689068838,-73.97491279996169,40.73943358969396,9.0
cell_2_2,-128.18329689068838,-73.97491279996169,40.73943358969396,6.0
cell_3_0,-151.98135279357086,-73.97491279996169,40.73943358969396,5.0
cell_3_1,-153.48135279357086,-73.97491279996169,40.73943358969396,2.0
cell_3_2,-151.48135279357086,-73.97491279996169,40.73943358969396,6.0
cell_4_0,-150.84389099267673,-73.97491279996169,40.73943358969396,2.0
cell_4_1,-149.34389099267673,-73.97491279996169,40.73943358969396,5.0
cell_4_2,-151.84389099267673,-73.97491279996169,40.73943358969396,0.0
cell_5_0,-149.0576559196957,-73.97491279996169,40.73943358969396,5.0
cell_5_1,-151.0576559196957,-73.97491279996169,40.73943358969396,15.0
cell_5_2,-149.5576559196957,-73.97491279996169,40.73943358969396,12.0
cell_1_0,-146.9964596661107,-74.04777673756675,40.750469965390636,18.0
cell_1_1,-143.9964596661107,-74.04777673756675,40.750469965390636,12.0
cell_1_2,-145.4964596661107,-74.04777673756675,40.750469965390636,15.0
cell_2_0,-155.19751438362405,-74.04777673756675,40.750469965390636,12.0
cell_2_1,-153.19751438362405,-74.04777673756675,40.750469965390636,8.0
cell_2_2,-157.19751438362405,-74.04777673756675,40.750469965390636,0.0
cell_3_0,-117.85587119437905,-74.04777673756675,40.750469965390636,12.0
cell_3_1,-117.35587119437905,-74.04777673756675,40.750469965390636,11.0
cell_3_2,-121.35587119437905,-74.04777673756675,40.750469965390636,19.0
cell_4_0,-131.17457469932032,-74.04777673756675,40.750469965390636,7.0
cell_4_1,-132.67457469932032,-74.04777673756675,40.750469965390636,12.0
cell_4_2,-134.17457469932032,-74.04777673756675,40.750469965390636,15.0
cell_5_0,-143.8190698016757,-74.04777673756675,40.750469965390636,5.0
cell_5_1,-145.8190698016757,-74.04777673756675,40.750469965390636,1.0
cell_5_2,-147.3190698016757,-74.04777673756675,40.750469965390636,18.0
cell_1_0,-129.89167050421702,-74.02479849375491,40.74369368139647,12.0
cell_1_1,-130.89167050421702,-74.02479849375491,40.74369368139647,14.0
cell_1_2,-131.39167050421702,-74.02479849375491,40.74369368139647,1.0
cell_2_0,-148.7076794733643,-74.02479849375491,40.74369368139647,9.0
cell_2_1,-150.2076794733643,-74.02479849375491,40.74369368139647,12.0
cell_2_2,-151.2076794733643,-74.02479849375491,40.74369368139647,14.0
cell_3_0,-132.73983247082333,-74.02479849375491,40.74369368139647,2.0
cell_3_1,-130.73983247082333,-74.02479849375491,40.74369368139647,6.0
cell_3_2,-133.23983247082333,-74.02479849375491,40.74369368139647,1.0
cell_4_0,-122.92092327651045,-74.02479849375491,40.74369368139647,11.0
cell_4_1,-121.42092327651045,-74.02479849375491,40.74369368139647,8.0
cell_4_2,-121.42092327651045,-74.02479849375491,40.74369368139647,8.0
cell_5_0,-141.31985169828204,-74.02479849375491,40.74369368139647,4.0
cell_5_1,-142.81985169828204,-74.02479849375491,40.74369368139647,15.0
cell_5_2,-140.81985169828204,-74.02479849375491,40.74369368139647,5.0
cell_1_0,-132.95368251881627,-73.99305885666534,40.7307271328809,9.0
cell_1_1,-134.45368251881627,-73.99305885666534,40.7307271328809,12.0
cell_1_2,-137.95368251881627,-73.99305885666534,40.7307271328809,19.0
cell_2_0,-145.25363300525376,-73.99305885666534,40.7307271328809,19.0
cell_2_1,-142.25363300525376,-73.99305885666534,40.7307271328809,3.0
cell_2_2,-145.25363300525376,-73.99305885666534,40.7307271328809,19.0
cell_3_0,-149.94606450162806,-73.99305885666534,40.7307271328809,1.0
cell_3_1,-150.94606450162806,-73.99305885666534,40.7307271328809,17.0
cell_3_2,-147.44606450162806,-73.99305885666534,40.7307271328809,10.0
cell_4_0,-145.08154852735308,-73.99305885666534,40.7307271328809,11.0
cell_4_1,-149.58154852735308,-73.99305885666534,40.7307271328809,20.0
cell_4_2,-145.08154852735308,-73.99305885666534,40.7307271328809,11.0
cell_5_0,-147.65718973672833,-73.99305885666534,40.7307271328809,11.0
cell_5_1,-148.65718973672833,-73.99305885666534,40.7307271328809,13.0
cell_5_2,-150.65718973672833,-73.99305885666534,40.7307271328809,17.0
cell_1_0,-146.62168052984202,-73.9879753894675,40.771750623577944,12.0
cell_1_1,-148.12168052984202,-73.9879753894675,40.771750623577944,1.0
cell_1_2,-148.12168052984202,-73.9879753894675,40.771750623577944,1.0
cell_2_0,-137.8728048342466,-73.9879753894675,40.771750623577944,9.0
cell_2_1,-143.3728048342466,-73.9879753894675,40.771750623577944,20.0
cell_2_2,-137.8728048342466,-73.9879753894675,40.771750623577944,7.0
cell_3_0,-151.34167356546175,-73.9879753894675,40.771750623577944,2.0
cell_3_1,-148.34167356546175,-73.9879753894675,40.771750623577944,8.0
cell_3_2,-152.34167356546175,-73.9879753894675,40.771750623577944,16.0
cell_4_0,-148.79106178606244,-73.9879753894675,40.771750623577944,16.0
cell_4_1,-147.29106178606244,-73.9879753894675,40.771750623577944,13.0
cell_4_2,-145.29106178606244,-73.9879753894675,40.771750623577944,9.0
cell_5_0,-143.48932737613688,-73.9879753894675,40.771750623577944,19.0
cell_5_1,-143.48932737613688,-73.9879753894675,40.771750623577944,19.0
cell_5_2,-138.48932737613688,-73.9879753894675,40.771750623577944,9.0
cell_1_0,-141.38909094445995,-74.04131207572388,40.73743389310837,0.0
cell_1_1,-138.88909094445995,-74.04131207572388,40.73743389310837,5.0
cell_1_2,-140.38909094445995,-74.04131207572388,40.73743389310837,14.0
cell_2_0,-158.2064492569538,-74.04131207572388,40.73743389310837,20.0
cell_2_1,-152.2064492569538,-74.04131207572388,40.73743389310837,8.0
cell_2_2,-154.2064492569538,-74.04131207572388,40.73743389310837,12.0
cell_3_0,-126.52979558646786,-74.04131207572388,40.73743389310837,1.0
cell_3_1,-125.02979558646786,-74.04131207572388,40.73743389310837,12.0
cell_3_2,-123.52979558646786,-74.04131207572388,40.73743389310837,7.0
cell_4_0,-131.7366645013498,-74.04131207572388,40.73743389310837,9.0
cell_4_1,-133.7366645013498,-74.04131207572388,40.73743389310837,13.0
cell_4_2,-136.2366645013498,-74.04131207572388,40.73743389310837,18.0
cell_5_0,-147.29268958717196,-74.04131207572388,40.73743389310837,14.0
cell_5_1,-145.79268958717196,-74.04131207572388,40.73743389310837,5.0
cell_5_2,-149.29268958717196,-74.04131207572388,40.73743389310837,18.0
cell_1_0,-144.77383438578204,-74.03041815006839,40.76478547375107,16.0
cell_1_1,-144.27383438578204,-74.03041815006839,40.76478547375107,1.0
cell_1_2,-144.27383438578204,-74.03041815006839,40.76478547375107,15.0
cell_2_0,-152.78702723808584,-74.03041815006839,40.76478547375107,14.0
cell_2_1,-151.78702723808584,-74.03041815006839,40.76478547375107,4.0
cell_2_2,-155.78702723808584,-74.03041815006839,40.76478547375107,20.0
cell_3_0,-134.81925155767823,-74.03041815006839,40.76478547375107,14.0
cell_3_1,-135.81925155767823,-74.03041815006839,40.76478547375107,16.0
cell_3_2,-135.81925155767823,-74.03041815006839,40.76478547375107,16.0
cell_4_0,-128.99393069681366,-74.03041815006839,40.76478547375107,16.0
cell_4_1,-125.49393069681368,-74.03041815006839,40.76478547375107,9.0
cell_4_2,-128.99393069681366,-74.03041815006839,40.76478547375107,16.0
cell_5_0,-131.81097689583112,-74.03041815006839,40.76478547375107,13.0
cell_5_1,-134.31097689583112,-74.03041815006839,40.76478547375107,18.0
cell_5_2,-133.81097689583112,-74.03041815006839,40.76478547375107,17.0
cell_1_0,-142.81579238421045,-73.98402820410477,40.74960673644643,14.0
cell_1_1,-141.31579238421045,-73.98402820410477,40.74960673644643,11.0
cell_1_2,-142.31579238421045,-73.98402820410477,40.74960673644643,13.0
cell_2_0,-133.1319022686966,-73.98402820410477,40.74960673644643,0.0
cell_2_1,-132.6319022686966,-73.98402820410477,40.74960673644643,15.0
cell_2_2,-133.6319022686966,-73.98402820410477,40.74960673644643,17.0
cell_3_0,-151.59832327617534,-73.98402820410477,40.74960673644643,1.0
cell_3_1,-153.09832327617534,-73.98402820410477,40.74960673644643,18.0
cell_3_2,-149.09832327617534,-73.98402820410477,40.74960673644643,6.0
cell_4_0,-148.69543703314886,-73.98402820410477,40.74960673644643,0.0
cell_4_1,-145.19543703314886,-73.98402820410477,40.74960673644643,7.0
cell_4_2,-146.69543703314886,-73.98402820410477,40.74960673644643,4.0
cell_5_0,-146.30450509102982,-73.98402820410477,40.74960673644643,2.0
cell_5_1,-148.80450509102982,-73.98402820410477,40.74960673644643,19.0
cell_5_2,-144.30450509102982,-73.98402820410477,40.74960673644643,6.0
cell_1_0,-151.0664470401373,-74.00071090287372,40.7840834013344,17.0
cell_1_1,-152.0664470401373,-74.00071090287372,40.7840834013344,19.0
cell_1_2,-151.5664470401373,-74.00071090287372,40.7840834013344,18.0
cell_2_0,-145.2761215284216,-74.00071090287372,40.7840834013344,7.0
cell_2_1,-148.2761215284216,-74.00071090287372,40.7840834013344,1.0
cell_2_2,-148.7761215284216,-74.00071090287372,40.7840834013344,16.0
cell_3_0,-150.2117801141846,-74.00071090287372,40.7840834013344,14.0
cell_3_1,-150.2117801141846,-74.00071090287372,40.7840834013344,14.0
cell_3_2,-148.7117801141846,-74.00071090287372,40.7840834013344,11.0
cell_4_0,-143.76219867676997,-74.00071090287372,40.7840834013344,8.0
cell_4_1,-146.26219867676997,-74.00071090287372,40.7840834013344,3.0
cell_4_2,-145.76219867676997,-74.00071090287372,40.7840834013344,4.0
cell_5_0,-136.26036716305677,-74.00071090287372,40.7840834013344,18.0
cell_5_1,-132.26036716305677,-74.00071090287372,40.7840834013344,6.0
cell_5_2,-134.26036716305677,-74.00071090287372,40.7840834013344,2.0
cell_1_0,-148.84504067349718,-74.05874875447863,40.76380566583643,5.0
cell_1_1,-148.84504067349718,-74.05874875447863,40.76380566583643,5.0
cell_1_2,-150.84504067349718,-74.05874875447863,40.76380566583643,15.0
cell_2_0,-156.2752609083222,-74.05874875447863,40.76380566583643,6.0
cell_2_1,-156.2752609083222,-74.05874875447863,40.76380566583643,6.0
cell_2_2,-157.7752609083222,-74.05874875447863,40.76380566583643,13.0
cell_3_0,-139.45083663608494,-74.05874875447863,40.76380566583643,18.0
cell_3_1,-136.45083663608494,-74.05874875447863,40.76380566583643,4.0
cell_3_2,-135.45083663608494,-74.05874875447863,40.76380566583643,10.0
cell_4_0,-138.9109611417838,-74.05874875447863,40.76380566583643,8.0
cell_4_1,-144.4109611417838,-74.05874875447863,40.76380566583643,19.0
cell_4_2,-138.9109611417838,-74.05874875447863,40.76380566583643,8.0
cell_5_0,-147.75002727066672,-74.05874875447863,40.76380566583643,0.0
cell_5_1,-143.75002727066672,-74.05874875447863,40.76380566583643,8.0
cell_5_2,-148.25002727066672,-74.05874875447863,40.76380566583643,17.0
cell_1_0,-147.48553082574995,-74.03794337508016,40.78299105703944,8.0
cell_1_1,-148.48553082574995,-74.03794337508016,40.78299105703944,10.0
cell_1_2,-152.98553082574995,-74.03794337508016,40.78299105703944,19.0
cell_2_0,-153.0556302791731,-74.03794337508016,40.78299105703944,7.0
cell_2_1,-153.0556302791731,-74.03794337508016,40.78299105703944,9.0
cell_2_2,-154.0556302791731,-74.03794337508016,40.78299105703944,11.0
cell_3_0,-143.5052874618013,-74.03794337508016,40.78299105703944,14.0
cell_3_1,-141.5052874618013,-74.03794337508016,40.78299105703944,6.0
cell_3_2,-141.0052874618013,-74.03794337508016,40.78299105703944,9.0
cell_4_0,-145.16572324322317,-74.03794337508016,40.78299105703944,20.0
cell_4_1,-144.16572324322317,-74.03794337508016,40.78299105703944,18.0
cell_4_2,-140.66572324322317,-74.03794337508016,40.78299105703944,11.0
cell_5_0,-134.23589045101795,-74.03794337508016,40.78299105703944,7.0
cell_5_1,-135.73589045101795,-74.03794337508016,40.78299105703944,12.0
cell_5_2,-135.23589045101795,-74.03794337508016,40.78299105703944,11.0
cell_1_0,-139.38010136018102,-74.00797409557315,40.75811139453057,16.0
cell_1_1,-139.38010136018102,-74.00797409557315,40.75811139453057,16.0
cell_1_2,-135.38010136018102,-74.00797409557315,40.75811139453057,8.0
cell_2_0,-145.90746981268666,-74.00797409557315,40.75811139453057,2.0
cell_2_1,-144.40746981268666,-74.00797409557315,40.75811139453057,5.0
cell_2_2,-144.90746981268666,-74.00797409557315,40.75811139453057,4.0
cell_3_0,-141.96915569959026,-74.00797409557315,40.75811139453057,5.0
cell_3_1,-140.96915569959026,-74.00797409557315,40.75811139453057,7.0
cell_3_2,-143.96915569959026,-74.00797409557315,40.75811139453057,15.0
cell_4_0,-137.3973166352389,-74.00797409557315,40.75811139453057,15.0
cell_4_1,-134.3973166352389,-74.00797409557315,40.75811139453057,9.0
cell_4_2,-137.3973166352389,-74.00797409557315,40.75811139453057,1.0
cell_5_0,-132.97841059242742,-74.00797409557315,40.75811139453057,5.0
cell_5_1,-131.47841059242742,-74.00797409557315,40.75811139453057,8.0
cell_5_2,-132.47841059242742,-74.00797409557315,40.75811139453057,10.0
cell_1_0,-149.51816444190095,-73.96999429487327,40.761962515722125,14.0
cell_1_1,-152.01816444190095,-73.96999429487327,40.761962515722125,19.0
cell_1_2,-149.01816444190095,-73.96999429487327,40.761962515722125,3.0
cell_2_0,-122.89794508582438,-73.96999429487327,40.761962515722125,6.0
cell_2_1,-127.39794508582438,-73.96999429487327,40.761962515722125,19.0
cell_2_2,-124.89794508582438,-73.96999429487327,40.761962515722125,14.0
cell_3_0,-154.1997585333509,-73.96999429487327,40.761962515722125,3.0
cell_3_1,-156.6997585333509,-73.96999429487327,40.761962515722125,18.0
cell_3_2,-151.6997585333509,-73.96999429487327,40.761962515722125,8.0
cell_4_0,-152.43999099206397,-73.96999429487327,40.761962515722125,1.0
cell_4_1,-154.93999099206397,-73.96999429487327,40.761962515722125,20.0
cell_4_2,-149.43999099206397,-73.96999429487327,40.761962515722125,7.0
cell_5_0,-147.23478618742604,-73.96999429487327,40.761962515722125,11.0
cell_5_1,-150.23478618742604,-73.96999429487327,40.761962515722125,17.0
cell_5_2,-148.23478618742604,-73.96999429487327,40.761962515722125,3.0
cell_1_0,-138.045384121202,-73.9948765909774,40.75334611399811,11.0
cell_1_1,-140.045384121202,-73.9948765909774,40.75334611399811,15.0
cell_1_2,-138.545384121202,-73.9948765909774,40.75334611399811,4.0
cell_2_0,-140.2597232759457,-73.9948765909774,40.75334611399811,15.0
cell_2_1,-137.2597232759457,-73.9948765909774,40.75334611399811,7.0
cell_2_2,-138.2597232759457,-73.9948765909774,40.75334611399811,11.0
cell_3_0,-145.9835267331008,-73.9948765909774,40.75334611399811,10.0
cell_3_1,-145.4835267331008,-73.9948765909774,40.75334611399811,9.0
cell_3_2,-145.9835267331008,-73.9948765909774,40.75334611399811,6.0
cell_4_0,-146.05240172046462,-73.9948765909774,40.75334611399811,19.0
cell_4_1,-142.55240172046462,-73.9948765909774,40.75334611399811,12.0
cell_4_2,-144.55240172046462,-73.9948765909774,40.75334611399811,16.0
cell_5_0,-140.80889070322814,-73.9948765909774,40.75334611399811,4.0
cell_5_1,-139.30889070322814,-73.9948765909774,40.75334611399811,7.0
cell_5_2,-144.30889070322814,-73.9948765909774,40.75334611399811,19.0
cell_1_0,-141.24810869553804,-74.00675143712438,40.75759005583915,20.0
cell_1_1,-138.74810869553804,-74.00675143712438,40.75759005583915,15.0
cell_1_2,-138.24810869553804,-74.00675143712438,40.75759005583915,2.0
cell_2_0,-147.41905790726457,-74.00675143712438,40.75759005583915,18.0
cell_2_1,-146.91905790726457,-74.00675143712438,40.75759005583915,17.0
cell_2_2,-145.91905790726457,-74.00675143712438,40.75759005583915,1.0
cell_3_0,-143.91807204991972,-74.00675143712438,40.75759005583915,2.0
cell_3_1,-143.91807204991972,-74.00675143712438,40.75759005583915,14.0
cell_3_2,-141.41807204991972,-74.00675143712438,40.75759005583915,7.0
cell_4_0,-137.0979865072942,-74.00675143712438,40.75759005583915,13.0
cell_4_1,-139.5979865072942,-74.00675143712438,40.75759005583915,18.0
cell_4_2,-140.5979865072942,-74.00675143712438,40.75759005583915,20.0
cell_5_0,-136.2989758486117,-74.00675143712438,40.75759005583915,16.0
cell_5_1,-135.2989758486117,-74.00675143712438,40.75759005583915,2.0
cell_5_2,-133.2989758486117,-74.00675143712438,40.75759005583915,6.0
cell_1_0,-146.37715982149706,-74.02289679416737,40.78238338145417,7.0
cell_1_1,-148.37715982149706,-74.02289679416737,40.78238338145417,13.0
cell_1_2,-146.37715982149706,-74.02289679416737,40.78238338145417,9.0
cell_2_0,-151.5489721931423,-74.02289679416737,40.78238338145417,12.0
cell_2_1,-152.0489721931423,-74.02289679416737,40.78238338145417,13.0
cell_2_2,-153.5489721931423,-74.02289679416737,40.78238338145417,0.0
cell_3_0,-145.61134942453094,-74.02289679416737,40.78238338145417,15.0
cell_3_1,-142.61134942453094,-74.02289679416737,40.78238338145417,9.0
cell_3_2,-146.11134942453094,-74.02289679416737,40.78238338145417,16.0
cell_4_0,-142.7081343406836,-74.02289679416737,40.78238338145417,0.0
cell_4_1,-143.2081343406836,-74.02289679416737,40.78238338145417,17.0
cell_4_2,-140.7081343406836,-74.02289679416737,40.78238338145417,12.0
cell_5_0,-124.62620049337119,-74.02289679416737,40.78238338145417,16.0
cell_5_1,-125.12620049337119,-74.02289679416737,40.78238338145417,17.0
cell_5_2,-122.12620049337119,-74.02289679416737,40.78238338145417,11.0
cell_1_0,-138.76077351073747,-73.99850064880522,40.75667669141262,4.0
cell_1_1,-139.76077351073747,-73.99850064880522,40.75667669141262,2.0
cell_1_2,-140.26077351073747,-73.99850064880522,40.75667669141262,1.0
cell_2_0,-141.322823962293,-73.99850064880522,40.75667669141262,13.0
cell_2_1,-139.322823962293,-73.99850064880522,40.75667669141262,9.0
cell_2_2,-139.822823962293,-73.99850064880522,40.75667669141262,10.0
cell_3_0,-143.9389957025098,-73.99850064880522,40.75667669141262,8.0
cell_3_1,-143.9389957025098,-73.99850064880522,40.75667669141262,8.0
cell_3_2,-149.4389957025098,-73.99850064880522,40.75667669141262,19.0
cell_4_0,-143.02297641092935,-73.99850064880522,40.75667669141262,16.0
cell_4_1,-139.52297641092935,-73.99850064880522,40.75667669141262,7.0
cell_4_2,-140.02297641092935,-73.99850064880522,40.75667669141262,10.0
cell_5_0,-139.6864880764599,-73.99850064880522,40.75667669141262,1.0
cell_5_1,-138.6864880764599,-73.99850064880522,40.75667669141262,3.0
cell_5_2,-139.1864880764599,-73.99850064880522,40.75667669141262,2.0
cell_1_0,-128.85820831133816,-74.02735401718444,40.73500982311008,12.0
cell_1_1,-130.85820831133816,-74.02735401718444,40.73500982311008,0.0
cell_1_2,-132.35820831133816,-74.02735401718444,40.73500982311008,19.0
cell_2_0,-153.30869393398365,-74.02735401718444,40.73500982311008,16.0
cell_2_1,-152.30869393398365,-74.02735401718444,40.73500982311008,2.0
cell_2_2,-152.30869393398365,-74.02735401718444,40.73500982311008,2.0
cell_3_0,-133.0826847531551,-74.02735401718444,40.73500982311008,5.0
cell_3_1,-135.0826847531551,-74.02735401718444,40.73500982311008,1.0
cell_3_2,-132.0826847531551,-74.02735401718444,40.73500982311008,7.0
cell_4_0,-131.0410203109696,-74.02735401718444,40.73500982311008,6.0
cell_4_1,-131.5410203109696,-74.02735401718444,40.73500982311008,5.0
cell_4_2,-131.5410203109696,-74.02735401718444,40.73500982311008,11.0
cell_5_0,-146.09156785226244,-74.02735401718444,40.73500982311008,2.0
cell_5_1,-146.59156785226244,-74.02735401718444,40.73500982311008,15.0
cell_5_2,-148.59156785226244,-74.02735401718444,40.73500982311008,19.0
cell_1_0,-128.09383650212672,-74.02613710084785,40.742230238010464,8.0
cell_1_1,-131.09383650212672,-74.02613710084785,40.742230238010464,2.0
cell_1_2,-129.59383650212672,-74.02613710084785,40.742230238010464,5.0
cell_2_0,-154.61084809945348,-74.02613710084785,40.742230238010464,20.0
cell_2_1,-149.11084809945348,-74.02613710084785,40.742230238010464,7.0
cell_2_2,-152.11084809945348,-74.02613710084785,40.742230238010464,15.0
cell_3_0,-131.0265569499494,-74.02613710084785,40.742230238010464,4.0
cell_3_1,-130.0265569499494,-74.02613710084785,40.742230238010464,6.0
cell_3_2,-133.5265569499494,-74.02613710084785,40.742230238010464,17.0
cell_4_0,-126.07343731151029,-74.02613710084785,40.742230238010464,1.0
cell_4_1,-127.07343731151029,-74.02613710084785,40.742230238010464,17.0
cell_4_2,-127.57343731151029,-74.02613710084785,40.742230238010464,18.0
cell_5_0,-142.12700247513794,-74.02613710084785,40.742230238010464,12.0
cell_5_1,-140.12700247513794,-74.02613710084785,40.742230238010464,8.0
cell_5_2,-143.62700247513794,-74.02613710084785,40.742230238010464,15.0
cell_1_0,-146.59151294468728,-74.02582117482221,40.76900598448557,18.0
cell_1_1,-145.59151294468728,-74.02582117482221,40.76900598448557,0.0
cell_1_2,-143.59151294468728,-74.02582117482221,40.76900598448557,4.0
cell_2_0,-149.44421130265417,-74.02582117482221,40.76900598448557,7.0
cell_2_1,-152.94421130265417,-74.02582117482221,40.76900598448557,0.0
cell_2_2,-152.44421130265417,-74.02582117482221,40.76900598448557,1.0
cell_3_0,-138.93695771241255,-74.02582117482221,40.76900598448557,14.0
cell_3_1,-139.93695771241255,-74.02582117482221,40.76900598448557,0.0
cell_3_2,-140.93695771241255,-74.02582117482221,40.76900598448557,18.0
cell_4_0,-135.288185807569,-74.02582117482221,40.76900598448557,19.0
cell_4_1,-132.288185807569,-74.02582117482221,40.76900598448557,13.0
cell_4_2,-129.788185807569,-74.02582117482221,40.76900598448557,8.0
cell_5_0,-126.21357934503833,-74.02582117482221,40.76900598448557,16.0
cell_5_1,-126.21357934503833,-74.02582117482221,40.76900598448557,0.0
cell_5_2,-126.21357934503833,-74.02582117482221,40.76900598448557,0.0
cell_1_0,-145.76965728517453,-73.97959232232381,40.76296626909801,5.0
cell_1_1,-148.26965728517453,-73.97959232232381,40.76296626909801,16.0
cell_1_2,-148.26965728517453,-73.97959232232381,40.76296626909801,16.0
cell_2_0,-130.34579668111905,-73.97959232232381,40.76296626909801,5.0
cell_2_1,-131.84579668111905,-73.97959232232381,40.76296626909801,2.0
cell_2_2,-129.84579668111905,-73.97959232232381,40.76296626909801,6.0
cell_3_0,-153.14183163895294,-73.97959232232381,40.76296626909801,1.0
cell_3_1,-150.64183163895294,-73.97959232232381,40.76296626909801,10.0
cell_3_2,-150.64183163895294,-73.97959232232381,40.76296626909801,6.0
cell_4_0,-149.91592001200502,-73.97959232232381,40.76296626909801,1.0
cell_4_1,-149.91592001200502,-73.97959232232381,40.76296626909801,15.0
cell_4_2,-148.91592001200502,-73.97959232232381,40.76296626909801,3.0
cell_5_0,-146.46024734732435,-73.97959232232381,40.76296626909801,0.0
cell_5_1,-147.46024734732435,-73.97959232232381,40.76296626909801,18.0
cell_5_2,-146.46024734732435,-73.97959232232381,40.76296626909801,0.0
cell_1_0,-153.59545771453696,-73.98411633026535,40.783124380090776,19.0
cell_1_1,-150.59545771453696,-73.98411633026535,40.783124380090776,13.0
cell_1_2,-148.59545771453696,-73.98411633026535,40.783124380090776,9.0
cell_2_0,-143.69532750863908,-73.98411633026535,40.783124380090776,2.0
cell_2_1,-143.19532750863908,-73.98411633026535,40.783124380090776,3.0
cell_2_2,-146.19532750863908,-73.98411633026535,40.783124380090776,19.0
cell_3_0,-153.45895706385093,-73.98411633026535,40.783124380090776,2.0
cell_3_1,-154.95895706385093,-73.98411633026535,40.783124380090776,17.0
cell_3_2,-154.45895706385093,-73.98411633026535,40.783124380090776,16.0
cell_4_0,-149.00417812601862,-73.98411633026535,40.783124380090776,11.0
cell_4_1,-149.50417812601862,-73.98411633026535,40.783124380090776,4.0
cell_4_2,-148.50417812601862,-73.98411633026535,40.783124380090776,10.0
cell_5_0,-143.24023802178357,-73.98411633026535,40.783124380090776,14.0
cell_5_1,-141.24023802178357,-73.98411633026535,40.783124380090776,6.0
cell_5_2,-143.24023802178357,-73.98411633026535,40.783124380090776,2.0
cell_1_0,-128.3759457455544,-74.02853887140121,40.73716150835137,8.0
cell_1_1,-132.3759457455544,-74.02853887140121,40.73716150835137,16.0
cell_1_2,-130.8759457455544,-74.02853887140121,40.73716150835137,13.0
cell_2_0,-155.4540303377681,-74.02853887140121,40.73716150835137,20.0
cell_2_1,-151.4540303377681,-74.02853887140121,40.73716150835137,4.0
cell_2_2,-150.9540303377681,-74.02853887140121,40.73716150835137,11.0
cell_3_0,-132.62533662876342,-74.02853887140121,40.73716150835137,14.0
cell_3_1,-133.62533662876342,-74.02853887140121,40.73716150835137,16.0
cell_3_2,-130.12533662876342,-74.02853887140121,40.73716150835137,9.0
cell_4_0,-132.42664172215336,-74.02853887140121,40.73716150835137,17.0
cell_4_1,-128.92664172215336,-74.02853887140121,40.73716150835137,10.0
cell_4_2,-133.42664172215336,-74.02853887140121,40.73716150835137,19.0
cell_5_0,-144.4279119853684,-74.02853887140121,40.73716150835137,12.0
cell_5_1,-142.9279119853684,-74.02853887140121,40.73716150835137,7.0
cell_5_2,-142.4279119853684,-74.02853887140121,40.73716150835137,8.0
cell_1_0,-128.50973236225343,-74.02251616480426,40.72363758428897,4.0
cell_1_1,-127.50973236225342,-74.02251616480426,40.72363758428897,10.0
cell_1_2,-131.50973236225343,-74.02251616480426,40.72363758428897,18.0
cell_2_0,-152.23445035993444,-74.02251616480426,40.72363758428897,2.0
cell_2_1,-154.73445035993444,-74.02251616480426,40.72363758428897,19.0
cell_2_2,-152.73445035993444,-74.02251616480426,40.72363758428897,15.0
cell_3_0,-141.81383569248356,-74.02251616480426,40.72363758428897,14.0
cell_3_1,-140.81383569248356,-74.02251616480426,40.72363758428897,12.0
cell_3_2,-140.31383569248356,-74.02251616480426,40.72363758428897,5.0
cell_4_0,-142.05045796633442,-74.02251616480426,40.72363758428897,16.0
cell_4_1,-140.55045796633442,-74.02251616480426,40.72363758428897,13.0
cell_4_2,-139.55045796633442,-74.02251616480426,40.72363758428897,11.0
cell_5_0,-150.0099739756535,-74.02251616480426,40.72363758428897,1.0
cell_5_1,-152.5099739756535,-74.02251616480426,40.72363758428897,20.0
cell_5_2,-147.5099739756535,-74.02251616480426,40.72363758428897,6.0
cell_1_0,-134.42865857587037,-74.01813393801577,40.75588773932859,7.0
cell_1_1,-135.42865857587037,-74.01813393801577,40.75588773932859,11.0
cell_1_2,-138.92865857587037,-74.01813393801577,40.75588773932859,18.0
cell_2_0,-152.20408280580202,-74.01813393801577,40.75588773932859,20.0
cell_2_1,-146.20408280580202,-74.01813393801577,40.75588773932859,8.0
cell_2_2,-148.70408280580202,-74.01813393801577,40.75588773932859,3.0
cell_3_0,-138.06275596487865,-74.01813393801577,40.75588773932859,14.0
cell_3_1,-139.56275596487865,-74.01813393801577,40.75588773932859,17.0
cell_3_2,-139.56275596487865,-74.01813393801577,40.75588773932859,17.0
cell_4_0,-125.480854491199,-74.01813393801577,40.75588773932859,10.0
cell_4_1,-128.480854491199,-74.01813393801577,40.75588773932859,16.0
cell_4_2,-125.980854491199,-74.01813393801577,40.75588773932859,11.0
cell_5_0,-132.37037324752458,-74.01813393801577,40.75588773932859,6.0
cell_5_1,-131.87037324752458,-74.01813393801577,40.75588773932859,9.0
cell_5_2,-132.37037324752458,-74.01813393801577,40.75588773932859,10.0
cell_1_0,-137.27782139070843,-74.00323427140732,40.754655562259074,14.0
cell_1_1,-135.27782139070843,-74.00323427140732,40.754655562259074,10.0
cell_1_2,-140.27782139070843,-74.00323427140732,40.754655562259074,20.0
cell_2_0,-144.86926443462045,-74.00323427140732,40.754655562259074,16.0
cell_2_1,-140.86926443462045,-74.00323427140732,40.754655562259074,8.0
cell_2_2,-142.36926443462045,-74.00323427140732,40.754655562259074,11.0
cell_3_0,-146.57759639071708,-74.00323427140732,40.754655562259074,17.0
cell_3_1,-145.57759639071708,-74.00323427140732,40.754655562259074,15.0
cell_3_2,-147.57759639071708,-74.00323427140732,40.754655562259074,19.0
cell_4_0,-141.4322408307923,-74.00323427140732,40.754655562259074,18.0
cell_4_1,-136.9322408307923,-74.00323427140732,40.754655562259074,9.0
cell_4_2,-137.4322408307923,-74.00323427140732,40.754655562259074,6.0
cell_5_0,-140.77547610325064,-74.00323427140732,40.754655562259074,19.0
cell_5_1,-136.27547610325064,-74.00323427140732,40.754655562259074,6.0
cell_5_2,-137.77547610325064,-74.00323427140732,40.754655562259074,13.0
cell_1_0,-136.13067765330172,-73.98930746427826,40.738471928373656,10.0
cell_1_1,-137.63067765330172,-73.98930746427826,40.738471928373656,3.0
cell_1_2,-137.13067765330172,-73.98930746427826,40.738471928373656,4.0
cell_2_0,-137.77280217120978,-73.98930746427826,40.738471928373656,12.0
cell_2_1,-139.77280217120978,-73.98930746427826,40.738471928373656,0.0
cell_2_2,-136.27280217120978,-73.98930746427826,40.738471928373656,9.0
cell_3_0,-151.39771065088257,-73.98930746427826,40.738471928373656,17.0
cell_3_1,-147.89771065088257,-73.98930746427826,40.738471928373656,10.0
cell_3_2,-150.89771065088257,-73.98930746427826,40.738471928373656,16.0
cell_4_0,-147.14353514166612,-73.98930746427826,40.738471928373656,15.0
cell_4_1,-149.14353514166612,-73.98930746427826,40.738471928373656,19.0
cell_4_2,-149.14353514166612,-73.98930746427826,40.738471928373656,19.0
cell_5_0,-146.74890970648875,-73.98930746427826,40.738471928373656,4.0
cell_5_1,-146.74890970648875,-73.98930746427826,40.738471928373656,4.0
cell_5_2,-150.24890970648875,-73.98930746427826,40.738471928373656,19.0
cell_1_0,-146.72560884350324,-74.0433585602612,40.7664572195582,3.0
cell_1_1,-144.22560884350324,-74.0433585602612,40.7664572195582,8.0
cell_1_2,-148.22560884350324,-74.0433585602612,40.7664572195582,0.0
cell_2_0,-155.10432480870648,-74.0433585602612,40.7664572195582,3.0
cell_2_1,-152.60432480870648,-74.0433585602612,40.7664572195582,8.0
cell_2_2,-153.10432480870648,-74.0433585602612,40.7664572195582,7.0
cell_3_0,-134.6494260408319,-74.0433585602612,40.7664572195582,16.0
cell_3_1,-132.6494260408319,-74.0433585602612,40.7664572195582,12.0
cell_3_2,-131.6494260408319,-74.0433585602612,40.7664572195582,6.0
cell_4_0,-137.88205783972816,-74.0433585602612,40.7664572195582,20.0
cell_4_1,-133.88205783972816,-74.0433585602612,40.7664572195582,4.0
cell_4_2,-134.88205783972816,-74.0433585602612,40.7664572195582,14.0
cell_5_0,-139.94168785524,-74.0433585602612,40.7664572195582,2.0
cell_5_1,-137.94168785524,-74.0433585602612,40.7664572195582,6.0
cell_5_2,-141.44168785524,-74.0433585602612,40.7664572195582,17.0
cell_1_0,-133.62890745097346,-74.03478715264295,40.73879126499109,8.0
cell_1_1,-135.62890745097346,-74.03478715264295,40.73879126499109,12.0
cell_1_2,-138.12890745097346,-74.03478715264295,40.73879126499109,17.0
cell_2_0,-154.79129448825125,-74.03478715264295,40.73879126499109,0.0
cell_2_1,-156.29129448825125,-74.03478715264295,40.73879126499109,19.0
cell_2_2,-156.79129448825125,-74.03478715264295,40.73879126499109,20.0
cell_3_0,-123.83244749927488,-74.03478715264295,40.73879126499109,8.0
cell_3_1,-125.83244749927488,-74.03478715264295,40.73879126499109,12.0
cell_3_2,-127.83244749927488,-74.03478715264295,40.73879126499109,0.0
cell_4_0,-128.16518545283282,-74.03478715264295,40.73879126499109,10.0
cell_4_1,-127.66518545283283,-74.03478715264295,40.73879126499109,9.0
cell_4_2,-127.66518545283283,-74.03478715264295,40.73879126499109,7.0
cell_5_0,-146.2163531449771,-74.03478715264295,40.73879126499109,1.0
cell_5_1,-147.7163531449771,-74.03478715264295,40.73879126499109,18.0
cell_5_2,-147.7163531449771,-74.03478715264295,40.73879126499109,18.0
cell_1_0,-129.64417904565005,-74.02421372309085,40.744708425353075,11.0
cell_1_1,-129.14417904565005,-74.02421372309085,40.744708425353075,10.0
cell_1_2,-132.14417904565005,-74.02421372309085,40.744708425353075,16.0
cell_2_0,-149.01723179524024,-74.02421372309085,40.744708425353075,10.0
cell_2_1,-152.01723179524024,-74.02421372309085,40.744708425353075,0.0
cell_2_2,-148.01723179524024,-74.02421372309085,40.744708425353075,8.0
cell_3_0,-136.01990850736553,-74.02421372309085,40.744708425353075,20.0
cell_3_1,-132.01990850736553,-74.02421372309085,40.744708425353075,4.0
cell_3_2,-132.01990850736553,-74.02421372309085,40.744708425353075,12.0
cell_4_0,-123.06975256818728,-74.02421372309085,40.744708425353075,3.0
cell_4_1,-126.06975256818728,-74.02421372309085,40.744708425353075,19.0
cell_4_2,-122.56975256818728,-74.02421372309085,40.744708425353075,4.0
cell_5_0,-139.27912756358774,-74.02421372309085,40.744708425353075,7.0
cell_5_1,-142.77912756358774,-74.02421372309085,40.744708425353075,16.0
cell_5_2,-139.27912756358774,-74.02421372309085,40.744708425353075,7.0
cell_1_0,-144.3753111638146,-73.97936173725138,40.75621048387282,5.0
cell_1_1,-146.8753111638146,-73.97936173725138,40.75621048387282,16.0
cell_1_2,-143.3753111638146,-73.97936173725138,40.75621048387282,9.0
cell_2_0,-125.76751909621768,-73.97936173725138,40.75621048387282,10.0
cell_2_1,-125.26751909621768,-73.97936173725138,40.75621048387282,7.0
cell_2_2,-128.26751909621768,-73.97936173725138,40.75621048387282,15.0
cell_3_0,-154.90645839189278,-73.97936173725138,40.75621048387282,19.0
cell_3_1,-153.40645839189278,-73.97936173725138,40.75621048387282,0.0
cell_3_2,-154.90645839189278,-73.97936173725138,40.75621048387282,19.0
cell_4_0,-146.69425273843856,-73.97936173725138,40.75621048387282,9.0
cell_4_1,-149.19425273843856,-73.97936173725138,40.75621048387282,14.0
cell_4_2,-150.19425273843856,-73.97936173725138,40.75621048387282,0.0
cell_5_0,-148.98199289843294,-73.97936173725138,40.75621048387282,19.0
cell_5_1,-148.48199289843294,-73.97936173725138,40.75621048387282,18.0
cell_5_2,-143.98199289843294,-73.97936173725138,40.75621048387282,9.0
cell_1_0,-134.2261974459486,-74.02197066683769,40.74992631234206,1.0
cell_1_1,-133.7261974459486,-74.02197066683769,40.74992631234206,2.0
cell_1_2,-131.2261974459486,-74.02197066683769,40.74992631234206,7.0
cell_2_0,-150.28610813251396,-74.02197066683769,40.74992631234206,14.0
cell_2_1,-149.78610813251396,-74.02197066683769,40.74992631234206,13.0
cell_2_2,-150.28610813251396,-74.02197066683769,40.74992631234206,2.0
cell_3_0,-135.5929162838974,-74.02197066683769,40.74992631234206,16.0
cell_3_1,-135.0929162838974,-74.02197066683769,40.74992631234206,15.0
cell_3_2,-134.0929162838974,-74.02197066683769,40.74992631234206,3.0
cell_4_0,-119.82678995137724,-74.02197066683769,40.74992631234206,11.0
cell_4_1,-120.32678995137724,-74.02197066683769,40.74992631234206,12.0
cell_4_2,-121.82678995137724,-74.02197066683769,40.74992631234206,1.0
cell_5_0,-136.26800579803967,-74.02197066683769,40.74992631234206,7.0
cell_5_1,-138.26800579803967,-74.02197066683769,40.74992631234206,3.0
cell_5_2,-137.76800579803967,-74.02197066683769,40.74992631234206,12.0
cell_1_0,-141.3957217894402,-73.98873663207453,40.730113628507965,20.0
cell_1_1,-140.8957217894402,-73.98873663207453,40.730113628507965,19.0
cell_1_2,-135.8957217894402,-73.98873663207453,40.730113628507965,7.0
cell_2_0,-142.4391249696405,-73.98873663207453,40.730113628507965,16.0
cell_2_1,-139.4391249696405,-73.98873663207453,40.730113628507965,6.0
cell_2_2,-142.4391249696405,-73.98873663207453,40.730113628507965,0.0
cell_3_0,-151.66260126575477,-73.98873663207453,40.730113628507965,0.0
cell_3_1,-150.16260126575477,-73.98873663207453,40.730113628507965,13.0
cell_3_2,-150.66260126575477,-73.98873663207453,40.730113628507965,14.0
cell_4_0,-148.97005987951147,-73.98873663207453,40.730113628507965,0.0
cell_4_1,-146.47005987951147,-73.98873663207453,40.730113628507965,5.0
cell_4_2,-146.47005987951147,-73.98873663207453,40.730113628507965,5.0
cell_5_0,-150.95920941803203,-73.98873663207453,40.730113628507965,0.0
cell_5_1,-150.95920941803203,-73.98873663207453,40.730113628507965,16.0
cell_5_2,-151.95920941803203,-73.98873663207453,40.730113628507965,18.0
cell_1_0,-145.35047633342657,-74.04071815315109,40.77295975043742,8.0
cell_1_1,-147.85047633342657,-74.04071815315109,40.77295975043742,3.0
cell_1_2,-149.35047633342657,-74.04071815315109,40.77295975043742,0.0
cell_2_0,-158.39369656644197,-74.04071815315109,40.77295975043742,20.0
cell_2_1,-155.89369656644197,-74.04071815315109,40.77295975043742,15.0
cell_2_2,-156.39369656644197,-74.04071815315109,40.77295975043742,0.0
cell_3_0,-138.7289880223155,-74.04071815315109,40.77295975043742,15.0
cell_3_1,-138.7289880223155,-74.04071815315109,40.77295975043742,15.0
cell_3_2,-136.7289880223155,-74.04071815315109,40.77295975043742,5.0
cell_4_0,-137.52597681939892,-74.04071815315109,40.77295975043742,14.0
cell_4_1,-138.52597681939892,-74.04071815315109,40.77295975043742,0.0
cell_4_2,-137.52597681939892,-74.04071815315109,40.77295975043742,2.0
cell_5_0,-139.11948763631375,-74.04071815315109,40.77295975043742,17.0
cell_5_1,-137.61948763631375,-74.04071815315109,40.77295975043742,14.0
cell_5_2,-136.11948763631375,-74.04071815315109,40.77295975043742,11.0
cell_1_0,-139.21021680219513,-74.00573903822476,40.758083956812214,1.0
cell_1_1,-139.71021680219513,-74.00573903822476,40.758083956812214,16.0
cell_1_2,-136.21021680219513,-74.00573903822476,40.758083956812214,9.0
cell_2_0,-145.55699441994946,-74.00573903822476,40.758083956812214,1.0
cell_2_1,-144.55699441994946,-74.00573903822476,40.758083956812214,3.0
cell_2_2,-147.05699441994946,-74.00573903822476,40.758083956812214,18.0
cell_3_0,-142.38215282326482,-74.00573903822476,40.758083956812214,10.0
cell_3_1,-145.38215282326482,-74.00573903822476,40.758083956812214,16.0
cell_3_2,-146.38215282326482,-74.00573903822476,40.758083956812214,18.0
cell_4_0,-137.29155840243425,-74.00573903822476,40.758083956812214,4.0
cell_4_1,-138.79155840243425,-74.00573903822476,40.758083956812214,15.0
cell_4_2,-136.29155840243425,-74.00573903822476,40.758083956812214,6.0
cell_5_0,-136.89821368072944,-74.00573903822476,40.758083956812214,17.0
cell_5_1,-136.39821368072944,-74.00573903822476,40.758083956812214,16.0
cell_5_2,-133.39821368072944,-74.00573903822476,40.758083956812214,6.0
cell_1_0,-136.1406320975667,-73.9993743639601,40.75017106676185,2.0
cell_1_1,-136.6406320975667,-73.9993743639601,40.75017106676185,1.0
cell_1_2,-135.6406320975667,-73.9993743639601,40.75017106676185,3.0
cell_2_0,-143.1003311746035,-73.9993743639601,40.75017106676185,16.0
cell_2_1,-142.1003311746035,-73.9993743639601,40.75017106676185,14.0
cell_2_2,-144.6003311746035,-73.9993743639601,40.75017106676185,19.0
cell_3_0,-148.86010329771415,-73.9993743639601,40.75017106676185,19.0
cell_3_1,-146.36010329771415,-73.9993743639601,40.75017106676185,14.0
cell_3_2,-145.36010329771415,-73.9993743639601,40.75017106676185,4.0
cell_4_0,-139.4795618248409,-73.9993743639601,40.75017106676185,10.0
cell_4_1,-138.4795618248409,-73.9993743639601,40.75017106676185,8.0
cell_4_2,-141.9795618248409,-73.9993743639601,40.75017106676185,1.0
cell_5_0,-139.53708844960707,-73.9993743639601,40.75017106676185,10.0
cell_5_1,-143.03708844960707,-73.9993743639601,40.75017106676185,17.0
cell_5_2,-142.53708844960707,-73.9993743639601,40.75017106676185,16.0
cell_1_0,-140.0470625378974,-74.0418938372982,40.74109936967574,12.0
cell_1_1,-143.0470625378974,-74.0418938372982,40.74109936967574,18.0
cell_1_2,-142.0470625378974,-74.0418938372982,40.74109936967574,16.0
cell_2_0,-157.19637560965108,-74.0418938372982,40.74109936967574,18.0
cell_2_1,-158.19637560965108,-74.0418938372982,40.74109936967574,20.0
cell_2_2,-154.19637560965108,-74.0418938372982,40.74109936967574,4.0
cell_3_0,-120.92822692274403,-74.0418938372982,40.74109936967574,16.0
cell_3_1,-118.42822692274403,-74.0418938372982,40.74109936967574,11.0
cell_3_2,-122.92822692274403,-74.0418938372982,40.74109936967574,20.0
cell_4_0,-130.25699623069508,-74.0418938372982,40.74109936967574,10.0
cell_4_1,-132.25699623069508,-74.0418938372982,40.74109936967574,14.0
cell_4_2,-133.25699623069508,-74.0418938372982,40.74109936967574,16.0
cell_5_0,-148.84370052218864,-74.0418938372982,40.74109936967574,19.0
cell_5_1,-143.34370052218864,-74.0418938372982,40.74109936967574,8.0
cell_5_2,-143.84370052218864,-74.0418938372982,40.74109936967574,9.0
cell_1_0,-136.98403587993351,-74.03550841787089,40.745176601987765,11.0
cell_1_1,-141.48403587993351,-74.03550841787089,40.745176601987765,20.0
cell_1_2,-138.98403587993351,-74.03550841787089,40.745176601987765,1.0
cell_2_0,-156.24108306891068,-74.03550841787089,40.745176601987765,19.0
cell_2_1,-155.24108306891068,-74.03550841787089,40.745176601987765,17.0
cell_2_2,-155.24108306891068,-74.03550841787089,40.745176601987765,17.0
cell_3_0,-120.22423128574967,-74.03550841787089,40.745176601987765,18.0
cell_3_1,-118.22423128574967,-74.03550841787089,40.745176601987765,14.0
cell_3_2,-120.22423128574967,-74.03550841787089,40.745176601987765,18.0
cell_4_0,-123.8119956758442,-74.03550841787089,40.745176601987765,15.0
cell_4_1,-121.3119956758442,-74.03550841787089,40.745176601987765,10.0
cell_4_2,-120.3119956758442,-74.03550841787089,40.745176601987765,8.0
cell_5_0,-143.08342657227092,-74.03550841787089,40.745176601987765,3.0
cell_5_1,-145.08342657227092,-74.03550841787089,40.745176601987765,17.0
cell_5_2,-143.58342657227092,-74.03550841787089,40.745176601987765,14.0
cell_1_0,-150.48113802073595,-73.99344585777074,40.78710517367168,3.0
cell_1_1,-149.48113802073595,-73.99344585777074,40.78710517367168,11.0
cell_1_2,-151.48113802073595,-73.99344585777074,40.78710517367168,15.0
cell_2_0,-149.929964998937,-73.99344585777074,40.78710517367168,20.0
cell_2_1,-146.429964998937,-73.99344585777074,40.78710517367168,13.0
cell_2_2,-144.429964998937,-73.99344585777074,40.78710517367168,7.0
cell_3_0,-154.6902352108032,-73.99344585777074,40.78710517367168,19.0
cell_3_1,-150.6902352108032,-73.99344585777074,40.78710517367168,11.0
cell_3_2,-153.1902352108032,-73.99344585777074,40.78710517367168,0.0
cell_4_0,-151.62627237245425,-73.99344585777074,40.78710517367168,19.0
cell_4_1,-148.12627237245425,-73.99344585777074,40.78710517367168,12.0
cell_4_2,-150.62627237245425,-73.99344585777074,40.78710517367168,17.0
cell_5_0,-139.53137894899857,-73.99344585777074,40.78710517367168,2.0
cell_5_1,-138.53137894899857,-73.99344585777074,40.78710517367168,4.0
cell_5_2,-137.53137894899857,-73.99344585777074,40.78710517367168,10.0
cell_1_0,-133.54262593622207,-74.02836464059132,40.745825516275175,12.0
cell_1_1,-137.04262593622207,-74.02836464059132,40.745825516275175,19.0
cell_1_2,-133.54262593622207,-74.02836464059132,40.745825516275175,4.0
cell_2_0,-150.04869358256408,-74.02836464059132,40.745825516275175,10.0
cell_2_1,-155.04869358256408,-74.02836464059132,40.745825516275175,20.0
cell_2_2,-154.54869358256408,-74.02836464059132,40.745825516275175,19.0
cell_3_0,-126.21898865547394,-74.02836464059132,40.745825516275175,9.0
cell_3_1,-131.21898865547394,-74.02836464059132,40.745825516275175,19.0
cell_3_2,-126.21898865547394,-74.02836464059132,40.745825516275175,7.0
cell_4_0,-120.77477434861798,-74.02836464059132,40.745825516275175,19.0
cell_4_1,-120.27477434861798,-74.02836464059132,40.745825516275175,18.0
cell_4_2,-119.27477434861798,-74.02836464059132,40.745825516275175,16.0
cell_5_0,-139.8501994088799,-74.02836464059132,40.745825516275175,6.0
cell_5_1,-139.8501994088799,-74.02836464059132,40.745825516275175,6.0
cell_5_2,-139.8501994088799,-74.02836464059132,40.745825516275175,10.0
cell_1_0,-152.85720794750205,-74.06241731056991,40.76135407173613,18.0
cell_1_1,-151.35720794750205,-74.06241731056991,40.76135407173613,1.0
cell_1_2,-148.85720794750205,-74.06241731056991,40.76135407173613,10.0
cell_2_0,-158.82314152003187,-74.06241731056991,40.76135407173613,2.0
cell_2_1,-158.32314152003187,-74.06241731056991,40.76135407173613,13.0
cell_2_2,-156.82314152003187,-74.06241731056991,40.76135407173613,6.0
cell_3_0,-139.40427775777388,-74.06241731056991,40.76135407173613,0.0
cell_3_1,-139.90427775777388,-74.06241731056991,40.76135407173613,17.0
cell_3_2,-135.90427775777388,-74.06241731056991,40.76135407173613,7.0
cell_4_0,-143.17133653324373,-74.06241731056991,40.76135407173613,2.0
cell_4_1,-144.67133653324373,-74.06241731056991,40.76135407173613,17.0
cell_4_2,-141.67133653324373,-74.06241731056991,40.76135407173613,5.0
cell_5_0,-148.16680627207907,-74.06241731056991,40.76135407173613,14.0
cell_5_1,-147.66680627207907,-74.06241731056991,40.76135407173613,3.0
cell_5_2,-149.16680627207907,-74.06241731056991,40.76135407173613,0.0
cell_1_0,-145.52180900676527,-73.97666295741423,40.72765434895611,16.0
cell_1_1,-142.52180900676527,-73.97666295741423,40.72765434895611,6.0
cell_1_2,-143.02180900676527,-73.97666295741423,40.72765434895611,11.0
cell_2_0,-138.56162573755765,-73.97666295741423,40.72765434895611,3.0
cell_2_1,-138.56162573755765,-73.97666295741423,40.72765434895611,13.0
cell_2_2,-140.56162573755765,-73.97666295741423,40.72765434895611,17.0
cell_3_0,-156.6849967204267,-73.97666295741423,40.72765434895611,20.0
cell_3_1,-151.6849967204267,-73.97666295741423,40.72765434895611,6.0
cell_3_2,-155.1849967204267,-73.97666295741423,40.72765434895611,17.0
cell_4_0,-148.928424081216,-73.97666295741423,40.72765434895611,9.0
cell_4_1,-149.928424081216,-73.97666295741423,40.72765434895611,11.0
cell_4_2,-148.928424081216,-73.97666295741423,40.72765434895611,9.0
cell_5_0,-151.38633292481808,-73.97666295741423,40.72765434895611,4.0
cell_5_1,-150.38633292481808,-73.97666295741423,40.72765434895611,6.0
cell_5_2,-152.38633292481808,-73.97666295741423,40.72765434895611,14.0
cell_1_0,-139.86063119525582,-73.99050459200114,40.74736021619062,15.0
cell_1_1,-139.36063119525582,-73.99050459200114,40.74736021619062,2.0
cell_1_2,-138.36063119525582,-73.99050459200114,40.74736021619062,4.0
cell_2_0,-138.87705771255293,-73.99050459200114,40.74736021619062,17.0
cell_2_1,-139.37705771255293,-73.99050459200114,40.74736021619062,18.0
cell_2_2,-134.87705771255293,-73.99050459200114,40.74736021619062,9.0
cell_3_0,-148.7719720645921,-73.99050459200114,40.74736021619062,3.0
cell_3_1,-152.2719720645921,-73.99050459200114,40.74736021619062,20.0
cell_3_2,-151.2719720645921,-73.99050459200114,40.74736021619062,18.0
cell_4_0,-143.46347056885696,-73.99050459200114,40.74736021619062,10.0
cell_4_1,-142.96347056885696,-73.99050459200114,40.74736021619062,9.0
cell_4_2,-148.46347056885696,-73.99050459200114,40.74736021619062,20.0
cell_5_0,-145.52771027302285,-73.99050459200114,40.74736021619062,15.0
cell_5_1,-142.52771027302285,-73.99050459200114,40.74736021619062,9.0
cell_5_2,-143.02771027302285,-73.99050459200114,40.74736021619062,6.0
cell_1_0,-141.75632188293304,-73.99961754190997,40.762825773305764,13.0
cell_1_1,-142.75632188293304,-73.99961754190997,40.762825773305764,15.0
cell_1_2,-143.25632188293304,-73.99961754190997,40.762825773305764,0.0
cell_2_0,-141.02283841574453,-73.99961754190997,40.762825773305764,6.0
cell_2_1,-143.02283841574453,-73.99961754190997,40.762825773305764,2.0
cell_2_2,-142.02283841574453,-73.99961754190997,40.762825773305764,4.0
cell_3_0,-147.11763634372284,-73.99961754190997,40.762825773305764,14.0
cell_3_1,-145.61763634372284,-73.99961754190997,40.762825773305764,11.0
cell_3_2,-147.11763634372284,-73.99961754190997,40.762825773305764,2.0
cell_4_0,-143.19946080969734,-73.99961754190997,40.762825773305764,16.0
cell_4_1,-143.19946080969734,-73.99961754190997,40.762825773305764,0.0
cell_4_2,-140.19946080969734,-73.99961754190997,40.762825773305764,10.0
cell_5_0,-135.61666840144034,-73.99961754190997,40.762825773305764,13.0
cell_5_1,-135.61666840144034,-73.99961754190997,40.762825773305764,13.0
cell_5_2,-136.61666840144034,-73.99961754190997,40.762825773305764,1.0
cell_1_0,-143.7796643125733,-74.03734584978069,40.759765750259675,14.0
cell_1_1,-143.2796643125733,-74.03734584978069,40.759765750259675,13.0
cell_1_2,-141.2796643125733,-74.03734584978069,40.759765750259675,9.0
cell_2_0,-155.16532986501178,-74.03734584978069,40.759765750259675,16.0
cell_2_1,-155.66532986501178,-74.03734584978069,40.759765750259675,17.0
cell_2_2,-153.66532986501178,-74.03734584978069,40.759765750259675,13.0
cell_3_0,-127.83520343717313,-74.03734584978069,40.759765750259675,1.0
cell_3_1,-127.83520343717313,-74.03734584978069,40.759765750259675,15.0
cell_3_2,-127.33520343717313,-74.03734584978069,40.759765750259675,14.0
cell_4_0,-124.11598758096358,-74.03734584978069,40.759765750259675,11.0
cell_4_1,-123.61598758096358,-74.03734584978069,40.759765750259675,10.0
cell_4_2,-123.11598758096358,-74.03734584978069,40.759765750259675,7.0
cell_5_0,-140.12077917787744,-74.03734584978069,40.759765750259675,17.0
cell_5_1,-138.62077917787744,-74.03734584978069,40.759765750259675,14.0
cell_5_2,-136.62077917787744,-74.03734584978069,40.759765750259675,6.0
cell_1_0,-137.6065316492664,-74.03350200707344,40.75422226419367,8.0
cell_1_1,-139.1065316492664,-74.03350200707344,40.75422226419367,11.0
cell_1_2,-141.1065316492664,-74.03350200707344,40.75422226419367,1.0
cell_2_0,-156.21596890872812,-74.03350200707344,40.75422226419367,20.0
cell_2_1,-154.21596890872812,-74.03350200707344,40.75422226419367,16.0
cell_2_2,-150.71596890872812,-74.03350200707344,40.75422226419367,9.0
cell_3_0,-124.05464220874383,-74.03350200707344,40.75422226419367,2.0
cell_3_1,-122.55464220874383,-74.03350200707344,40.75422226419367,5.0
cell_3_2,-125.05464220874383,-74.03350200707344,40.75422226419367,16.0
cell_4_0,-112.67263750815378,-74.03350200707344,40.75422226419367,0.0
cell_4_1,-109.17263750815378,-74.03350200707344,40.75422226419367,9.0
cell_4_2,-109.67263750815378,-74.03350200707344,40.75422226419367,6.0
cell_5_0,-140.7932962407392,-74.03350200707344,40.75422226419367,17.0
cell_5_1,-140.2932962407392,-74.03350200707344,40.75422226419367,0.0
cell_5_2,-137.7932962407392,-74.03350200707344,40.75422226419367,5.0
cell_1_0,-152.81172198894598,-73.96258246463422,40.769570489467775,15.0
cell_1_1,-151.81172198894598,-73.96258246463422,40.769570489467775,3.0
cell_1_2,-153.81172198894598,-73.96258246463422,40.769570489467775,17.0
cell_2_0,-130.79055186793875,-73.96258246463422,40.769570489467775,8.0
cell_2_1,-131.79055186793875,-73.96258246463422,40.769570489467775,10.0
cell_2_2,-131.79055186793875,-73.96258246463422,40.769570489467775,10.0
cell_3_0,-154.96513754039742,-73.96258246463422,40.769570489467775,5.0
cell_3_1,-153.96513754039742,-73.96258246463422,40.769570489467775,9.0
cell_3_2,-157.46513754039742,-73.96258246463422,40.769570489467775,16.0
cell_4_0,-154.01007359723582,-73.96258246463422,40.769570489467775,2.0
cell_4_1,-157.01007359723582,-73.96258246463422,40.769570489467775,20.0
cell_4_2,-152.01007359723582,-73.96258246463422,40.769570489467775,6.0
cell_5_0,-150.4724914029891,-73.96258246463422,40.769570489467775,14.0
cell_5_1,-148.9724914029891,-73.96258246463422,40.769570489467775,11.0
cell_5_2,-151.4724914029891,-73.96258246463422,40.769570489467775,0.0
cell_1_0,-147.74768129087352,-74.03658407015637,40.76998520567837,0.0
cell_1_1,-146.74768129087352,-74.03658407015637,40.76998520567837,2.0
cell_1_2,-149.74768129087352,-74.03658407015637,40.76998520567837,20.0
cell_2_0,-151.90614298081533,-74.03658407015637,40.76998520567837,9.0
cell_2_1,-151.40614298081533,-74.03658407015637,40.76998520567837,8.0
cell_2_2,-152.90614298081533,-74.03658407015637,40.76998520567837,5.0
cell_3_0,-136.10560780817895,-74.03658407015637,40.76998520567837,13.0
cell_3_1,-136.10560780817895,-74.03658407015637,40.76998520567837,13.0
cell_3_2,-136.60560780817895,-74.03658407015637,40.76998520567837,14.0
cell_4_0,-135.83363515166195,-74.03658407015637,40.76998520567837,17.0
cell_4_1,-133.33363515166195,-74.03658407015637,40.76998520567837,12.0
cell_4_2,-132.83363515166195,-74.03658407015637,40.76998520567837,5.0
cell_5_0,-132.60043634057809,-74.03658407015637,40.76998520567837,7.0
cell_5_1,-135.60043634057809,-74.03658407015637,40.76998520567837,15.0
cell_5_2,-135.60043634057809,-74.03658407015637,40.76998520567837,1.0
cell_1_0,-132.46213273299378,-74.02453155241405,40.72295022425804,16.0
cell_1_1,-128.46213273299378,-74.02453155241405,40.72295022425804,8.0
cell_1_2,-132.46213273299378,-74.02453155241405,40.72295022425804,0.0
cell_2_0,-151.24512370545096,-74.02453155241405,40.72295022425804,11.0
cell_2_1,-153.74512370545096,-74.02453155241405,40.72295022425804,0.0
cell_2_2,-151.74512370545096,-74.02453155241405,40.72295022425804,12.0
cell_3_0,-141.01821408365547,-74.02453155241405,40.72295022425804,13.0
cell_3_1,-142.51821408365547,-74.02453155241405,40.72295022425804,16.0
cell_3_2,-144.51821408365547,-74.02453155241405,40.72295022425804,20.0
cell_4_0,-141.18026041974525,-74.02453155241405,40.72295022425804,14.0
cell_4_1,-139.68026041974525,-74.02453155241405,40.72295022425804,5.0
cell_4_2,-139.68026041974525,-74.02453155241405,40.72295022425804,5.0
cell_5_0,-149.28073925888577,-74.02453155241405,40.72295022425804,3.0
cell_5_1,-149.78073925888577,-74.02453155241405,40.72295022425804,2.0
cell_5_2,-148.78073925888577,-74.02453155241405,40.72295022425804,4.0
cell_1_0,-142.45476430724642,-74.04449823185857,40.75363077181069,10.0
cell_1_1,-145.95476430724642,-74.04449823185857,40.75363077181069,17.0
cell_1_2,-143.95476430724642,-74.04449823185857,40.75363077181069,13.0
cell_2_0,-157.06213113864032,-74.04449823185857,40.75363077181069,17.0
cell_2_1,-153.06213113864032,-74.04449823185857,40.75363077181069,9.0
cell_2_2,-156.06213113864032,-74.04449823185857,40.75363077181069,15.0
cell_3_0,-120.18133337695596,-74.04449823185857,40.75363077181069,20.0
cell_3_1,-117.18133337695596,-74.04449823185857,40.75363077181069,14.0
cell_3_2,-118.18133337695596,-74.04449823185857,40.75363077181069,16.0
cell_4_0,-130.1202020401299,-74.04449823185857,40.75363077181069,3.0
cell_4_1,-128.1202020401299,-74.04449823185857,40.75363077181069,9.0
cell_4_2,-128.6202020401299,-74.04449823185857,40.75363077181069,10.0
cell_5_0,-144.94734965259488,-74.04449823185857,40.75363077181069,17.0
cell_5_1,-144.94734965259488,-74.04449823185857,40.75363077181069,17.0
cell_5_2,-145.44734965259488,-74.04449823185857,40.75363077181069,18.0
cell_1_0,-129.7889526862631,-74.01859654229915,40.74458314609248,19.0
cell_1_1,-125.2889526862631,-74.01859654229915,40.74458314609248,6.0
cell_1_2,-125.2889526862631,-74.01859654229915,40.74458314609248,10.0
cell_2_0,-150.45805520234092,-74.01859654229915,40.74458314609248,16.0
cell_2_1,-150.45805520234092,-74.01859654229915,40.74458314609248,16.0
cell_2_2,-150.45805520234092,-74.01859654229915,40.74458314609248,16.0
cell_3_0,-137.717680949853,-74.01859654229915,40.74458314609248,15.0
cell_3_1,-137.717680949853,-74.01859654229915,40.74458314609248,1.0
cell_3_2,-139.717680949853,-74.01859654229915,40.74458314609248,19.0
cell_4_0,-128.6551252925707,-74.01859654229915,40.74458314609248,3.0
cell_4_1,-130.1551252925707,-74.01859654229915,40.74458314609248,0.0
cell_4_2,-129.1551252925707,-74.01859654229915,40.74458314609248,14.0
cell_5_0,-140.96112732293543,-74.01859654229915,40.74458314609248,13.0
cell_5_1,-139.96112732293543,-74.01859654229915,40.74458314609248,11.0
cell_5_2,-138.96112732293543,-74.01859654229915,40.74458314609248,9.0
cell_1_0,-148.74916682462273,-74.03444235543235,40.7681075495994,20.0
cell_1_1,-144.74916682462273,-74.03444235543235,40.7681075495994,4.0
cell_1_2,-143.74916682462273,-74.03444235543235,40.7681075495994,10.0
cell_2_0,-151.8544372822572,-74.03444235543235,40.7681075495994,10.0
cell_2_1,-154.3544372822572,-74.03444235543235,40.7681075495994,15.0
cell_2_2,-150.8544372822572,-74.03444235543235,40.7681075495994,8.0
cell_3_0,-136.2293992847178,-74.03444235543235,40.7681075495994,15.0
cell_3_1,-136.2293992847178,-74.03444235543235,40.7681075495994,15.0
cell_3_2,-133.2293992847178,-74.03444235543235,40.7681075495994,9.0
cell_4_0,-134.7107216542837,-74.03444235543235,40.7681075495994,19.0
cell_4_1,-130.7107216542837,-74.03444235543235,40.7681075495994,5.0
cell_4_2,-131.2107216542837,-74.03444235543235,40.7681075495994,12.0
cell_5_0,-131.44301386192575,-74.03444235543235,40.7681075495994,9.0
cell_5_1,-132.94301386192575,-74.03444235543235,40.7681075495994,4.0
cell_5_2,-133.44301386192575,-74.03444235543235,40.7681075495994,13.0
cell_1_0,-149.25326814711937,-73.97529413336147,40.759725759863386,17.0
cell_1_1,-148.75326814711937,-73.97529413336147,40.759725759863386,16.0
cell_1_2,-147.75326814711937,-73.97529413336147,40.759725759863386,2.0
cell_2_0,-123.72928162656845,-73.97529413336147,40.759725759863386,6.0
cell_2_1,-127.22928162656845,-73.97529413336147,40.759725759863386,17.0
cell_2_2,-126.22928162656845,-73.97529413336147,40.759725759863386,15.0
cell_3_0,-150.97496456608755,-73.97529413336147,40.759725759863386,9.0
cell_3_1,-150.97496456608755,-73.97529413336147,40.759725759863386,7.0
cell_3_2,-152.97496456608755,-73.97529413336147,40.759725759863386,3.0
cell_4_0,-152.47042971702277,-73.97529413336147,40.759725759863386,18.0
cell_4_1,-147.97042971702277,-73.97529413336147,40.759725759863386,7.0
cell_4_2,-148.97042971702277,-73.97529413336147,40.759725759863386,11.0
cell_5_0,-148.3111528782238,-73.97529413336147,40.759725759863386,0.0
cell_5_1,-147.8111528782238,-73.97529413336147,40.759725759863386,1.0
cell_5_2,-148.3111528782238,-73.97529413336147,40.759725759863386,0.0
cell_1_0,-138.56418751286574,-73.99047879774825,40.73963941428926,0.0
cell_1_1,-137.06418751286574,-73.99047879774825,40.73963941428926,3.0
cell_1_2,-135.06418751286574,-73.99047879774825,40.73963941428926,7.0
cell_2_0,-137.02243008343063,-73.99047879774825,40.73963941428926,10.0
cell_2_1,-138.02243008343063,-73.99047879774825,40.73963941428926,4.0
cell_2_2,-136.02243008343063,-73.99047879774825,40.73963941428926,8.0
cell_3_0,-150.00099001400207,-73.99047879774825,40.73963941428926,15.0
cell_3_1,-149.50099001400207,-73.99047879774825,40.73963941428926,14.0
cell_3_2,-150.00099001400207,-73.99047879774825,40.73963941428926,15.0
cell_4_0,-146.60708759986676,-73.99047879774825,40.73963941428926,1.0
cell_4_1,-149.10708759986676,-73.99047879774825,40.73963941428926,20.0
cell_4_2,-147.60708759986676,-73.99047879774825,40.73963941428926,17.0
cell_5_0,-148.1963071862783,-73.99047879774825,40.73963941428926,16.0
cell_5_1,-146.1963071862783,-73.99047879774825,40.73963941428926,4.0
cell_5_2,-148.1963071862783,-73.99047879774825,40.73963941428926,16.0
cell_1_0,-129.80330373207244,-74.01776134145427,40.74878821666503,11.0
cell_1_1,-128.30330373207244,-74.01776134145427,40.74878821666503,8.0
cell_1_2,-134.30330373207244,-74.01776134145427,40.74878821666503,20.0
cell_2_0,-147.57732928200826,-74.01776134145427,40.74878821666503,5.0
cell_2_1,-146.57732928200826,-74.01776134145427,40.74878821666503,7.0
cell_2_2,-147.07732928200826,-74.01776134145427,40.74878821666503,10.0
cell_3_0,-136.0538592779244,-74.01776134145427,40.74878821666503,11.0
cell_3_1,-136.0538592779244,-74.01776134145427,40.74878821666503,11.0
cell_3_2,-135.0538592779244,-74.01776134145427,40.74878821666503,9.0
cell_4_0,-128.39134202939385,-74.01776134145427,40.74878821666503,1.0
cell_4_1,-127.89134202939387,-74.01776134145427,40.74878821666503,14.0
cell_4_2,-128.89134202939385,-74.01776134145427,40.74878821666503,0.0
cell_5_0,-139.67921613621684,-74.01776134145427,40.74878821666503,15.0
cell_5_1,-139.17921613621684,-74.01776134145427,40.74878821666503,14.0
cell_5_2,-139.67921613621684,-74.01776134145427,40.74878821666503,1.0
cell_1_0,-126.00227552928352,-73.99994118279608,40.73262923960454,8.0
cell_1_1,-126.50227552928352,-73.99994118279608,40.73262923960454,7.0
cell_1_2,-126.50227552928352,-73.99994118279608,40.73262923960454,7.0
cell_2_0,-143.69685526906565,-73.99994118279608,40.73262923960454,4.0
cell_2_1,-143.69685526906565,-73.99994118279608,40.73262923960454,12.0
cell_2_2,-144.69685526906565,-73.99994118279608,40.73262923960454,14.0
cell_3_0,-144.17848184191635,-73.99994118279608,40.73262923960454,8.0
cell_3_1,-145.17848184191635,-73.99994118279608,40.73262923960454,6.0
cell_3_2,-146.67848184191635,-73.99994118279608,40.73262923960454,3.0
cell_4_0,-142.41139034311678,-73.99994118279608,40.73262923960454,11.0
cell_4_1,-144.91139034311678,-73.99994118279608,40.73262923960454,16.0
cell_4_2,-145.41139034311678,-73.99994118279608,40.73262923960454,17.0
cell_5_0,-146.17318404392688,-73.99994118279608,40.73262923960454,11.0
cell_5_1,-144.67318404392688,-73.99994118279608,40.73262923960454,8.0
cell_5_2,-146.67318404392688,-73.99994118279608,40.73262923960454,4.0
cell_1_0,-139.46046050462135,-74.03312291299305,40.752903385603425,13.0
cell_1_1,-137.46046050462135,-74.03312291299305,40.752903385603425,7.0
cell_1_2,-141.46046050462135,-74.03312291299305,40.752903385603425,17.0
cell_2_0,-155.6208107107199,-74.03312291299305,40.752903385603425,19.0
cell_2_1,-154.6208107107199,-74.03312291299305,40.752903385603425,17.0
cell_2_2,-154.1208107107199,-74.03312291299305,40.752903385603425,16.0
cell_3_0,-123.41394440230917,-74.03312291299305,40.752903385603425,14.0
cell_3_1,-125.41394440230917,-74.03312291299305,40.752903385603425,18.0
cell_3_2,-120.91394440230917,-74.03312291299305,40.752903385603425,7.0
cell_4_0,-109.08970131063822,-74.03312291299305,40.752903385603425,1.0
cell_4_1,-107.58970131063822,-74.03312291299305,40.752903385603425,4.0
cell_4_2,-107.58970131063822,-74.03312291299305,40.752903385603425,4.0
cell_5_0,-139.76241031947467,-74.03312291299305,40.752903385603425,14.0
cell_5_1,-142.76241031947467,-74.03312291299305,40.752903385603425,20.0
cell_5_2,-139.76241031947467,-74.03312291299305,40.752903385603425,14.0
cell_1_0,-144.51548670382272,-73.97127846647223,40.72849286526155,10.0
cell_1_1,-145.01548670382272,-73.97127846647223,40.72849286526155,5.0
cell_1_2,-146.01548670382272,-73.97127846647223,40.72849286526155,13.0
cell_2_0,-140.24492966206446,-73.97127846647223,40.72849286526155,19.0
cell_2_1,-138.24492966206446,-73.97127846647223,40.72849286526155,1.0
cell_2_2,-136.74492966206446,-73.97127846647223,40.72849286526155,12.0
cell_3_0,-155.74737455441934,-73.97127846647223,40.72849286526155,16.0
cell_3_1,-153.74737455441934,-73.97127846647223,40.72849286526155,4.0
cell_3_2,-154.24737455441934,-73.97127846647223,40.72849286526155,3.0
cell_4_0,-152.58019280936696,-73.97127846647223,40.72849286526155,14.0
cell_4_1,-155.58019280936696,-73.97127846647223,40.72849286526155,20.0
cell_4_2,-151.08019280936696,-73.97127846647223,40.72849286526155,11.0
cell_5_0,-152.60986661225203,-73.97127846647223,40.72849286526155,3.0
cell_5_1,-155.60986661225203,-73.97127846647223,40.72849286526155,19.0
cell_5_2,-154.10986661225203,-73.97127846647223,40.72849286526155,16.0
cell_1_0,-129.52756413730864,-74.02390020729291,40.72364584391279,12.0
cell_1_1,-132.02756413730864,-74.02390020729291,40.72364584391279,17.0
cell_1_2,-128.52756413730864,-74.02390020729291,40.72364584391279,6.0
cell_2_0,-155.0343330971494,-74.02390020729291,40.72364584391279,19.0
cell_2_1,-154.0343330971494,-74.02390020729291,40.72364584391279,17.0
cell_2_2,-151.0343330971494,-74.02390020729291,40.72364584391279,5.0
cell_3_0,-139.9069760124458,-74.02390020729291,40.72364584391279,11.0
cell_3_1,-139.4069760124458,-74.02390020729291,40.72364584391279,10.0
cell_3_2,-142.4069760124458,-74.02390020729291,40.72364584391279,16.0
cell_4_0,-139.38845493959576,-74.02390020729291,40.72364584391279,5.0
cell_4_1,-140.88845493959576,-74.02390020729291,40.72364584391279,2.0
cell_4_2,-138.88845493959576,-74.02390020729291,40.72364584391279,6.0
cell_5_0,-148.05479449698947,-74.02390020729291,40.72364584391279,5.0
cell_5_1,-149.05479449698947,-74.02390020729291,40.72364584391279,13.0
cell_5_2,-152.05479449698947,-74.02390020729291,40.72364584391279,19.0
cell_1_0,-148.46017564926893,-73.9984105308606,40.78307551879616,12.0
cell_1_1,-149.96017564926893,-73.9984105308606,40.78307551879616,1.0
cell_1_2,-150.96017564926893,-73.9984105308606,40.78307551879616,17.0
cell_2_0,-148.98142960045337,-73.9984105308606,40.78307551879616,18.0
cell_2_1,-149.98142960045337,-73.9984105308606,40.78307551879616,20.0
cell_2_2,-147.98142960045337,-73.9984105308606,40.78307551879616,0.0
cell_3_0,-149.0207299311023,-73.9984105308606,40.78307551879616,11.0
cell_3_1,-149.0207299311023,-73.9984105308606,40.78307551879616,11.0
cell_3_2,-149.0207299311023,-73.9984105308606,40.78307551879616,11.0
cell_4_0,-146.56631660015245,-73.9984105308606,40.78307551879616,13.0
cell_4_1,-147.06631660015245,-73.9984105308606,40.78307551879616,2.0
cell_4_2,-145.06631660015245,-73.9984105308606,40.78307551879616,10.0
cell_5_0,-134.00937170672495,-73.9984105308606,40.78307551879616,11.0
cell_5_1,-134.50937170672495,-73.9984105308606,40.78307551879616,4.0
cell_5_2,-134.50937170672495,-73.9984105308606,40.78307551879616,4.0
cell_1_0,-140.2064376724344,-74.04687849250881,40.73919584248992,8.0
cell_1_1,-143.7064376724344,-74.04687849250881,40.73919584248992,15.0
cell_1_2,-144.2064376724344,-74.04687849250881,40.73919584248992,0.0
cell_2_0,-158.71965530742526,-74.04687849250881,40.73919584248992,19.0
cell_2_1,-154.71965530742526,-74.04687849250881,40.73919584248992,5.0
cell_2_2,-157.71965530742526,-74.04687849250881,40.73919584248992,17.0
cell_3_0,-128.2921295189175,-74.04687849250881,40.73919584248992,19.0
cell_3_1,-125.2921295189175,-74.04687849250881,40.73919584248992,3.0
cell_3_2,-128.7921295189175,-74.04687849250881,40.73919584248992,20.0
cell_4_0,-135.30195834717438,-74.04687849250881,40.73919584248992,12.0
cell_4_1,-134.30195834717438,-74.04687849250881,40.73919584248992,6.0
cell_4_2,-133.80195834717438,-74.04687849250881,40.73919584248992,7.0
cell_5_0,-150.91823425032058,-74.04687849250881,40.73919584248992,20.0
cell_5_1,-146.91823425032058,-74.04687849250881,40.73919584248992,4.0
cell_5_2,-147.91823425032058,-74.04687849250881,40.73919584248992,2.0
cell_1_0,-151.58671720106767,-74.00507081614904,40.78334742821635,19.0
cell_1_1,-147.08671720106767,-74.00507081614904,40.78334742821635,10.0
cell_1_2,-149.08671720106767,-74.00507081614904,40.78334742821635,14.0
cell_2_0,-151.1561008835908,-74.00507081614904,40.78334742821635,19.0
cell_2_1,-147.1561008835908,-74.00507081614904,40.78334742821635,5.0
cell_2_2,-148.1561008835908,-74.00507081614904,40.78334742821635,13.0
cell_3_0,-150.1306429273008,-74.00507081614904,40.78334742821635,0.0
cell_3_1,-147.1306429273008,-74.00507081614904,40.78334742821635,6.0
cell_3_2,-147.1306429273008,-74.00507081614904,40.78334742821635,10.0
cell_4_0,-143.0155142441803,-74.00507081614904,40.78334742821635,7.0
cell_4_1,-145.5155142441803,-74.00507081614904,40.78334742821635,14.0
cell_4_2,-145.5155142441803,-74.00507081614904,40.78334742821635,2.0
cell_5_0,-132.0484308664863,-74.00507081614904,40.78334742821635,17.0
cell_5_1,-132.0484308664863,-74.00507081614904,40.78334742821635,17.0
cell_5_2,-129.0484308664863,-74.00507081614904,40.78334742821635,5.0
cell_1_0,-131.20674550220195,-74.03028411470358,40.73290323474267,5.0
cell_1_1,-130.20674550220195,-74.03028411470358,40.73290323474267,9.0
cell_1_2,-135.20674550220195,-74.03028411470358,40.73290323474267,19.0
cell_2_0,-153.1223973795288,-74.03028411470358,40.73290323474267,14.0
cell_2_1,-153.1223973795288,-74.03028411470358,40.73290323474267,14.0
cell_2_2,-150.6223973795288,-74.03028411470358,40.73290323474267,9.0
cell_3_0,-135.83934373975464,-74.03028411470358,40.73290323474267,17.0
cell_3_1,-133.33934373975464,-74.03028411470358,40.73290323474267,4.0
cell_3_2,-137.33934373975464,-74.03028411470358,40.73290323474267,20.0
cell_4_0,-137.15933768245122,-74.03028411470358,40.73290323474267,19.0
cell_4_1,-134.15933768245122,-74.03028411470358,40.73290323474267,3.0
cell_4_2,-132.15933768245122,-74.03028411470358,40.73290323474267,9.0
cell_5_0,-148.10037224296286,-74.03028411470358,40.73290323474267,16.0
cell_5_1,-145.60037224296286,-74.03028411470358,40.73290323474267,11.0
cell_5_2,-148.10037224296286,-74.03028411470358,40.73290323474267,16.0
cell_1_0,-148.9213857459963,-74.05974205889952,40.75112259765507,2.0
cell_1_1,-149.9213857459963,-74.05974205889952,40.75112259765507,16.0
cell_1_2,-150.4213857459963,-74.05974205889952,40.75112259765507,17.0
cell_2_0,-156.31408461803167,-74.05974205889952,40.75112259765507,10.0
cell_2_1,-158.81408461803167,-74.05974205889952,40.75112259765507,1.0
cell_2_2,-156.81408461803167,-74.05974205889952,40.75112259765507,11.0
cell_3_0,-136.10798083783763,-74.05974205889952,40.75112259765507,18.0
cell_3_1,-134.10798083783763,-74.05974205889952,40.75112259765507,14.0
cell_3_2,-131.60798083783763,-74.05974205889952,40.75112259765507,9.0
cell_4_0,-142.32572156642314,-74.05974205889952,40.75112259765507,16.0
cell_4_1,-138.82572156642314,-74.05974205889952,40.75112259765507,9.0
cell_4_2,-140.82572156642314,-74.05974205889952,40.75112259765507,13.0
cell_5_0,-150.15372079438785,-74.05974205889952,40.75112259765507,17.0
cell_5_1,-146.15372079438785,-74.05974205889952,40.75112259765507,9.0
cell_5_2,-147.65372079438785,-74.05974205889952,40.75112259765507,12.0
cell_1_0,-147.1253226542868,-74.03368142444835,40.78163987804777,9.0
cell_1_1,-149.6253226542868,-74.03368142444835,40.78163987804777,14.0
cell_1_2,-152.6253226542868,-74.03368142444835,40.78163987804777,20.0
cell_2_0,-151.64870497599284,-74.03368142444835,40.78163987804777,8.0
cell_2_1,-156.64870497599284,-74.03368142444835,40.78163987804777,18.0
cell_2_2,-157.14870497599284,-74.03368142444835,40.78163987804777,19.0
cell_3_0,-142.2134131161684,-74.03368142444835,40.78163987804777,12.0
cell_3_1,-142.7134131161684,-74.03368142444835,40.78163987804777,3.0
cell_3_2,-140.2134131161684,-74.03368142444835,40.78163987804777,8.0
cell_4_0,-142.09009998358675,-74.03368142444835,40.78163987804777,0.0
cell_4_1,-139.59009998358675,-74.03368142444835,40.78163987804777,5.0
cell_4_2,-140.59009998358675,-74.03368142444835,40.78163987804777,3.0
cell_5_0,-133.33453642301657,-74.03368142444835,40.78163987804777,2.0
cell_5_1,-135.83453642301657,-74.03368142444835,40.78163987804777,19.0
cell_5_2,-134.33453642301657,-74.03368142444835,40.78163987804777,0.0
cell_1_0,-144.7767481849245,-74.04711201383209,40.738701751553734,17.0
cell_1_1,-141.2767481849245,-74.04711201383209,40.738701751553734,10.0
cell_1_2,-144.7767481849245,-74.04711201383209,40.738701751553734,17.0
cell_2_0,-157.27848311264438,-74.04711201383209,40.738701751553734,0.0
cell_2_1,-157.27848311264438,-74.04711201383209,40.738701751553734,16.0
cell_2_2,-155.77848311264438,-74.04711201383209,40.738701751553734,3.0
cell_3_0,-125.53670334686296,-74.04711201383209,40.738701751553734,4.0
cell_3_1,-124.03670334686296,-74.04711201383209,40.738701751553734,7.0
cell_3_2,-124.03670334686296,-74.04711201383209,40.738701751553734,9.0
cell_4_0,-133.6403788441465,-74.04711201383209,40.738701751553734,8.0
cell_4_1,-136.6403788441465,-74.04711201383209,40.738701751553734,14.0
cell_4_2,-135.1403788441465,-74.04711201383209,40.738701751553734,5.0
cell_5_0,-145.59066865126474,-74.04711201383209,40.738701751553734,9.0
cell_5_1,-149.09066865126474,-74.04711201383209,40.738701751553734,0.0
cell_5_2,-151.09066865126474,-74.04711201383209,40.738701751553734,20.0
cell_1_0,-123.44168381257697,-74.0156501292659,40.72359609925345,10.0
cell_1_1,-128.44168381257697,-74.0156501292659,40.72359609925345,20.0
cell_1_2,-122.94168381257697,-74.0156501292659,40.72359609925345,9.0
cell_2_0,-148.18208803740163,-74.0156501292659,40.72359609925345,9.0
cell_2_1,-149.68208803740163,-74.0156501292659,40.72359609925345,4.0
cell_2_2,-148.18208803740163,-74.0156501292659,40.72359609925345,9.0
cell_3_0,-141.908479354514,-74.0156501292659,40.72359609925345,10.0
cell_3_1,-144.408479354514,-74.0156501292659,40.72359609925345,15.0
cell_3_2,-145.408479354514,-74.0156501292659,40.72359609925345,17.0
cell_4_0,-142.74096726790586,-74.0156501292659,40.72359609925345,15.0
cell_4_1,-140.24096726790586,-74.0156501292659,40.72359609925345,10.0
cell_4_2,-144.24096726790586,-74.0156501292659,40.72359609925345,18.0
cell_5_0,-147.94897804880898,-74.0156501292659,40.72359609925345,11.0
cell_5_1,-149.44897804880898,-74.0156501292659,40.72359609925345,2.0
cell_5_2,-152.44897804880898,-74.0156501292659,40.72359609925345,20.0
cell_1_0,-144.9075700313735,-74.02252267459713,40.77348966579007,12.0
cell_1_1,-148.9075700313735,-74.02252267459713,40.77348966579007,20.0
cell_1_2,-144.4075700313735,-74.02252267459713,40.77348966579007,5.0
cell_2_0,-150.01817542424968,-74.02252267459713,40.77348966579007,5.0
cell_2_1,-152.01817542424968,-74.02252267459713,40.77348966579007,1.0
cell_2_2,-151.51817542424968,-74.02252267459713,40.77348966579007,14.0
cell_3_0,-140.41635476049547,-74.02252267459713,40.77348966579007,5.0
cell_3_1,-143.91635476049547,-74.02252267459713,40.77348966579007,18.0
cell_3_2,-138.91635476049547,-74.02252267459713,40.77348966579007,8.0
cell_4_0,-136.32684269129402,-74.02252267459713,40.77348966579007,13.0
cell_4_1,-134.32684269129402,-74.02252267459713,40.77348966579007,7.0
cell_4_2,-137.82684269129402,-74.02252267459713,40.77348966579007,16.0
cell_5_0,-116.44413657712332,-74.02252267459713,40.77348966579007,0.0
cell_5_1,-112.44413657712332,-74.02252267459713,40.77348966579007,8.0
cell_5_2,-113.94413657712332,-74.02252267459713,40.77348966579007,5.0
cell_1_0,-146.54790594983172,-73.99221878451267,40.76913793737729,1.0
cell_1_1,-145.54790594983172,-73.99221878451267,40.76913793737729,3.0
cell_1_2,-146.54790594983172,-73.99221878451267,40.76913793737729,15.0
cell_2_0,-143.71097404636203,-73.99221878451267,40.76913793737729,19.0
cell_2_1,-141.71097404636203,-73.99221878451267,40.76913793737729,1.0
cell_2_2,-142.71097404636203,-73.99221878451267,40.76913793737729,17.0
cell_3_0,-147.99452589521445,-73.99221878451267,40.76913793737729,6.0
cell_3_1,-152.99452589521445,-73.99221878451267,40.76913793737729,20.0
cell_3_2,-148.49452589521445,-73.99221878451267,40.76913793737729,5.0
cell_4_0,-145.0629487210721,-73.99221878451267,40.76913793737729,12.0
cell_4_1,-144.0629487210721,-73.99221878451267,40.76913793737729,10.0
cell_4_2,-145.0629487210721,-73.99221878451267,40.76913793737729,4.0
cell_5_0,-138.91259219177323,-73.99221878451267,40.76913793737729,14.0
cell_5_1,-137.41259219177323,-73.99221878451267,40.76913793737729,5.0
cell_5_2,-137.91259219177323,-73.99221878451267,40.76913793737729,12.0
cell_1_0,-141.86100111348512,-74.03338946177506,40.76318268591178,10.0
cell_1_1,-141.86100111348512,-74.03338946177506,40.76318268591178,6.0
cell_1_2,-142.36100111348512,-74.03338946177506,40.76318268591178,5.0
cell_2_0,-153.89886437016384,-74.03338946177506,40.76318268591178,1.0
cell_2_1,-151.89886437016384,-74.03338946177506,40.76318268591178,11.0
cell_2_2,-153.39886437016384,-74.03338946177506,40.76318268591178,2.0
cell_3_0,-134.88685335076508,-74.03338946177506,40.76318268591178,19.0
cell_3_1,-131.38685335076508,-74.03338946177506,40.76318268591178,4.0
cell_3_2,-129.38685335076508,-74.03338946177506,40.76318268591178,8.0
cell_4_0,-127.71266937215992,-74.03338946177506,40.76318268591178,16.0
cell_4_1,-125.71266937215992,-74.03338946177506,40.76318268591178,4.0
cell_4_2,-126.71266937215992,-74.03338946177506,40.76318268591178,14.0
cell_5_0,-134.0943683412313,-74.03338946177506,40.76318268591178,12.0
cell_5_1,-133.5943683412313,-74.03338946177506,40.76318268591178,5.0
cell_5_2,-137.0943683412313,-74.03338946177506,40.76318268591178,18.0
cell_1_0,-152.56194282979374,-74.03006141236463,40.784628160020816,19.0
cell_1_1,-148.06194282979374,-74.03006141236463,40.784628160020816,6.0
cell_1_2,-148.56194282979374,-74.03006141236463,40.784628160020816,5.0
cell_2_0,-157.23297733721316,-74.03006141236463,40.784628160020816,20.0
cell_2_1,-151.73297733721316,-74.03006141236463,40.784628160020816,7.0
cell_2_2,-156.73297733721316,-74.03006141236463,40.784628160020816,19.0
cell_3_0,-143.33129533450145,-74.03006141236463,40.784628160020816,11.0
cell_3_1,-143.33129533450145,-74.03006141236463,40.784628160020816,5.0
cell_3_2,-143.33129533450145,-74.03006141236463,40.784628160020816,11.0
cell_4_0,-139.42550488755109,-74.03006141236463,40.784628160020816,8.0
cell_4_1,-139.92550488755109,-74.03006141236463,40.784628160020816,7.0
cell_4_2,-141.42550488755109,-74.03006141236463,40.784628160020816,4.0
cell_5_0,-131.82892658616765,-74.03006141236463,40.784628160020816,14.0
cell_5_1,-130.32892658616765,-74.03006141236463,40.784628160020816,5.0
cell_5_2,-128.82892658616765,-74.03006141236463,40.784628160020816,8.0
cell_1_0,-144.28073624423456,-74.03433857956311,40.768269805649105,11.0
cell_1_1,-147.78073624423456,-74.03433857956311,40.768269805649105,18.0
cell_1_2,-147.78073624423456,-74.03433857956311,40.768269805649105,18.0
cell_2_0,-152.84057411962885,-74.03433857956311,40.768269805649105,12.0
cell_2_1,-153.84057411962885,-74.03433857956311,40.768269805649105,14.0
cell_2_2,-154.84057411962885,-74.03433857956311,40.768269805649105,16.0
cell_3_0,-135.86554485114038,-74.03433857956311,40.768269805649105,14.0
cell_3_1,-136.86554485114038,-74.03433857956311,40.768269805649105,0.0
cell_3_2,-135.86554485114038,-74.03433857956311,40.768269805649105,14.0
cell_4_0,-132.82637676362555,-74.03433857956311,40.768269805649105,1.0
cell_4_1,-131.82637676362555,-74.03433857956311,40.768269805649105,3.0
cell_4_2,-129.82637676362555,-74.03433857956311,40.768269805649105,7.0
cell_5_0,-132.3145558959635,-74.03433857956311,40.768269805649105,5.0
cell_5_1,-132.8145558959635,-74.03433857956311,40.768269805649105,12.0
cell_5_2,-134.3145558959635,-74.03433857956311,40.768269805649105,15.0
cell_1_0,-137.5585378669595,-74.02424424829901,40.75736386045252,11.0
cell_1_1,-137.5585378669595,-74.02424424829901,40.75736386045252,11.0
cell_1_2,-139.0585378669595,-74.02424424829901,40.75736386045252,14.0
cell_2_0,-148.96793624491892,-74.02424424829901,40.75736386045252,10.0
cell_2_1,-148.96793624491892,-74.02424424829901,40.75736386045252,6.0
cell_2_2,-147.96793624491892,-74.02424424829901,40.75736386045252,8.0
cell_3_0,-136.49411517817381,-74.02424424829901,40.75736386045252,18.0
cell_3_1,-136.99411517817381,-74.02424424829901,40.75736386045252,19.0
cell_3_2,-136.49411517817381,-74.02424424829901,40.75736386045252,18.0
cell_4_0,-119.5854922964153,-74.02424424829901,40.75736386045252,13.0
cell_4_1,-123.0854922964153,-74.02424424829901,40.75736386045252,20.0
cell_4_2,-117.0854922964153,-74.02424424829901,40.75736386045252,8.0
cell_5_0,-135.25334291630924,-74.02424424829901,40.75736386045252,0.0
cell_5_1,-133.75334291630924,-74.02424424829901,40.75736386045252,3.0
cell_5_2,-135.25334291630924,-74.02424424829901,40.75736386045252,16.0
cell_1_0,-114.6754163690303,-74.0182624194306,40.73445625681352,15.0
cell_1_1,-114.1754163690303,-74.0182624194306,40.73445625681352,14.0
cell_1_2,-114.6754163690303,-74.0182624194306,40.73445625681352,15.0
cell_2_0,-151.5639889232828,-74.0182624194306,40.73445625681352,17.0
cell_2_1,-149.5639889232828,-74.0182624194306,40.73445625681352,3.0
cell_2_2,-149.0639889232828,-74.0182624194306,40.73445625681352,4.0
cell_3_0,-138.6178193532514,-74.0182624194306,40.73445625681352,12.0
cell_3_1,-141.1178193532514,-74.0182624194306,40.73445625681352,17.0
cell_3_2,-141.6178193532514,-74.0182624194306,40.73445625681352,18.0
cell_4_0,-133.495028856903,-74.0182624194306,40.73445625681352,9.0
cell_4_1,-134.995028856903,-74.0182624194306,40.73445625681352,12.0
cell_4_2,-133.495028856903,-74.0182624194306,40.73445625681352,9.0
cell_5_0,-147.83137179617017,-74.0182624194306,40.73445625681352,18.0
cell_5_1,-146.33137179617017,-74.0182624194306,40.73445625681352,15.0
cell_5_2,-145.33137179617017,-74.0182624194306,40.73445625681352,13.0
cell_1_0,-144.9308939209186,-74.00089113988831,40.77711368457689,9.0
cell_1_1,-144.4308939209186,-74.00089113988831,40.77711368457689,8.0
cell_1_2,-148.4308939209186,-74.00089113988831,40.77711368457689,0.0
cell_2_0,-144.7406104432298,-74.00089113988831,40.77711368457689,5.0
cell_2_1,-147.2406104432298,-74.00089113988831,40.77711368457689,16.0
cell_2_2,-144.7406104432298,-74.00089113988831,40.77711368457689,5.0
cell_3_0,-151.39617621605976,-74.00089113988831,40.77711368457689,19.0
cell_3_1,-148.89617621605976,-74.00089113988831,40.77711368457689,14.0
cell_3_2,-148.39617621605976,-74.00089113988831,40.77711368457689,13.0
cell_4_0,-142.38469007020052,-74.00089113988831,40.77711368457689,7.0
cell_4_1,-145.38469007020052,-74.00089113988831,40.77711368457689,15.0
cell_4_2,-142.38469007020052,-74.00089113988831,40.77711368457689,7.0
cell_5_0,-133.1847326235267,-74.00089113988831,40.77711368457689,0.0
cell_5_1,-132.6847326235267,-74.00089113988831,40.77711368457689,15.0
cell_5_2,-129.1847326235267,-74.00089113988831,40.77711368457689,8.0
cell_1_0,-134.02998072845895,-74.00073378919907,40.72343124346885,18.0
cell_1_1,-130.52998072845895,-74.00073378919907,40.72343124346885,5.0
cell_1_2,-129.02998072845895,-74.00073378919907,40.72343124346885,8.0
cell_2_0,-149.97413107928574,-74.00073378919907,40.72343124346885,20.0
cell_2_1,-144.97413107928574,-74.00073378919907,40.72343124346885,6.0
cell_2_2,-144.47413107928574,-74.00073378919907,40.72343124346885,7.0
cell_3_0,-149.29901129275316,-74.00073378919907,40.72343124346885,0.0
cell_3_1,-145.29901129275316,-74.00073378919907,40.72343124346885,8.0
cell_3_2,-148.79901129275316,-74.00073378919907,40.72343124346885,1.0
cell_4_0,-145.9895612146844,-74.00073378919907,40.72343124346885,14.0
cell_4_1,-146.9895612146844,-74.00073378919907,40.72343124346885,0.0
cell_4_2,-144.4895612146844,-74.00073378919907,40.72343124346885,11.0
cell_5_0,-149.2334932326032,-74.00073378919907,40.72343124346885,4.0
cell_5_1,-147.7334932326032,-74.00073378919907,40.72343124346885,7.0
cell_5_2,-151.2334932326032,-74.00073378919907,40.72343124346885,16.0
cell_1_0,-141.01138399690655,-74.02428188279629,40.761220827467284,2.0
cell_1_1,-141.51138399690655,-74.02428188279629,40.761220827467284,1.0
cell_1_2,-139.51138399690655,-74.02428188279629,40.761220827467284,11.0
cell_2_0,-148.60953616774412,-74.02428188279629,40.761220827467284,7.0
cell_2_1,-152.60953616774412,-74.02428188279629,40.761220827467284,17.0
cell_2_2,-151.10953616774412,-74.02428188279629,40.761220827467284,2.0
cell_3_0,-139.03070888601292,-74.02428188279629,40.761220827467284,20.0
cell_3_1,-136.03070888601292,-74.02428188279629,40.761220827467284,14.0
cell_3_2,-137.03070888601292,-74.02428188279629,40.761220827467284,0.0
cell_4_0,-124.23344211824865,-74.02428188279629,40.761220827467284,12.0
cell_4_1,-127.23344211824865,-74.02428188279629,40.761220827467284,18.0
cell_4_2,-126.73344211824865,-74.02428188279629,40.761220827467284,17.0
cell_5_0,-129.1414662707652,-74.02428188279629,40.761220827467284,10.0
cell_5_1,-130.1414662707652,-74.02428188279629,40.761220827467284,4.0
cell_5_2,-133.6414662707652,-74.02428188279629,40.761220827467284,19.0
cell_1_0,-137.28035578717493,-73.98943024147012,40.73385657043008,3.0
cell_1_1,-138.28035578717493,-73.98943024147012,40.73385657043008,1.0
cell_1_2,-134.78035578717493,-73.98943024147012,40.73385657043008,8.0
cell_2_0,-140.37235413156625,-73.98943024147012,40.73385657043008,2.0
cell_2_1,-139.37235413156625,-73.98943024147012,40.73385657043008,12.0
cell_2_2,-137.87235413156625,-73.98943024147012,40.73385657043008,9.0
cell_3_0,-150.66616239248344,-73.98943024147012,40.73385657043008,1.0
cell_3_1,-151.66616239248344,-73.98943024147012,40.73385657043008,17.0
cell_3_2,-148.66616239248344,-73.98943024147012,40.73385657043008,11.0
cell_4_0,-146.20242105715488,-73.98943024147012,40.73385657043008,4.0
cell_4_1,-149.70242105715488,-73.98943024147012,40.73385657043008,19.0
cell_4_2,-149.70242105715488,-73.98943024147012,40.73385657043008,19.0
cell_5_0,-151.41933084264707,-73.98943024147012,40.73385657043008,19.0
cell_5_1,-146.41933084264707,-73.98943024147012,40.73385657043008,7.0
cell_5_2,-146.41933084264707,-73.98943024147012,40.73385657043008,9.0
cell_1_0,-142.6212853568793,-73.98016711937653,40.72673829869292,3.0
cell_1_1,-145.6212853568793,-73.98016711937653,40.72673829869292,19.0
cell_1_2,-142.1212853568793,-73.98016711937653,40.72673829869292,12.0
cell_2_0,-139.3109925100635,-73.98016711937653,40.72673829869292,12.0
cell_2_1,-140.8109925100635,-73.98016711937653,40.72673829869292,15.0
cell_2_2,-138.3109925100635,-73.98016711937653,40.72673829869292,6.0
cell_3_0,-150.99126451739923,-73.98016711937653,40.72673829869292,10.0
cell_3_1,-153.99126451739923,-73.98016711937653,40.72673829869292,16.0
cell_3_2,-150.99126451739923,-73.98016711937653,40.72673829869292,6.0
cell_4_0,-153.69777447635383,-73.98016711937653,40.72673829869292,20.0
cell_4_1,-147.69777447635383,-73.98016711937653,40.72673829869292,8.0
cell_4_2,-149.19777447635383,-73.98016711937653,40.72673829869292,5.0
cell_5_0,-149.5156076133675,-73.98016711937653,40.72673829869292,9.0
cell_5_1,-153.0156076133675,-73.98016711937653,40.72673829869292,0.0
cell_5_2,-154.5156076133675,-73.98016711937653,40.72673829869292,19.0
cell_1_0,-144.23327228495606,-74.04178216553862,40.75047900917228,17.0
cell_1_1,-144.23327228495606,-74.04178216553862,40.75047900917228,17.0
cell_1_2,-142.23327228495606,-74.04178216553862,40.75047900917228,3.0
cell_2_0,-153.51404270356875,-74.04178216553862,40.75047900917228,11.0
cell_2_1,-154.51404270356875,-74.04178216553862,40.75047900917228,3.0
cell_2_2,-152.51404270356875,-74.04178216553862,40.75047900917228,7.0
cell_3_0,-98.02848797478171,-74.04178216553862,40.75047900917228,8.0
cell_3_1,-103.52848797478171,-74.04178216553862,40.75047900917228,19.0
cell_3_2,-102.02848797478171,-74.04178216553862,40.75047900917228,0.0
cell_4_0,-127.64881575894205,-74.04178216553862,40.75047900917228,14.0
cell_4_1,-130.64881575894205,-74.04178216553862,40.75047900917228,20.0
cell_4_2,-125.14881575894205,-74.04178216553862,40.75047900917228,7.0
cell_5_0,-142.96795478294192,-74.04178216553862,40.75047900917228,3.0
cell_5_1,-145.96795478294192,-74.04178216553862,40.75047900917228,19.0
cell_5_2,-140.96795478294192,-74.04178216553862,40.75047900917228,9.0
cell_1_0,-143.29244409967413,-74.03680901992672,40.75718961213004,1.0
cell_1_1,-145.79244409967413,-74.03680901992672,40.75718961213004,20.0
cell_1_2,-140.29244409967413,-74.03680901992672,40.75718961213004,7.0
cell_2_0,-150.99629808456223,-74.03680901992672,40.75718961213004,8.0
cell_2_1,-151.99629808456223,-74.03680901992672,40.75718961213004,6.0
cell_2_2,-152.49629808456223,-74.03680901992672,40.75718961213004,11.0
cell_3_0,-125.2967677267337,-74.03680901992672,40.75718961213004,0.0
cell_3_1,-122.7967677267337,-74.03680901992672,40.75718961213004,5.0
cell_3_2,-127.2967677267337,-74.03680901992672,40.75718961213004,20.0
cell_4_0,-125.37065355604916,-74.03680901992672,40.75718961213004,20.0
cell_4_1,-121.87065355604916,-74.03680901992672,40.75718961213004,3.0
cell_4_2,-119.87065355604916,-74.03680901992672,40.75718961213004,9.0
cell_5_0,-140.8442948337781,-74.03680901992672,40.75718961213004,17.0
cell_5_1,-137.3442948337781,-74.03680901992672,40.75718961213004,10.0
cell_5_2,-138.8442948337781,-74.03680901992672,40.75718961213004,13.0
cell_1_0,-140.18338295949957,-74.03804082254524,40.74670639559713,14.0
cell_1_1,-138.18338295949957,-74.03804082254524,40.74670639559713,10.0
cell_1_2,-137.18338295949957,-74.03804082254524,40.74670639559713,8.0
cell_2_0,-153.76530137604317,-74.03804082254524,40.74670639559713,13.0
cell_2_1,-151.76530137604317,-74.03804082254524,40.74670639559713,7.0
cell_2_2,-152.76530137604317,-74.03804082254524,40.74670639559713,11.0
cell_3_0,-106.15478256087175,-74.03804082254524,40.74670639559713,8.0
cell_3_1,-110.15478256087175,-74.03804082254524,40.74670639559713,0.0
cell_3_2,-108.15478256087175,-74.03804082254524,40.74670639559713,4.0
cell_4_0,-127.6643812039292,-74.03804082254524,40.74670639559713,20.0
cell_4_1,-124.1643812039292,-74.03804082254524,40.74670639559713,13.0
cell_4_2,-123.1643812039292,-74.03804082254524,40.74670639559713,5.0
cell_5_0,-143.64806065318368,-74.03804082254524,40.74670639559713,14.0
cell_5_1,-142.14806065318368,-74.03804082254524,40.74670639559713,11.0
cell_5_2,-141.14806065318368,-74.03804082254524,40.74670639559713,7.0
cell_1_0,-144.38575073828042,-74.0276377873531,40.76396558170417,17.0
cell_1_1,-142.88575073828042,-74.0276377873531,40.76396558170417,14.0
cell_1_2,-142.38575073828042,-74.0276377873531,40.76396558170417,13.0
cell_2_0,-149.08450326033122,-74.0276377873531,40.76396558170417,8.0
cell_2_1,-152.58450326033122,-74.0276377873531,40.76396558170417,1.0
cell_2_2,-150.08450326033122,-74.0276377873531,40.76396558170417,6.0
cell_3_0,-133.1019497416319,-74.0276377873531,40.76396558170417,7.0
cell_3_1,-135.1019497416319,-74.0276377873531,40.76396558170417,13.0
cell_3_2,-138.6019497416319,-74.0276377873531,40.76396558170417,20.0
cell_4_0,-125.66629857102915,-74.0276377873531,40.76396558170417,11.0
cell_4_1,-126.16629857102915,-74.0276377873531,40.76396558170417,12.0
cell_4_2,-128.66629857102913,-74.0276377873531,40.76396558170417,17.0
cell_5_0,-131.84873739603776,-74.0276377873531,40.76396558170417,16.0
cell_5_1,-132.84873739603776,-74.0276377873531,40.76396558170417,18.0
cell_5_2,-128.84873739603776,-74.0276377873531,40.76396558170417,10.0
cell_1_0,-149.3735702827905,-73.98068307701178,40.773243131725856,2.0
cell_1_1,-150.3735702827905,-73.98068307701178,40.773243131725856,0.0
cell_1_2,-148.3735702827905,-73.98068307701178,40.773243131725856,4.0
cell_2_0,-136.92741668677922,-73.98068307701178,40.773243131725856,5.0
cell_2_1,-141.42741668677922,-73.98068307701178,40.773243131725856,20.0
cell_2_2,-137.92741668677922,-73.98068307701178,40.773243131725856,13.0
cell_3_0,-151.13903514819512,-73.98068307701178,40.773243131725856,6.0
cell_3_1,-153.63903514819512,-73.98068307701178,40.773243131725856,15.0
cell_3_2,-150.63903514819512,-73.98068307701178,40.773243131725856,9.0
cell_4_0,-148.0196521004722,-73.98068307701178,40.773243131725856,6.0
cell_4_1,-149.0196521004722,-73.98068307701178,40.773243131725856,4.0
cell_4_2,-147.0196521004722,-73.98068307701178,40.773243131725856,8.0
cell_5_0,-142.30057409321802,-73.98068307701178,40.773243131725856,10.0
cell_5_1,-141.30057409321802,-73.98068307701178,40.773243131725856,8.0
cell_5_2,-141.80057409321802,-73.98068307701178,40.773243131725856,9.0
cell_1_0,-143.08513794493774,-74.01219042241776,40.764478281315036,17.0
cell_1_1,-138.58513794493774,-74.01219042241776,40.764478281315036,8.0
cell_1_2,-141.08513794493774,-74.01219042241776,40.764478281315036,13.0
cell_2_0,-146.827334239305,-74.01219042241776,40.764478281315036,4.0
cell_2_1,-147.327334239305,-74.01219042241776,40.764478281315036,13.0
cell_2_2,-147.827334239305,-74.01219042241776,40.764478281315036,14.0
cell_3_0,-140.815749571278,-74.01219042241776,40.764478281315036,6.0
cell_3_1,-140.315749571278,-74.01219042241776,40.764478281315036,7.0
cell_3_2,-143.815749571278,-74.01219042241776,40.764478281315036,16.0
cell_4_0,-133.09372871254834,-74.01219042241776,40.764478281315036,8.0
cell_4_1,-133.59372871254834,-74.01219042241776,40.764478281315036,7.0
cell_4_2,-135.09372871254834,-74.01219042241776,40.764478281315036,4.0
cell_5_0,-127.81055105240847,-74.01219042241776,40.764478281315036,16.0
cell_5_1,-125.31055105240847,-74.01219042241776,40.764478281315036,5.0
cell_5_2,-129.81055105240847,-74.01219042241776,40.764478281315036,20.0
cell_1_0,-147.29534101955412,-74.04229441866819,40.760012705739584,18.0
cell_1_1,-143.79534101955412,-74.04229441866819,40.760012705739584,5.0
cell_1_2,-146.79534101955412,-74.04229441866819,40.760012705739584,17.0
cell_2_0,-156.20306206717135,-74.04229441866819,40.760012705739584,0.0
cell_2_1,-154.70306206717135,-74.04229441866819,40.760012705739584,3.0
cell_2_2,-153.70306206717135,-74.04229441866819,40.760012705739584,11.0
cell_3_0,-127.38410920949181,-74.04229441866819,40.760012705739584,1.0
cell_3_1,-127.88410920949181,-74.04229441866819,40.760012705739584,0.0
cell_3_2,-123.88410920949181,-74.04229441866819,40.760012705739584,8.0
cell_4_0,-131.02893993152458,-74.04229441866819,40.760012705739584,1.0
cell_4_1,-129.52893993152458,-74.04229441866819,40.760012705739584,4.0
cell_4_2,-131.52893993152458,-74.04229441866819,40.760012705739584,16.0
cell_5_0,-137.85127956610876,-74.04229441866819,40.760012705739584,8.0
cell_5_1,-143.85127956610876,-74.04229441866819,40.760012705739584,20.0
cell_5_2,-140.35127956610876,-74.04229441866819,40.760012705739584,3.0
cell_1_0,-144.8869448420487,-74.04436688174702,40.74239711300294,19.0
cell_1_1,-143.8869448420487,-74.04436688174702,40.74239711300294,17.0
cell_1_2,-139.3869448420487,-74.04436688174702,40.74239711300294,8.0
cell_2_0,-156.15118077440323,-74.04436688174702,40.74239711300294,15.0
cell_2_1,-153.65118077440323,-74.04436688174702,40.74239711300294,10.0
cell_2_2,-152.65118077440323,-74.04436688174702,40.74239711300294,8.0
cell_3_0,-117.72504590606927,-74.04436688174702,40.74239711300294,4.0
cell_3_1,-118.22504590606927,-74.04436688174702,40.74239711300294,13.0
cell_3_2,-117.72504590606927,-74.04436688174702,40.74239711300294,4.0
cell_4_0,-133.7702454928659,-74.04436688174702,40.74239711300294,15.0
cell_4_1,-134.2702454928659,-74.04436688174702,40.74239711300294,16.0
cell_4_2,-130.2702454928659,-74.04436688174702,40.74239711300294,8.0
cell_5_0,-149.52415560912553,-74.04436688174702,40.74239711300294,20.0
cell_5_1,-146.02415560912553,-74.04436688174702,40.74239711300294,13.0
cell_5_2,-143.52415560912553,-74.04436688174702,40.74239711300294,8.0
cell_1_0,-141.99984017635103,-74.005782226556,40.76897819984608,6.0
cell_1_1,-144.99984017635103,-74.005782226556,40.76897819984608,16.0
cell_1_2,-142.99984017635103,-74.005782226556,40.76897819984608,4.0
cell_2_0,-147.26442987071715,-74.005782226556,40.76897819984608,0.0
cell_2_1,-147.26442987071715,-74.005782226556,40.76897819984608,0.0
cell_2_2,-147.76442987071715,-74.005782226556,40.76897819984608,17.0
cell_3_0,-147.02305933341165,-74.005782226556,40.76897819984608,16.0
cell_3_1,-143.52305933341165,-74.005782226556,40.76897819984608,7.0
cell_3_2,-146.52305933341165,-74.005782226556,40.76897819984608,1.0
cell_4_0,-143.8487159571631,-74.005782226556,40.76897819984608,20.0
cell_4_1,-139.8487159571631,-74.005782226556,40.76897819984608,12.0
cell_4_2,-139.3487159571631,-74.005782226556,40.76897819984608,5.0
cell_5_0,-126.44122940665862,-74.005782226556,40.76897819984608,6.0
cell_5_1,-127.44122940665862,-74.005782226556,40.76897819984608,12.0
cell_5_2,-130.44122940665864,-74.005782226556,40.76897819984608,18.0
cell_1_0,-129.66150800938703,-74.01963087390732,40.72345049781442,18.0
cell_1_1,-129.16150800938703,-74.01963087390732,40.72345049781442,17.0
cell_1_2,-125.66150800938703,-74.01963087390732,40.72345049781442,6.0
cell_2_0,-150.1162885711823,-74.01963087390732,40.72345049781442,11.0
cell_2_1,-151.1162885711823,-74.01963087390732,40.72345049781442,13.0
cell_2_2,-149.6162885711823,-74.01963087390732,40.72345049781442,6.0
cell_3_0,-139.7440505918201,-74.01963087390732,40.72345049781442,8.0
cell_3_1,-141.2440505918201,-74.01963087390732,40.72345049781442,11.0
cell_3_2,-142.2440505918201,-74.01963087390732,40.72345049781442,13.0
cell_4_0,-143.05956350383647,-74.01963087390732,40.72345049781442,17.0
cell_4_1,-142.05956350383647,-74.01963087390732,40.72345049781442,1.0
cell_4_2,-140.05956350383647,-74.01963087390732,40.72345049781442,11.0
cell_5_0,-151.50144520661286,-74.01963087390732,40.72345049781442,18.0
cell_5_1,-152.00144520661286,-74.01963087390732,40.72345049781442,19.0
cell_5_2,-147.50144520661286,-74.01963087390732,40.72345049781442,6.0
cell_1_0,-144.88985452622336,-73.98018472456825,40.73815171137908,18.0
cell_1_1,-143.88985452622336,-73.98018472456825,40.73815171137908,16.0
cell_1_2,-140.88985452622336,-73.98018472456825,40.73815171137908,6.0
cell_2_0,-133.51478728625634,-73.98018472456825,40.73815171137908,13.0
cell_2_1,-135.51478728625634,-73.98018472456825,40.73815171137908,17.0
cell_2_2,-131.51478728625634,-73.98018472456825,40.73815171137908,7.0
cell_3_0,-152.29608736620247,-73.98018472456825,40.73815171137908,2.0
cell_3_1,-151.79608736620247,-73.98018472456825,40.73815171137908,13.0
cell_3_2,-153.29608736620247,-73.98018472456825,40.73815171137908,0.0
cell_4_0,-151.49404852249936,-73.98018472456825,40.73815171137908,18.0
cell_4_1,-150.49404852249936,-73.98018472456825,40.73815171137908,16.0
cell_4_2,-151.99404852249936,-73.98018472456825,40.73815171137908,19.0
cell_5_0,-151.69864769963013,-73.98018472456825,40.73815171137908,18.0
cell_5_1,-148.69864769963013,-73.98018472456825,40.73815171137908,12.0
cell_5_2,-148.19864769963013,-73.98018472456825,40.73815171137908,11.0
cell_1_0,-140.06936292906337,-74.03558930522391,40.747067812158,16.0
cell_1_1,-139.56936292906337,-74.03558930522391,40.747067812158,15.0
cell_1_2,-142.06936292906337,-74.03558930522391,40.747067812158,20.0
cell_2_0,-153.222584107445,-74.03558930522391,40.747067812158,13.0
cell_2_1,-153.722584107445,-74.03558930522391,40.747067812158,14.0
cell_2_2,-154.722584107445,-74.03558930522391,40.747067812158,16.0
cell_3_0,-116.30845338846518,-74.03558930522391,40.747067812158,14.0
cell_3_1,-113.80845338846518,-74.03558930522391,40.747067812158,7.0
cell_3_2,-114.30845338846518,-74.03558930522391,40.747067812158,10.0
cell_4_0,-118.97369586846892,-74.03558930522391,40.747067812158,6.0
cell_4_1,-122.97369586846892,-74.03558930522391,40.747067812158,18.0
cell_4_2,-123.97369586846892,-74.03558930522391,40.747067812158,20.0
cell_5_0,-145.3920311079042,-74.03558930522391,40.747067812158,19.0
cell_5_1,-144.8920311079042,-74.03558930522391,40.747067812158,18.0
cell_5_2,-140.8920311079042,-74.03558930522391,40.747067812158,6.0
cell_1_0,-148.8560460694878,-74.03220469683566,40.77774652481336,1.0
cell_1_1,-147.3560460694878,-74.03220469683566,40.77774652481336,12.0
cell_1_2,-148.3560460694878,-74.03220469683566,40.77774652481336,2.0
cell_2_0,-151.5302597575217,-74.03220469683566,40.77774652481336,7.0
cell_2_1,-156.0302597575217,-74.03220469683566,40.77774652481336,18.0
cell_2_2,-151.5302597575217,-74.03220469683566,40.77774652481336,7.0
cell_3_0,-139.12324808544764,-74.03220469683566,40.77774652481336,7.0
cell_3_1,-140.62324808544764,-74.03220469683566,40.77774652481336,4.0
cell_3_2,-139.12324808544764,-74.03220469683566,40.77774652481336,7.0
cell_4_0,-139.86099942238707,-74.03220469683566,40.77774652481336,0.0
cell_4_1,-139.36099942238707,-74.03220469683566,40.77774652481336,15.0
cell_4_2,-138.86099942238707,-74.03220469683566,40.77774652481336,14.0
cell_5_0,-128.49612974793192,-74.03220469683566,40.77774652481336,9.0
cell_5_1,-130.49612974793192,-74.03220469683566,40.77774652481336,3.0
cell_5_2,-131.49612974793192,-74.03220469683566,40.77774652481336,1.0
cell_1_0,-130.46318663657203,-74.02646938488398,40.732118996693195,17.0
cell_1_1,-126.46318663657203,-74.02646938488398,40.732118996693195,7.0
cell_1_2,-126.46318663657203,-74.02646938488398,40.732118996693195,9.0
cell_2_0,-149.31256859714992,-74.02646938488398,40.732118996693195,8.0
cell_2_1,-154.31256859714992,-74.02646938488398,40.732118996693195,18.0
cell_2_2,-152.31256859714992,-74.02646938488398,40.732118996693195,14.0
cell_3_0,-137.0688606848019,-74.02646938488398,40.732118996693195,1.0
cell_3_1,-136.5688606848019,-74.02646938488398,40.732118996693195,2.0
cell_3_2,-139.5688606848019,-74.02646938488398,40.732118996693195,20.0
cell_4_0,-132.9454713318898,-74.02646938488398,40.732118996693195,7.0
cell_4_1,-137.9454713318898,-74.02646938488398,40.732118996693195,19.0
cell_4_2,-137.4454713318898,-74.02646938488398,40.732118996693195,18.0
cell_5_0,-146.52702577802128,-74.02646938488398,40.732118996693195,3.0
cell_5_1,-149.02702577802128,-74.02646938488398,40.732118996693195,18.0
cell_5_2,-146.02702577802128,-74.02646938488398,40.732118996693195,12.0
cell_1_0,-118.65469445409268,-74.01923811494372,40.7383696948136,11.0
cell_1_1,-120.65469445409268,-74.01923811494372,40.7383696948136,15.0
cell_1_2,-120.65469445409268,-74.01923811494372,40.7383696948136,1.0
cell_2_0,-147.50383378882844,-74.01923811494372,40.7383696948136,7.0
cell_2_1,-149.50383378882844,-74.01923811494372,40.7383696948136,3.0
cell_2_2,-148.00383378882844,-74.01923811494372,40.7383696948136,10.0
cell_3_0,-137.5084050701159,-74.01923811494372,40.7383696948136,13.0
cell_3_1,-139.5084050701159,-74.01923811494372,40.7383696948136,17.0
cell_3_2,-139.5084050701159,-74.01923811494372,40.7383696948136,17.0
cell_4_0,-131.01237047196057,-74.01923811494372,40.7383696948136,6.0
cell_4_1,-130.51237047196057,-74.01923811494372,40.7383696948136,7.0
cell_4_2,-131.01237047196057,-74.01923811494372,40.7383696948136,6.0
cell_5_0,-145.30248765957623,-74.01923811494372,40.7383696948136,16.0
cell_5_1,-142.30248765957623,-74.01923811494372,40.7383696948136,10.0
cell_5_2,-145.30248765957623,-74.01923811494372,40.7383696948136,16.0
cell_1_0,-127.98581907251071,-74.0238250433422,40.74206112725554,12.0
cell_1_1,-130.4858190725107,-74.0238250433422,40.74206112725554,17.0
cell_1_2,-131.9858190725107,-74.0238250433422,40.74206112725554,20.0
cell_2_0,-152.02166512764435,-74.0238250433422,40.74206112725554,16.0
cell_2_1,-151.52166512764435,-74.0238250433422,40.74206112725554,1.0
cell_2_2,-149.52166512764435,-74.0238250433422,40.74206112725554,11.0
cell_3_0,-133.4632936712411,-74.0238250433422,40.74206112725554,3.0
cell_3_1,-132.4632936712411,-74.0238250433422,40.74206112725554,5.0
cell_3_2,-133.9632936712411,-74.0238250433422,40.74206112725554,2.0
cell_4_0,-127.5921055056604,-74.0238250433422,40.74206112725554,15.0
cell_4_1,-125.5921055056604,-74.0238250433422,40.74206112725554,11.0
cell_4_2,-128.5921055056604,-74.0238250433422,40.74206112725554,17.0
cell_5_0,-142.46099856806796,-74.0238250433422,40.74206112725554,13.0
cell_5_1,-142.46099856806796,-74.0238250433422,40.74206112725554,13.0
cell_5_2,-140.96099856806796,-74.0238250433422,40.74206112725554,10.0
cell_1_0,-149.59507202265553,-73.9666797183452,40.74752666924042,16.0
cell_1_1,-148.09507202265553,-73.9666797183452,40.74752666924042,13.0
cell_1_2,-150.59507202265553,-73.9666797183452,40.74752666924042,18.0
cell_2_0,-110.29950287906102,-73.9666797183452,40.74752666924042,7.0
cell_2_1,-111.79950287906102,-73.9666797183452,40.74752666924042,4.0
cell_2_2,-111.79950287906102,-73.9666797183452,40.74752666924042,12.0
cell_3_0,-158.1227331104791,-73.9666797183452,40.74752666924042,20.0
cell_3_1,-155.1227331104791,-73.9666797183452,40.74752666924042,14.0
cell_3_2,-156.6227331104791,-73.9666797183452,40.74752666924042,17.0
cell_4_0,-155.1080017398864,-73.9666797183452,40.74752666924042,19.0
cell_4_1,-155.1080017398864,-73.9666797183452,40.74752666924042,19.0
cell_4_2,-150.1080017398864,-73.9666797183452,40.74752666924042,7.0
cell_5_0,-152.17042093112073,-73.9666797183452,40.74752666924042,0.0
cell_5_1,-150.17042093112073,-73.9666797183452,40.74752666924042,12.0
cell_5_2,-150.67042093112073,-73.9666797183452,40.74752666924042,3.0
cell_1_0,-140.34966588353547,-74.02353343449585,40.76016771044436,14.0
cell_1_1,-137.84966588353547,-74.02353343449585,40.76016771044436,7.0
cell_1_2,-137.84966588353547,-74.02353343449585,40.76016771044436,9.0
cell_2_0,-149.8684826688709,-74.02353343449585,40.76016771044436,12.0
cell_2_1,-151.3684826688709,-74.02353343449585,40.76016771044436,1.0
cell_2_2,-151.8684826688709,-74.02353343449585,40.76016771044436,16.0
cell_3_0,-136.53230753843195,-74.02353343449585,40.76016771044436,15.0
cell_3_1,-139.03230753843195,-74.02353343449585,40.76016771044436,20.0
cell_3_2,-136.03230753843195,-74.02353343449585,40.76016771044436,14.0
cell_4_0,-122.07440929553718,-74.02353343449585,40.76016771044436,9.0
cell_4_1,-124.07440929553718,-74.02353343449585,40.76016771044436,3.0
cell_4_2,-125.57440929553718,-74.02353343449585,40.76016771044436,16.0
cell_5_0,-130.25513246436475,-74.02353343449585,40.76016771044436,11.0
cell_5_1,-131.75513246436475,-74.02353343449585,40.76016771044436,14.0
cell_5_2,-131.25513246436475,-74.02353343449585,40.76016771044436,13.0
cell_1_0,-138.7426841295792,-74.03550860404707,40.75240891469196,6.0
cell_1_1,-140.7426841295792,-74.03550860404707,40.75240891469196,14.0
cell_1_2,-139.7426841295792,-74.03550860404707,40.75240891469196,12.0
cell_2_0,-155.6646726789296,-74.03550860404707,40.75240891469196,18.0
cell_2_1,-152.1646726789296,-74.03550860404707,40.75240891469196,5.0
cell_2_2,-155.1646726789296,-74.03550860404707,40.75240891469196,17.0
cell_3_0,-118.59381183993216,-74.03550860404707,40.75240891469196,3.0
cell_3_1,-121.59381183993216,-74.03550860404707,40.75240891469196,19.0
cell_3_2,-120.09381183993216,-74.03550860404707,40.75240891469196,16.0
cell_4_0,-114.36972020694725,-74.03550860404707,40.75240891469196,6.0
cell_4_1,-115.36972020694725,-74.03550860404707,40.75240891469196,4.0
cell_4_2,-115.36972020694725,-74.03550860404707,40.75240891469196,4.0
cell_5_0,-138.76201313140308,-74.03550860404707,40.75240891469196,10.0
cell_5_1,-142.76201313140308,-74.03550860404707,40.75240891469196,18.0
cell_5_2,-140.26201313140308,-74.03550860404707,40.75240891469196,13.0
cell_1_0,-150.28027054394158,-74.0404681165194,40.77286628809051,18.0
cell_1_1,-147.28027054394158,-74.0404681165194,40.77286628809051,4.0
cell_1_2,-148.28027054394158,-74.0404681165194,40.77286628809051,14.0
cell_2_0,-155.34030371667532,-74.0404681165194,40.77286628809051,14.0
cell_2_1,-153.34030371667532,-74.0404681165194,40.77286628809051,10.0
cell_2_2,-152.84030371667532,-74.0404681165194,40.77286628809051,9.0
cell_3_0,-136.67502522724828,-74.0404681165194,40.77286628809051,5.0
cell_3_1,-136.17502522724828,-74.0404681165194,40.77286628809051,6.0
cell_3_2,-136.67502522724828,-74.0404681165194,40.77286628809051,5.0
cell_4_0,-136.39595461802355,-74.0404681165194,40.77286628809051,12.0
cell_4_1,-136.39595461802355,-74.0404681165194,40.77286628809051,12.0
cell_4_2,-135.89595461802355,-74.0404681165194,40.77286628809051,11.0
cell_5_0,-136.4631335115305,-74.0404681165194,40.77286628809051,4.0
cell_5_1,-135.9631335115305,-74.0404681165194,40.77286628809051,11.0
cell_5_2,-137.4631335115305,-74.0404681165194,40.77286628809051,14.0
cell_1_0,-144.53779091774055,-73.98517691028047,40.72197622043292,20.0
cell_1_1,-142.03779091774055,-73.98517691028047,40.72197622043292,15.0
cell_1_2,-142.03779091774055,-73.98517691028047,40.72197622043292,1.0
cell_2_0,-145.49862898960376,-73.98517691028047,40.72197622043292,18.0
cell_2_1,-143.49862898960376,-73.98517691028047,40.72197622043292,2.0
cell_2_2,-145.49862898960376,-73.98517691028047,40.72197622043292,18.0
cell_3_0,-151.31509450885576,-73.98517691028047,40.72197622043292,12.0
cell_3_1,-150.31509450885576,-73.98517691028047,40.72197622043292,6.0
cell_3_2,-151.81509450885576,-73.98517691028047,40.72197622043292,13.0
cell_4_0,-152.67873687660963,-73.98517691028047,40.72197622043292,19.0
cell_4_1,-151.67873687660963,-73.98517691028047,40.72197622043292,17.0
cell_4_2,-150.67873687660963,-73.98517691028047,40.72197622043292,15.0
cell_5_0,-152.78878054242898,-73.98517691028047,40.72197622043292,1.0
cell_5_1,-149.78878054242898,-73.98517691028047,40.72197622043292,7.0
cell_5_2,-152.78878054242898,-73.98517691028047,40.72197622043292,1.0
cell_1_0,-134.5518965063372,-74.03183682632422,40.73246781914704,15.0
cell_1_1,-132.0518965063372,-74.03183682632422,40.73246781914704,6.0
cell_1_2,-137.0518965063372,-74.03183682632422,40.73246781914704,20.0
cell_2_0,-155.992778579164,-74.03183682632422,40.73246781914704,19.0
cell_2_1,-151.992778579164,-74.03183682632422,40.73246781914704,5.0
cell_2_2,-153.992778579164,-74.03183682632422,40.73246781914704,1.0
cell_3_0,-133.9534573396251,-74.03183682632422,40.73246781914704,2.0
cell_3_1,-136.9534573396251,-74.03183682632422,40.73246781914704,20.0
cell_3_2,-132.9534573396251,-74.03183682632422,40.73246781914704,4.0
cell_4_0,-136.57860761312293,-74.03183682632422,40.73246781914704,17.0
cell_4_1,-136.57860761312293,-74.03183682632422,40.73246781914704,17.0
cell_4_2,-137.57860761312293,-74.03183682632422,40.73246781914704,19.0
cell_5_0,-149.4073262367721,-74.03183682632422,40.73246781914704,18.0
cell_5_1,-145.9073262367721,-74.03183682632422,40.73246781914704,5.0
cell_5_2,-146.9073262367721,-74.03183682632422,40.73246781914704,3.0
cell_1_0,-146.24619692602445,-74.02552015771029,40.775078351766446,13.0
cell_1_1,-146.24619692602445,-74.02552015771029,40.775078351766446,13.0
cell_1_2,-148.74619692602445,-74.02552015771029,40.775078351766446,18.0
cell_2_0,-149.86556371240786,-74.02552015771029,40.775078351766446,7.0
cell_2_1,-149.86556371240786,-74.02552015771029,40.775078351766446,9.0
cell_2_2,-150.36556371240786,-74.02552015771029,40.775078351766446,6.0
cell_3_0,-142.25133066577376,-74.02552015771029,40.775078351766446,1.0
cell_3_1,-144.25133066577376,-74.02552015771029,40.775078351766446,19.0
cell_3_2,-141.25133066577376,-74.02552015771029,40.775078351766446,3.0
cell_4_0,-138.85346785665277,-74.02552015771029,40.775078351766446,17.0
cell_4_1,-134.35346785665277,-74.02552015771029,40.775078351766446,8.0
cell_4_2,-139.35346785665277,-74.02552015771029,40.775078351766446,18.0
cell_5_0,-124.24446794080181,-74.02552015771029,40.775078351766446,19.0
cell_5_1,-124.24446794080181,-74.02552015771029,40.775078351766446,19.0
cell_5_2,-124.74446794080181,-74.02552015771029,40.775078351766446,20.0
cell_1_0,-143.41641545087836,-74.03337830154962,40.76773425120395,10.0
cell_1_1,-143.41641545087836,-74.03337830154962,40.76773425120395,6.0
cell_1_2,-144.91641545087836,-74.03337830154962,40.76773425120395,13.0
cell_2_0,-153.1037462292305,-74.03337830154962,40.76773425120395,3.0
cell_2_1,-152.6037462292305,-74.03337830154962,40.76773425120395,4.0
cell_2_2,-153.6037462292305,-74.03337830154962,40.76773425120395,2.0
cell_3_0,-135.24728383540534,-74.03337830154962,40.76773425120395,13.0
cell_3_1,-136.74728383540534,-74.03337830154962,40.76773425120395,0.0
cell_3_2,-135.74728383540534,-74.03337830154962,40.76773425120395,2.0
cell_4_0,-129.1120033661446,-74.03337830154962,40.76773425120395,9.0
cell_4_1,-130.1120033661446,-74.03337830154962,40.76773425120395,11.0
cell_4_2,-130.1120033661446,-74.03337830154962,40.76773425120395,11.0
cell_5_0,-133.73923479024458,-74.03337830154962,40.76773425120395,1.0
cell_5_1,-133.23923479024458,-74.03337830154962,40.76773425120395,14.0
cell_5_2,-130.23923479024458,-74.03337830154962,40.76773425120395,8.0
cell_1_0,-140.0678829301276,-74.04177848479324,40.73163267534542,13.0
cell_1_1,-142.0678829301276,-74.04177848479324,40.73163267534542,17.0
cell_1_2,-143.0678829301276,-74.04177848479324,40.73163267534542,19.0
cell_2_0,-156.06498229637995,-74.04177848479324,40.73163267534542,1.0
cell_2_1,-154.06498229637995,-74.04177848479324,40.73163267534542,5.0
cell_2_2,-153.06498229637995,-74.04177848479324,40.73163267534542,7.0
cell_3_0,-130.47766018026482,-74.04177848479324,40.73163267534542,6.0
cell_3_1,-129.97766018026482,-74.04177848479324,40.73163267534542,9.0
cell_3_2,-129.97766018026482,-74.04177848479324,40.73163267534542,7.0
cell_4_0,-135.855727098611,-74.04177848479324,40.73163267534542,6.0
cell_4_1,-135.855727098611,-74.04177848479324,40.73163267534542,6.0
cell_4_2,-135.855727098611,-74.04177848479324,40.73163267534542,10.0
cell_5_0,-149.9735341579535,-74.04177848479324,40.73163267534542,16.0
cell_5_1,-151.9735341579535,-74.04177848479324,40.73163267534542,20.0
cell_5_2,-150.4735341579535,-74.04177848479324,40.73163267534542,17.0
cell_1_0,-150.0056296029903,-73.96903471494461,40.76965372430967,4.0
cell_1_1,-148.5056296029903,-73.96903471494461,40.76965372430967,9.0
cell_1_2,-154.0056296029903,-73.96903471494461,40.76965372430967,20.0
cell_2_0,-133.7645824871014,-73.96903471494461,40.76965372430967,1.0
cell_2_1,-132.7645824871014,-73.96903471494461,40.76965372430967,13.0
cell_2_2,-131.7645824871014,-73.96903471494461,40.76965372430967,11.0
cell_3_0,-154.26371171938396,-73.96903471494461,40.76965372430967,4.0
cell_3_1,-153.76371171938396,-73.96903471494461,40.76965372430967,5.0
cell_3_2,-158.26371171938396,-73.96903471494461,40.76965372430967,20.0
cell_4_0,-153.58402307287528,-73.96903471494461,40.76965372430967,0.0
cell_4_1,-153.08402307287528,-73.96903471494461,40.76965372430967,15.0
cell_4_2,-152.08402307287528,-73.96903471494461,40.76965372430967,3.0
cell_5_0,-147.58017023088308,-73.96903471494461,40.76965372430967,12.0
cell_5_1,-149.08017023088308,-73.96903471494461,40.76965372430967,15.0
cell_5_2,-149.08017023088308,-73.96903471494461,40.76965372430967,15.0
cell_1_0,-151.8001106103076,-74.06101096792703,40.74565239436759,20.0
cell_1_1,-148.8001106103076,-74.06101096792703,40.74565239436759,2.0
cell_1_2,-148.8001106103076,-74.06101096792703,40.74565239436759,2.0
cell_2_0,-158.55682605780743,-74.06101096792703,40.74565239436759,2.0
cell_2_1,-159.05682605780743,-74.06101096792703,40.74565239436759,15.0
cell_2_2,-159.05682605780743,-74.06101096792703,40.74565239436759,1.0
cell_3_0,-136.10486063367892,-74.06101096792703,40.74565239436759,0.0
cell_3_1,-134.10486063367892,-74.06101096792703,40.74565239436759,12.0
cell_3_2,-135.60486063367892,-74.06101096792703,40.74565239436759,1.0
cell_4_0,-141.27691093403052,-74.06101096792703,40.74565239436759,12.0
cell_4_1,-141.27691093403052,-74.06101096792703,40.74565239436759,4.0
cell_4_2,-142.77691093403052,-74.06101096792703,40.74565239436759,15.0
cell_5_0,-147.33649961533322,-74.06101096792703,40.74565239436759,9.0
cell_5_1,-150.83649961533322,-74.06101096792703,40.74565239436759,0.0
cell_5_2,-149.83649961533322,-74.06101096792703,40.74565239436759,14.0
cell_1_0,-154.90438807883336,-73.94808014073632,40.7623532295766,15.0
cell_1_1,-156.90438807883336,-73.94808014073632,40.7623532295766,19.0
cell_1_2,-151.90438807883336,-73.94808014073632,40.7623532295766,9.0
cell_2_0,-134.74338138087325,-73.94808014073632,40.7623532295766,6.0
cell_2_1,-134.24338138087325,-73.94808014073632,40.7623532295766,9.0
cell_2_2,-135.74338138087325,-73.94808014073632,40.7623532295766,4.0
cell_3_0,-161.6752957316972,-73.94808014073632,40.7623532295766,20.0
cell_3_1,-157.6752957316972,-73.94808014073632,40.7623532295766,12.0
cell_3_2,-156.6752957316972,-73.94808014073632,40.7623532295766,6.0
cell_4_0,-157.61106922789423,-73.94808014073632,40.7623532295766,16.0
cell_4_1,-158.11106922789423,-73.94808014073632,40.7623532295766,17.0
cell_4_2,-154.61106922789423,-73.94808014073632,40.7623532295766,10.0
cell_5_0,-154.72463057925938,-73.94808014073632,40.7623532295766,1.0
cell_5_1,-151.72463057925938,-73.94808014073632,40.7623532295766,9.0
cell_5_2,-153.22463057925938,-73.94808014073632,40.7623532295766,12.0
cell_1_0,-128.78169176169177,-74.02457584151344,40.74378508005536,10.0
cell_1_1,-133.28169176169177,-74.02457584151344,40.74378508005536,19.0
cell_1_2,-129.28169176169177,-74.02457584151344,40.74378508005536,5.0
cell_2_0,-149.14596931108625,-74.02457584151344,40.74378508005536,10.0
cell_2_1,-151.14596931108625,-74.02457584151344,40.74378508005536,2.0
cell_2_2,-149.64596931108625,-74.02457584151344,40.74378508005536,11.0
cell_3_0,-133.4071667046984,-74.02457584151344,40.74378508005536,1.0
cell_3_1,-132.4071667046984,-74.02457584151344,40.74378508005536,3.0
cell_3_2,-131.9071667046984,-74.02457584151344,40.74378508005536,4.0
cell_4_0,-124.97217130518466,-74.02457584151344,40.74378508005536,15.0
cell_4_1,-124.47217130518466,-74.02457584151344,40.74378508005536,14.0
cell_4_2,-122.97217130518466,-74.02457584151344,40.74378508005536,11.0
cell_5_0,-141.25309424452445,-74.02457584151344,40.74378508005536,4.0
cell_5_1,-145.25309424452445,-74.02457584151344,40.74378508005536,20.0
cell_5_2,-140.75309424452445,-74.02457584151344,40.74378508005536,5.0
cell_1_0,-138.48329383164958,-74.01179038247041,40.76231968904895,10.0
cell_1_1,-138.48329383164958,-74.01179038247041,40.76231968904895,10.0
cell_1_2,-139.98329383164958,-74.01179038247041,40.76231968904895,3.0
cell_2_0,-147.01911811499278,-74.01179038247041,40.76231968904895,13.0
cell_2_1,-149.51911811499278,-74.01179038247041,40.76231968904895,18.0
cell_2_2,-147.01911811499278,-74.01179038247041,40.76231968904895,13.0
cell_3_0,-145.52558589990343,-74.01179038247041,40.76231968904895,20.0
cell_3_1,-142.02558589990343,-74.01179038247041,40.76231968904895,3.0
cell_3_2,-140.52558589990343,-74.01179038247041,40.76231968904895,10.0
cell_4_0,-134.00672307866373,-74.01179038247041,40.76231968904895,5.0
cell_4_1,-136.00672307866373,-74.01179038247041,40.76231968904895,1.0
cell_4_2,-136.50672307866373,-74.01179038247041,40.76231968904895,16.0
cell_5_0,-128.87774783896765,-74.01179038247041,40.76231968904895,13.0
cell_5_1,-127.87774783896764,-74.01179038247041,40.76231968904895,11.0
cell_5_2,-130.37774783896765,-74.01179038247041,40.76231968904895,16.0
cell_1_0,-136.2627723533384,-74.01498475505669,40.757630535904205,5.0
cell_1_1,-137.2627723533384,-74.01498475505669,40.757630535904205,3.0
cell_1_2,-135.7627723533384,-74.01498475505669,40.757630535904205,10.0
cell_2_0,-150.78470167050102,-74.01498475505669,40.757630535904205,19.0
cell_2_1,-148.28470167050102,-74.01498475505669,40.757630535904205,2.0
cell_2_2,-149.28470167050102,-74.01498475505669,40.757630535904205,16.0
cell_3_0,-143.13299407919177,-74.01498475505669,40.757630535904205,20.0
cell_3_1,-140.13299407919177,-74.01498475505669,40.757630535904205,14.0
cell_3_2,-140.63299407919177,-74.01498475505669,40.757630535904205,15.0
cell_4_0,-131.88399426724328,-74.01498475505669,40.757630535904205,15.0
cell_4_1,-129.38399426724328,-74.01498475505669,40.757630535904205,10.0
cell_4_2,-133.38399426724328,-74.01498475505669,40.757630535904205,18.0
cell_5_0,-131.5188284553445,-74.01498475505669,40.757630535904205,5.0
cell_5_1,-131.0188284553445,-74.01498475505669,40.757630535904205,6.0
cell_5_2,-134.0188284553445,-74.01498475505669,40.757630535904205,0.0
cell_1_0,-151.3450094794289,-73.99790136538624,40.786136387093066,16.0
cell_1_1,-152.3450094794289,-73.99790136538624,40.786136387093066,18.0
cell_1_2,-148.3450094794289,-73.99790136538624,40.786136387093066,10.0
cell_2_0,-148.12645996866766,-73.99790136538624,40.786136387093066,15.0
cell_2_1,-150.62645996866766,-73.99790136538624,40.786136387093066,20.0
cell_2_2,-146.12645996866766,-73.99790136538624,40.786136387093066,11.0
cell_3_0,-152.15795923225764,-73.99790136538624,40.786136387093066,16.0
cell_3_1,-150.65795923225764,-73.99790136538624,40.786136387093066,3.0
cell_3_2,-152.65795923225764,-73.99790136538624,40.786136387093066,17.0
cell_4_0,-145.42353525294166,-73.99790136538624,40.786136387093066,9.0
cell_4_1,-147.92353525294166,-73.99790136538624,40.786136387093066,14.0
cell_4_2,-145.92353525294166,-73.99790136538624,40.786136387093066,10.0
cell_5_0,-135.81417268048932,-73.99790136538624,40.786136387093066,12.0
cell_5_1,-138.81417268048932,-73.99790136538624,40.786136387093066,18.0
cell_5_2,-139.31417268048932,-73.99790136538624,40.786136387093066,19.0
cell_1_0,-150.95299194874826,-74.06304372884914,40.75686732741949,1.0
cell_1_1,-151.95299194874826,-74.06304372884914,40.75686732741949,17.0
cell_1_2,-149.45299194874826,-74.06304372884914,40.75686732741949,12.0
cell_2_0,-156.86934409844824,-74.06304372884914,40.75686732741949,6.0
cell_2_1,-156.86934409844824,-74.06304372884914,40.75686732741949,6.0
cell_2_2,-157.86934409844824,-74.06304372884914,40.75686732741949,12.0
cell_3_0,-135.50273827672106,-74.06304372884914,40.75686732741949,6.0
cell_3_1,-136.50273827672106,-74.06304372884914,40.75686732741949,12.0
cell_3_2,-135.00273827672106,-74.06304372884914,40.75686732741949,7.0
cell_4_0,-140.53994317380733,-74.06304372884914,40.75686732741949,9.0
cell_4_1,-145.53994317380733,-74.06304372884914,40.75686732741949,19.0
cell_4_2,-143.03994317380733,-74.06304372884914,40.75686732741949,2.0
cell_5_0,-147.81672932083706,-74.06304372884914,40.75686732741949,4.0
cell_5_1,-151.31672932083706,-74.06304372884914,40.75686732741949,19.0
cell_5_2,-149.81672932083706,-74.06304372884914,40.75686732741949,16.0
cell_1_0,-138.70732254907495,-74.0165177689131,40.754426049746684,20.0
cell_1_1,-134.20732254907495,-74.0165177689131,40.754426049746684,11.0
cell_1_2,-136.70732254907495,-74.0165177689131,40.754426049746684,16.0
cell_2_0,-147.68189612139136,-74.0165177689131,40.754426049746684,12.0
cell_2_1,-151.68189612139136,-74.0165177689131,40.754426049746684,20.0
cell_2_2,-146.68189612139136,-74.0165177689131,40.754426049746684,6.0
cell_3_0,-139.2718409424737,-74.0165177689131,40.754426049746684,1.0
cell_3_1,-141.7718409424737,-74.0165177689131,40.754426049746684,20.0
cell_3_2,-137.7718409424737,-74.0165177689131,40.754426049746684,12.0
cell_4_0,-127.46585631981647,-74.0165177689131,40.754426049746684,11.0
cell_4_1,-127.46585631981647,-74.0165177689131,40.754426049746684,11.0
cell_4_2,-129.46585631981645,-74.0165177689131,40.754426049746684,1.0
cell_5_0,-133.98806289128714,-74.0165177689131,40.754426049746684,11.0
cell_5_1,-135.48806289128714,-74.0165177689131,40.754426049746684,14.0
cell_5_2,-135.48806289128714,-74.0165177689131,40.754426049746684,14.0
cell_1_0,-145.5297763688643,-74.03995644455435,40.76146498475257,15.0
cell_1_1,-144.0297763688643,-74.03995644455435,40.76146498475257,4.0
cell_1_2,-148.0297763688643,-74.03995644455435,40.76146498475257,20.0
cell_2_0,-157.7607309453573,-74.03995644455435,40.76146498475257,20.0
cell_2_1,-154.2607309453573,-74.03995644455435,40.76146498475257,13.0
cell_2_2,-152.2607309453573,-74.03995644455435,40.76146498475257,9.0
cell_3_0,-131.18741545730558,-74.03995644455435,40.76146498475257,19.0
cell_3_1,-128.18741545730558,-74.03995644455435,40.76146498475257,3.0
cell_3_2,-127.68741545730556,-74.03995644455435,40.76146498475257,4.0
cell_4_0,-129.44848798674147,-74.03995644455435,40.76146498475257,14.0
cell_4_1,-129.44848798674147,-74.03995644455435,40.76146498475257,2.0
cell_4_2,-129.94848798674147,-74.03995644455435,40.76146498475257,1.0
cell_5_0,-141.34435461954598,-74.03995644455435,40.76146498475257,18.0
cell_5_1,-141.84435461954598,-74.03995644455435,40.76146498475257,19.0
cell_5_2,-139.84435461954598,-74.03995644455435,40.76146498475257,15.0
cell_1_0,-148.03554088235452,-73.96595353316084,40.749962808818935,12.0
cell_1_1,-147.03554088235452,-73.96595353316084,40.749962808818935,6.0
cell_1_2,-148.53554088235452,-73.96595353316084,40.749962808818935,13.0
cell_2_0,-105.86614890734496,-73.96595353316084,40.749962808818935,0.0
cell_2_1,-104.36614890734496,-73.96595353316084,40.749962808818935,13.0
cell_2_2,-106.86614890734496,-73.96595353316084,40.749962808818935,18.0
cell_3_0,-155.27212131614172,-73.96595353316084,40.749962808818935,14.0
cell_3_1,-153.77212131614172,-73.96595353316084,40.749962808818935,11.0
cell_3_2,-154.77212131614172,-73.96595353316084,40.749962808818935,13.0
cell_4_0,-150.2489678829092,-73.96595353316084,40.749962808818935,9.0
cell_4_1,-149.7489678829092,-73.96595353316084,40.749962808818935,8.0
cell_4_2,-150.2489678829092,-73.96595353316084,40.749962808818935,9.0
cell_5_0,-149.54636702818726,-73.96595353316084,40.749962808818935,5.0
cell_5_1,-150.04636702818726,-73.96595353316084,40.749962808818935,4.0
cell_5_2,-152.04636702818726,-73.96595353316084,40.749962808818935,16.0
cell_1_0,-147.94673161060905,-73.99871309131734,40.7813842926497,4.0
cell_1_1,-146.44673161060905,-73.99871309131734,40.7813842926497,9.0
cell_1_2,-147.44673161060905,-73.99871309131734,40.7813842926497,11.0
cell_2_0,-144.6401241517827,-73.99871309131734,40.7813842926497,10.0
cell_2_1,-144.6401241517827,-73.99871309131734,40.7813842926497,10.0
cell_2_2,-147.6401241517827,-73.99871309131734,40.7813842926497,16.0
cell_3_0,-148.661258333872,-73.99871309131734,40.7813842926497,11.0
cell_3_1,-148.661258333872,-73.99871309131734,40.7813842926497,11.0
cell_3_2,-149.161258333872,-73.99871309131734,40.7813842926497,4.0
cell_4_0,-149.07691346699337,-73.99871309131734,40.7813842926497,19.0
cell_4_1,-147.57691346699337,-73.99871309131734,40.7813842926497,16.0
cell_4_2,-147.07691346699337,-73.99871309131734,40.7813842926497,1.0
cell_5_0,-132.32813884841156,-73.99871309131734,40.7813842926497,9.0
cell_5_1,-132.82813884841156,-73.99871309131734,40.7813842926497,10.0
cell_5_2,-135.32813884841156,-73.99871309131734,40.7813842926497,1.0
cell_1_0,-149.69001287801115,-74.03393281458253,40.781772861537945,2.0
cell_1_1,-148.19001287801115,-74.03393281458253,40.781772861537945,11.0
cell_1_2,-148.19001287801115,-74.03393281458253,40.781772861537945,5.0
cell_2_0,-155.20828699826424,-74.03393281458253,40.781772861537945,15.0
cell_2_1,-157.20828699826424,-74.03393281458253,40.781772861537945,19.0
cell_2_2,-151.70828699826424,-74.03393281458253,40.781772861537945,8.0
cell_3_0,-142.24688496144762,-74.03393281458253,40.781772861537945,4.0
cell_3_1,-143.24688496144762,-74.03393281458253,40.781772861537945,2.0
cell_3_2,-142.24688496144762,-74.03393281458253,40.781772861537945,4.0
cell_4_0,-140.17535623962698,-74.03393281458253,40.781772861537945,12.0
cell_4_1,-141.17535623962698,-74.03393281458253,40.781772861537945,2.0
cell_4_2,-138.17535623962698,-74.03393281458253,40.781772861537945,8.0
cell_5_0,-133.07460992454384,-74.03393281458253,40.781772861537945,13.0
cell_5_1,-133.57460992454384,-74.03393281458253,40.781772861537945,2.0
cell_5_2,-134.07460992454384,-74.03393281458253,40.781772861537945,1.0
cell_1_0,-138.93549836620446,-74.03995684374509,40.745996420307996,6.0
cell_1_1,-142.43549836620446,-74.03995684374509,40.745996420307996,17.0
cell_1_2,-140.93549836620446,-74.03995684374509,40.745996420307996,14.0
cell_2_0,-155.18361769299747,-74.03995684374509,40.745996420307996,1.0
cell_2_1,-155.68361769299747,-74.03995684374509,40.745996420307996,16.0
cell_2_2,-155.18361769299747,-74.03995684374509,40.745996420307996,15.0
cell_3_0,-102.43726534430584,-74.03995684374509,40.745996420307996,7.0
cell_3_1,-106.43726534430584,-74.03995684374509,40.745996420307996,17.0
cell_3_2,-104.93726534430584,-74.03995684374509,40.745996420307996,2.0
cell_4_0,-126.418620264832,-74.03995684374509,40.745996420307996,12.0
cell_4_1,-126.918620264832,-74.03995684374509,40.745996420307996,3.0
cell_4_2,-130.418620264832,-74.03995684374509,40.745996420307996,20.0
cell_5_0,-144.8789306273769,-74.03995684374509,40.745996420307996,15.0
cell_5_1,-145.3789306273769,-74.03995684374509,40.745996420307996,16.0
cell_5_2,-141.8789306273769,-74.03995684374509,40.745996420307996,9.0
cell_1_0,-143.61404247843,-73.9926773419201,40.75391404535986,20.0
cell_1_1,-141.61404247843,-73.9926773419201,40.75391404535986,16.0
cell_1_2,-137.61404247843,-73.9926773419201,40.75391404535986,8.0
cell_2_0,-138.4993511810657,-73.9926773419201,40.75391404535986,14.0
cell_2_1,-136.4993511810657,-73.9926773419201,40.75391404535986,6.0
cell_2_2,-139.9993511810657,-73.9926773419201,40.75391404535986,17.0
cell_3_0,-149.6994916923848,-73.9926773419201,40.75391404535986,16.0
cell_3_1,-148.6994916923848,-73.9926773419201,40.75391404535986,14.0
cell_3_2,-147.1994916923848,-73.9926773419201,40.75391404535986,11.0
cell_4_0,-143.9912593640926,-73.9926773419201,40.75391404535986,13.0
cell_4_1,-142.4912593640926,-73.9926773419201,40.75391404535986,10.0
cell_4_2,-144.4912593640926,-73.9926773419201,40.75391404535986,14.0
cell_5_0,-142.90731910705117,-73.9926773419201,40.75391404535986,15.0
cell_5_1,-139.90731910705117,-73.9926773419201,40.75391404535986,9.0
cell_5_2,-140.90731910705117,-73.9926773419201,40.75391404535986,5.0
cell_1_0,-150.84610928593364,-74.03452739557265,40.778409054668785,18.0
cell_1_1,-148.84610928593364,-74.03452739557265,40.778409054668785,14.0
cell_1_2,-150.84610928593364,-74.03452739557265,40.778409054668785,18.0
cell_2_0,-153.0478188409045,-74.03452739557265,40.778409054668785,5.0
cell_2_1,-154.5478188409045,-74.03452739557265,40.778409054668785,2.0
cell_2_2,-154.0478188409045,-74.03452739557265,40.778409054668785,3.0
cell_3_0,-140.64553848024264,-74.03452739557265,40.778409054668785,12.0
cell_3_1,-141.14553848024264,-74.03452739557265,40.778409054668785,13.0
cell_3_2,-139.64553848024264,-74.03452739557265,40.778409054668785,10.0
cell_4_0,-139.9343793449848,-74.03452739557265,40.778409054668785,15.0
cell_4_1,-141.9343793449848,-74.03452739557265,40.778409054668785,19.0
cell_4_2,-139.9343793449848,-74.03452739557265,40.778409054668785,1.0
cell_5_0,-133.72430597136062,-74.03452739557265,40.778409054668785,1.0
cell_5_1,-134.72430597136062,-74.03452739557265,40.778409054668785,17.0
cell_5_2,-131.22430597136062,-74.03452739557265,40.778409054668785,6.0
cell_1_0,-149.76849493359387,-73.97568976391827,40.76549226979546,16.0
cell_1_1,-147.26849493359387,-73.97568976391827,40.76549226979546,11.0
cell_1_2,-147.26849493359387,-73.97568976391827,40.76549226979546,11.0
cell_2_0,-133.387217650919,-73.97568976391827,40.76549226979546,18.0
cell_2_1,-131.387217650919,-73.97568976391827,40.76549226979546,2.0
cell_2_2,-131.387217650919,-73.97568976391827,40.76549226979546,14.0
cell_3_0,-152.16204120995997,-73.97568976391827,40.76549226979546,11.0
cell_3_1,-155.66204120995997,-73.97568976391827,40.76549226979546,18.0
cell_3_2,-153.16204120995997,-73.97568976391827,40.76549226979546,3.0
cell_4_0,-149.65992082270608,-73.97568976391827,40.76549226979546,4.0
cell_4_1,-151.15992082270608,-73.97568976391827,40.76549226979546,15.0
cell_4_2,-148.65992082270608,-73.97568976391827,40.76549226979546,10.0
cell_5_0,-144.1119770661679,-73.97568976391827,40.76549226979546,7.0
cell_5_1,-146.6119770661679,-73.97568976391827,40.76549226979546,2.0
cell_5_2,-144.1119770661679,-73.97568976391827,40.76549226979546,7.0
cell_1_0,-140.18341414978957,-74.02790171847037,40.75984891409879,12.0
cell_1_1,-142.68341414978957,-74.02790171847037,40.75984891409879,17.0
cell_1_2,-143.18341414978957,-74.02790171847037,40.75984891409879,18.0
cell_2_0,-153.98204094518078,-74.02790171847037,40.75984891409879,18.0
cell_2_1,-148.98204094518078,-74.02790171847037,40.75984891409879,8.0
cell_2_2,-151.48204094518078,-74.02790171847037,40.75984891409879,13.0
cell_3_0,-133.63559924382298,-74.02790171847037,40.75984891409879,1.0
cell_3_1,-133.63559924382298,-74.02790171847037,40.75984891409879,15.0
cell_3_2,-131.13559924382298,-74.02790171847037,40.75984891409879,10.0
cell_4_0,-121.23670278741427,-74.02790171847037,40.75984891409879,1.0
cell_4_1,-119.23670278741427,-74.02790171847037,40.75984891409879,11.0
cell_4_2,-121.73670278741427,-74.02790171847037,40.75984891409879,0.0
cell_5_0,-134.89840495505933,-74.02790171847037,40.75984891409879,16.0
cell_5_1,-130.89840495505933,-74.02790171847037,40.75984891409879,8.0
cell_5_2,-132.39840495505933,-74.02790171847037,40.75984891409879,5.0
cell_1_0,-131.2525284948041,-73.99621485926365,40.73864297020988,6.0
cell_1_1,-131.2525284948041,-73.99621485926365,40.73864297020988,6.0
cell_1_2,-134.7525284948041,-73.99621485926365,40.73864297020988,17.0
cell_2_0,-139.9884604333916,-73.99621485926365,40.73864297020988,10.0
cell_2_1,-142.9884604333916,-73.99621485926365,40.73864297020988,16.0
cell_2_2,-141.9884604333916,-73.99621485926365,40.73864297020988,2.0
cell_3_0,-145.80421464140076,-73.99621485926365,40.73864297020988,6.0
cell_3_1,-147.80421464140076,-73.99621485926365,40.73864297020988,2.0
cell_3_2,-147.30421464140076,-73.99621485926365,40.73864297020988,13.0
cell_4_0,-143.11898797405263,-73.99621485926365,40.73864297020988,12.0
cell_4_1,-145.11898797405263,-73.99621485926365,40.73864297020988,16.0
cell_4_2,-143.11898797405263,-73.99621485926365,40.73864297020988,4.0
cell_5_0,-144.36613579799172,-73.99621485926365,40.73864297020988,6.0
cell_5_1,-146.36613579799172,-73.99621485926365,40.73864297020988,14.0
cell_5_2,-144.36613579799172,-73.99621485926365,40.73864297020988,10.0
cell_1_0,-143.9489093787036,-74.04244910908099,40.730979057414274,20.0
cell_1_1,-139.9489093787036,-74.04244910908099,40.730979057414274,4.0
cell_1_2,-140.4489093787036,-74.04244910908099,40.730979057414274,13.0
cell_2_0,-158.72677411141493,-74.04244910908099,40.730979057414274,20.0
cell_2_1,-155.72677411141493,-74.04244910908099,40.730979057414274,14.0
cell_2_2,-156.72677411141493,-74.04244910908099,40.730979057414274,16.0
cell_3_0,-132.08689012351545,-74.04244910908099,40.730979057414274,12.0
cell_3_1,-133.08689012351545,-74.04244910908099,40.730979057414274,2.0
cell_3_2,-133.58689012351545,-74.04244910908099,40.730979057414274,15.0
cell_4_0,-139.41919262237073,-74.04244910908099,40.730979057414274,16.0
cell_4_1,-137.91919262237073,-74.04244910908099,40.730979057414274,13.0
cell_4_2,-137.41919262237073,-74.04244910908099,40.730979057414274,4.0
cell_5_0,-146.2460987432949,-74.04244910908099,40.730979057414274,8.0
cell_5_1,-148.7460987432949,-74.04244910908099,40.730979057414274,3.0
cell_5_2,-149.2460987432949,-74.04244910908099,40.730979057414274,14.0
cell_1_0,-151.51803338384232,-73.97403362351751,40.772558465518294,0.0
cell_1_1,-148.51803338384232,-73.97403362351751,40.772558465518294,10.0
cell_1_2,-151.51803338384232,-73.97403362351751,40.772558465518294,16.0
cell_2_0,-137.71487306617524,-73.97403362351751,40.772558465518294,17.0
cell_2_1,-135.71487306617524,-73.97403362351751,40.772558465518294,13.0
cell_2_2,-134.71487306617524,-73.97403362351751,40.772558465518294,5.0
cell_3_0,-155.46472137025089,-73.97403362351751,40.772558465518294,16.0
cell_3_1,-151.96472137025089,-73.97403362351751,40.772558465518294,9.0
cell_3_2,-153.46472137025089,-73.97403362351751,40.772558465518294,4.0
cell_4_0,-154.12436931293348,-73.97403362351751,40.772558465518294,19.0
cell_4_1,-153.62436931293348,-73.97403362351751,40.772558465518294,18.0
cell_4_2,-153.12436931293348,-73.97403362351751,40.772558465518294,17.0
cell_5_0,-147.8483210097662,-73.97403362351751,40.772558465518294,16.0
cell_5_1,-147.8483210097662,-73.97403362351751,40.772558465518294,16.0
cell_5_2,-149.3483210097662,-73.97403362351751,40.772558465518294,19.0
cell_1_0,-150.0869351261712,-74.06091447345163,40.7619795047837,13.0
cell_1_1,-149.0869351261712,-74.06091447345163,40.7619795047837,5.0
cell_1_2,-150.0869351261712,-74.06091447345163,40.7619795047837,3.0
cell_2_0,-156.59270939426224,-74.06091447345163,40.7619795047837,10.0
cell_2_1,-161.09270939426224,-74.06091447345163,40.7619795047837,19.0
cell_2_2,-156.59270939426224,-74.06091447345163,40.7619795047837,10.0
cell_3_0,-135.82947561772383,-74.06091447345163,40.7619795047837,10.0
cell_3_1,-138.32947561772383,-74.06091447345163,40.7619795047837,15.0
cell_3_2,-139.82947561772383,-74.06091447345163,40.7619795047837,18.0
cell_4_0,-142.0938379201537,-74.06091447345163,40.7619795047837,13.0
cell_4_1,-141.0938379201537,-74.06091447345163,40.7619795047837,5.0
cell_4_2,-142.0938379201537,-74.06091447345163,40.7619795047837,3.0
cell_5_0,-149.13606222082186,-74.06091447345163,40.7619795047837,17.0
cell_5_1,-148.63606222082186,-74.06091447345163,40.7619795047837,16.0
cell_5_2,-146.13606222082186,-74.06091447345163,40.7619795047837,11.0
cell_1_0,-148.57876908040006,-74.00690580486356,40.778840284915084,0.0
cell_1_1,-144.57876908040006,-74.00690580486356,40.778840284915084,8.0
cell_1_2,-148.07876908040006,-74.00690580486356,40.778840284915084,1.0
cell_2_0,-146.75499462444043,-74.00690580486356,40.778840284915084,11.0
cell_2_1,-146.75499462444043,-74.00690580486356,40.778840284915084,11.0
cell_2_2,-148.25499462444043,-74.00690580486356,40.778840284915084,14.0
cell_3_0,-146.23530908502684,-74.00690580486356,40.778840284915084,11.0
cell_3_1,-146.23530908502684,-74.00690580486356,40.778840284915084,5.0
cell_3_2,-150.73530908502684,-74.00690580486356,40.778840284915084,20.0
cell_4_0,-142.6201253041362,-74.00690580486356,40.778840284915084,4.0
cell_4_1,-144.6201253041362,-74.00690580486356,40.778840284915084,0.0
cell_4_2,-140.6201253041362,-74.00690580486356,40.778840284915084,8.0
cell_5_0,-126.10087650561195,-74.00690580486356,40.778840284915084,2.0
cell_5_1,-123.60087650561195,-74.00690580486356,40.778840284915084,9.0
cell_5_2,-123.60087650561195,-74.00690580486356,40.778840284915084,9.0
cell_1_0,-142.6442488071071,-74.02770430115491,40.75662227126523,20.0
cell_1_1,-142.1442488071071,-74.02770430115491,40.75662227126523,19.0
cell_1_2,-138.6442488071071,-74.02770430115491,40.75662227126523,4.0
cell_2_0,-150.34870186256217,-74.02770430115491,40.75662227126523,5.0
cell_2_1,-149.84870186256217,-74.02770430115491,40.75662227126523,10.0
cell_2_2,-151.34870186256217,-74.02770430115491,40.75662227126523,3.0
cell_3_0,-133.05046701598758,-74.02770430115491,40.75662227126523,17.0
cell_3_1,-130.05046701598758,-74.02770430115491,40.75662227126523,11.0
cell_3_2,-129.55046701598758,-74.02770430115491,40.75662227126523,10.0
cell_4_0,-112.30313206520479,-74.02770430115491,40.75662227126523,4.0
cell_4_1,-114.30313206520479,-74.02770430115491,40.75662227126523,0.0
cell_4_2,-113.80313206520479,-74.02770430115491,40.75662227126523,15.0
cell_5_0,-133.91331233867407,-74.02770430115491,40.75662227126523,10.0
cell_5_1,-136.41331233867407,-74.02770430115491,40.75662227126523,15.0
cell_5_2,-135.91331233867407,-74.02770430115491,40.75662227126523,14.0
cell_1_0,-136.072806944362,-74.0280995675495,40.75413281273024,7.0
cell_1_1,-141.572806944362,-74.0280995675495,40.75413281273024,20.0
cell_1_2,-137.572806944362,-74.0280995675495,40.75413281273024,4.0
cell_2_0,-148.91303818006278,-74.0280995675495,40.75413281273024,8.0
cell_2_1,-149.91303818006278,-74.0280995675495,40.75413281273024,6.0
cell_2_2,-150.41303818006278,-74.0280995675495,40.75413281273024,5.0
cell_3_0,-131.03754445543314,-74.0280995675495,40.75413281273024,0.0
cell_3_1,-131.03754445543314,-74.0280995675495,40.75413281273024,0.0
cell_3_2,-130.53754445543314,-74.0280995675495,40.75413281273024,1.0
cell_4_0,-105.0717034274949,-74.0280995675495,40.75413281273024,18.0
cell_4_1,-105.5717034274949,-74.0280995675495,40.75413281273024,19.0
cell_4_2,-102.5717034274949,-74.0280995675495,40.75413281273024,3.0
cell_5_0,-139.0359478390788,-74.0280995675495,40.75413281273024,17.0
cell_5_1,-135.5359478390788,-74.0280995675495,40.75413281273024,10.0
cell_5_2,-138.0359478390788,-74.0280995675495,40.75413281273024,1.0
cell_1_0,-139.28760062230782,-74.00263739930608,40.75991082513115,4.0
cell_1_1,-140.28760062230782,-74.00263739930608,40.75991082513115,2.0
cell_1_2,-142.78760062230782,-74.00263739930608,40.75991082513115,19.0
cell_2_0,-141.95034746589863,-74.00263739930608,40.75991082513115,6.0
cell_2_1,-144.45034746589863,-74.00263739930608,40.75991082513115,15.0
cell_2_2,-143.45034746589863,-74.00263739930608,40.75991082513115,3.0
cell_3_0,-145.25773040901453,-74.00263739930608,40.75991082513115,13.0
cell_3_1,-146.75773040901453,-74.00263739930608,40.75991082513115,0.0
cell_3_2,-144.25773040901453,-74.00263739930608,40.75991082513115,11.0
cell_4_0,-141.29107757254476,-74.00263739930608,40.75991082513115,0.0
cell_4_1,-140.29107757254476,-74.00263739930608,40.75991082513115,14.0
cell_4_2,-141.29107757254476,-74.00263739930608,40.75991082513115,16.0
cell_5_0,-138.30452279422047,-74.00263739930608,40.75991082513115,19.0
cell_5_1,-133.80452279422047,-74.00263739930608,40.75991082513115,6.0
cell_5_2,-138.30452279422047,-74.00263739930608,40.75991082513115,19.0
cell_1_0,-146.75508553184716,-74.06275671130722,40.75099379679633,8.0
cell_1_1,-148.25508553184716,-74.06275671130722,40.75099379679633,5.0
cell_1_2,-149.25508553184716,-74.06275671130722,40.75099379679633,3.0
cell_2_0,-160.3045162407389,-74.06275671130722,40.75099379679633,17.0
cell_2_1,-159.3045162407389,-74.06275671130722,40.75099379679633,1.0
cell_2_2,-156.8045162407389,-74.06275671130722,40.75099379679633,10.0
cell_3_0,-137.34899389678714,-74.06275671130722,40.75099379679633,0.0
cell_3_1,-138.34899389678714,-74.06275671130722,40.75099379679633,18.0
cell_3_2,-138.34899389678714,-74.06275671130722,40.75099379679633,18.0
cell_4_0,-139.77880355452479,-74.06275671130722,40.75099379679633,8.0
cell_4_1,-140.77880355452479,-74.06275671130722,40.75099379679633,10.0
cell_4_2,-140.27880355452479,-74.06275671130722,40.75099379679633,9.0
cell_5_0,-150.47723861237407,-74.06275671130722,40.75099379679633,16.0
cell_5_1,-151.47723861237407,-74.06275671130722,40.75099379679633,18.0
cell_5_2,-148.97723861237407,-74.06275671130722,40.75099379679633,3.0
cell_1_0,-132.26478623628225,-74.02828778660557,40.74209970570628,13.0
cell_1_1,-131.76478623628225,-74.02828778660557,40.74209970570628,12.0
cell_1_2,-134.26478623628225,-74.02828778660557,40.74209970570628,17.0
cell_2_0,-150.65163348659672,-74.02828778660557,40.74209970570628,5.0
cell_2_1,-153.15163348659672,-74.02828778660557,40.74209970570628,16.0
cell_2_2,-150.65163348659672,-74.02828778660557,40.74209970570628,5.0
cell_3_0,-130.13479397987786,-74.02828778660557,40.74209970570628,2.0
cell_3_1,-130.13479397987786,-74.02828778660557,40.74209970570628,14.0
cell_3_2,-127.63479397987786,-74.02828778660557,40.74209970570628,7.0
cell_4_0,-124.02029049868679,-74.02828778660557,40.74209970570628,4.0
cell_4_1,-127.02029049868679,-74.02828778660557,40.74209970570628,18.0
cell_4_2,-124.52029049868679,-74.02828778660557,40.74209970570628,3.0
cell_5_0,-142.96085468697106,-74.02828778660557,40.74209970570628,3.0
cell_5_1,-140.96085468697106,-74.02828778660557,40.74209970570628,9.0
cell_5_2,-143.46085468697106,-74.02828778660557,40.74209970570628,14.0
cell_1_0,-148.99200016585272,-74.03802497637047,40.777110732983914,14.0
cell_1_1,-148.99200016585272,-74.03802497637047,40.777110732983914,14.0
cell_1_2,-146.49200016585272,-74.03802497637047,40.777110732983914,7.0
cell_2_0,-156.6327612311084,-74.03802497637047,40.777110732983914,17.0
cell_2_1,-153.1327612311084,-74.03802497637047,40.777110732983914,6.0
cell_2_2,-152.1327612311084,-74.03802497637047,40.777110732983914,8.0
cell_3_0,-141.69628533648705,-74.03802497637047,40.777110732983914,0.0
cell_3_1,-139.19628533648705,-74.03802497637047,40.777110732983914,11.0
cell_3_2,-140.19628533648705,-74.03802497637047,40.777110732983914,13.0
cell_4_0,-137.71553988481242,-74.03802497637047,40.777110732983914,5.0
cell_4_1,-141.21553988481242,-74.03802497637047,40.777110732983914,18.0
cell_4_2,-139.21553988481242,-74.03802497637047,40.777110732983914,14.0
cell_5_0,-136.80216876680683,-74.03802497637047,40.777110732983914,0.0
cell_5_1,-135.80216876680683,-74.03802497637047,40.777110732983914,2.0
cell_5_2,-136.80216876680683,-74.03802497637047,40.777110732983914,16.0
cell_1_0,-138.34658576555182,-74.0377523168628,40.745919936069946,11.0
cell_1_1,-139.34658576555182,-74.0377523168628,40.745919936069946,13.0
cell_1_2,-140.34658576555182,-74.0377523168628,40.745919936069946,1.0
cell_2_0,-155.2169062524917,-74.0377523168628,40.745919936069946,16.0
cell_2_1,-151.7169062524917,-74.0377523168628,40.745919936069946,9.0
cell_2_2,-153.7169062524917,-74.0377523168628,40.745919936069946,13.0
cell_3_0,-114.71215089514668,-74.0377523168628,40.745919936069946,20.0
cell_3_1,-111.21215089514668,-74.0377523168628,40.745919936069946,3.0
cell_3_2,-111.71215089514668,-74.0377523168628,40.745919936069946,2.0
cell_4_0,-123.507761762895,-74.0377523168628,40.745919936069946,5.0
cell_4_1,-123.007761762895,-74.0377523168628,40.745919936069946,6.0
cell_4_2,-125.507761762895,-74.0377523168628,40.745919936069946,1.0
cell_5_0,-144.34982129998582,-74.0377523168628,40.745919936069946,15.0
cell_5_1,-140.84982129998582,-74.0377523168628,40.745919936069946,8.0
cell_5_2,-140.84982129998582,-74.0377523168628,40.745919936069946,8.0
cell_1_0,-128.0305363363272,-74.00431131280669,40.740302197995504,18.0
cell_1_1,-123.53053633632719,-74.00431131280669,40.740302197995504,9.0
cell_1_2,-125.53053633632719,-74.00431131280669,40.740302197995504,13.0
cell_2_0,-144.02319907327046,-74.00431131280669,40.740302197995504,4.0
cell_2_1,-144.02319907327046,-74.00431131280669,40.740302197995504,4.0
cell_2_2,-142.02319907327046,-74.00431131280669,40.740302197995504,8.0
cell_3_0,-143.79882511278032,-74.00431131280669,40.740302197995504,4.0
cell_3_1,-145.79882511278032,-74.00431131280669,40.740302197995504,0.0
cell_3_2,-144.79882511278032,-74.00431131280669,40.740302197995504,2.0
cell_4_0,-140.27214520379965,-74.00431131280669,40.740302197995504,14.0
cell_4_1,-140.77214520379965,-74.00431131280669,40.740302197995504,1.0
cell_4_2,-141.77214520379965,-74.00431131280669,40.740302197995504,17.0
cell_5_0,-146.44491066166353,-74.00431131280669,40.740302197995504,18.0
cell_5_1,-145.94491066166353,-74.00431131280669,40.740302197995504,17.0
cell_5_2,-146.94491066166353,-74.00431131280669,40.740302197995504,19.0
cell_1_0,-152.3773174655762,-73.98010439637294,40.77277338604891,20.0
cell_1_1,-149.8773174655762,-73.98010439637294,40.77277338604891,1.0
cell_1_2,-150.3773174655762,-73.98010439637294,40.77277338604891,0.0
cell_2_0,-136.49282538117788,-73.98010439637294,40.77277338604891,11.0
cell_2_1,-140.49282538117788,-73.98010439637294,40.77277338604891,19.0
cell_2_2,-135.99282538117788,-73.98010439637294,40.77277338604891,6.0
cell_3_0,-152.22256779015123,-73.98010439637294,40.77277338604891,4.0
cell_3_1,-150.72256779015123,-73.98010439637294,40.77277338604891,7.0
cell_3_2,-153.22256779015123,-73.98010439637294,40.77277338604891,14.0
cell_4_0,-150.61957683383667,-73.98010439637294,40.77277338604891,15.0
cell_4_1,-147.61957683383667,-73.98010439637294,40.77277338604891,7.0
cell_4_2,-153.11957683383667,-73.98010439637294,40.77277338604891,20.0
cell_5_0,-147.54868341720817,-73.98010439637294,40.77277338604891,20.0
cell_5_1,-144.04868341720817,-73.98010439637294,40.77277338604891,3.0
cell_5_2,-145.04868341720817,-73.98010439637294,40.77277338604891,1.0
cell_1_0,-144.15079812305055,-73.98542433128266,40.760774335223395,4.0
cell_1_1,-145.15079812305055,-73.98542433128266,40.760774335223395,14.0
cell_1_2,-143.15079812305055,-73.98542433128266,40.760774335223395,6.0
cell_2_0,-132.40040691802284,-73.98542433128266,40.760774335223395,7.0
cell_2_1,-135.40040691802284,-73.98542433128266,40.760774335223395,1.0
cell_2_2,-136.40040691802284,-73.98542433128266,40.760774335223395,17.0
cell_3_0,-150.58260114206053,-73.98542433128266,40.760774335223395,13.0
cell_3_1,-148.08260114206053,-73.98542433128266,40.760774335223395,8.0
cell_3_2,-154.08260114206053,-73.98542433128266,40.760774335223395,20.0
cell_4_0,-145.97110160631402,-73.98542433128266,40.760774335223395,5.0
cell_4_1,-148.47110160631402,-73.98542433128266,40.760774335223395,16.0
cell_4_2,-148.47110160631402,-73.98542433128266,40.760774335223395,16.0
cell_5_0,-143.541227432317,-73.98542433128266,40.760774335223395,2.0
cell_5_1,-143.041227432317,-73.98542433128266,40.760774335223395,3.0
cell_5_2,-143.041227432317,-73.98542433128266,40.760774335223395,3.0
cell_1_0,-145.84765851300327,-74.01624492933375,40.777051113044706,12.0
cell_1_1,-145.84765851300327,-74.01624492933375,40.777051113044706,4.0
cell_1_2,-146.84765851300327,-74.01624492933375,40.777051113044706,2.0
cell_2_0,-149.3771603984848,-74.01624492933375,40.777051113044706,4.0
cell_2_1,-147.3771603984848,-74.01624492933375,40.777051113044706,8.0
cell_2_2,-150.3771603984848,-74.01624492933375,40.777051113044706,2.0
cell_3_0,-145.37522463311763,-74.01624492933375,40.777051113044706,15.0
cell_3_1,-143.87522463311763,-74.01624492933375,40.777051113044706,12.0
cell_3_2,-144.87522463311763,-74.01624492933375,40.777051113044706,14.0
cell_4_0,-139.32899817483678,-74.01624492933375,40.777051113044706,4.0
cell_4_1,-142.82899817483678,-74.01624492933375,40.777051113044706,19.0
cell_4_2,-142.32899817483678,-74.01624492933375,40.777051113044706,18.0
cell_5_0,-103.16457524278553,-74.01624492933375,40.777051113044706,15.0
cell_5_1,-104.66457524278553,-74.01624492933375,40.777051113044706,18.0
cell_5_2,-103.66457524278553,-74.01624492933375,40.777051113044706,16.0
cell_1_0,-138.91617962010324,-74.01536768620096,40.76408442101202,9.0
cell_1_1,-141.91617962010324,-74.01536768620096,40.76408442101202,1.0
cell_1_2,-138.91617962010324,-74.01536768620096,40.76408442101202,9.0
cell_2_0,-149.77502421913363,-74.01536768620096,40.76408442101202,0.0
cell_2_1,-149.77502421913363,-74.01536768620096,40.76408442101202,16.0
cell_2_2,-148.27502421913363,-74.01536768620096,40.76408442101202,3.0
cell_3_0,-138.90139028533383,-74.01536768620096,40.76408442101202,7.0
cell_3_1,-142.40139028533383,-74.01536768620096,40.76408442101202,16.0
cell_3_2,-142.90139028533383,-74.01536768620096,40.76408442101202,17.0
cell_4_0,-134.47639118277414,-74.01536768620096,40.76408442101202,15.0
cell_4_1,-133.97639118277414,-74.01536768620096,40.76408442101202,2.0
cell_4_2,-131.47639118277414,-74.01536768620096,40.76408442101202,9.0
cell_5_0,-123.5005335586483,-74.01536768620096,40.76408442101202,7.0
cell_5_1,-124.0005335586483,-74.01536768620096,40.76408442101202,10.0
cell_5_2,-125.5005335586483,-74.01536768620096,40.76408442101202,3.0
cell_1_0,-143.96381680679065,-74.03546742873439,40.76813514996547,10.0
cell_1_1,-142.96381680679065,-74.03546742873439,40.76813514996547,8.0
cell_1_2,-145.46381680679065,-74.03546742873439,40.76813514996547,13.0
cell_2_0,-153.5751643879437,-74.03546742873439,40.76813514996547,3.0
cell_2_1,-156.5751643879437,-74.03546742873439,40.76813514996547,19.0
cell_2_2,-157.0751643879437,-74.03546742873439,40.76813514996547,20.0
cell_3_0,-135.0200081676183,-74.03546742873439,40.76813514996547,3.0
cell_3_1,-135.0200081676183,-74.03546742873439,40.76813514996547,3.0
cell_3_2,-136.5200081676183,-74.03546742873439,40.76813514996547,0.0
cell_4_0,-129.52938111087235,-74.03546742873439,40.76813514996547,8.0
cell_4_1,-133.02938111087235,-74.03546742873439,40.76813514996547,15.0
cell_4_2,-134.02938111087235,-74.03546742873439,40.76813514996547,17.0
cell_5_0,-132.20198951188112,-74.03546742873439,40.76813514996547,7.0
cell_5_1,-135.70198951188112,-74.03546742873439,40.76813514996547,16.0
cell_5_2,-135.70198951188112,-74.03546742873439,40.76813514996547,16.0
cell_1_0,-135.38400213411632,-74.0212132131508,40.75190698646358,1.0
cell_1_1,-133.38400213411632,-74.0212132131508,40.75190698646358,5.0
cell_1_2,-133.38400213411632,-74.0212132131508,40.75190698646358,5.0
cell_2_0,-147.56107391089935,-74.0212132131508,40.75190698646358,9.0
cell_2_1,-150.56107391089935,-74.0212132131508,40.75190698646358,1.0
cell_2_2,-151.06107391089935,-74.0212132131508,40.75190698646358,0.0
cell_3_0,-134.85957568060354,-74.0212132131508,40.75190698646358,13.0
cell_3_1,-132.85957568060354,-74.0212132131508,40.75190698646358,7.0
cell_3_2,-132.85957568060354,-74.0212132131508,40.75190698646358,7.0
cell_4_0,-120.58213510902951,-74.0212132131508,40.75190698646358,5.0
cell_4_1,-120.08213510902951,-74.0212132131508,40.75190698646358,10.0
cell_4_2,-122.58213510902951,-74.0212132131508,40.75190698646358,15.0
cell_5_0,-136.967694220595,-74.0212132131508,40.75190698646358,3.0
cell_5_1,-135.967694220595,-74.0212132131508,40.75190698646358,11.0
cell_5_2,-134.967694220595,-74.0212132131508,40.75190698646358,7.0
cell_1_0,-133.48905068042117,-74.01990985272012,40.74874981697643,17.0
cell_1_1,-130.48905068042117,-74.01990985272012,40.74874981697643,5.0
cell_1_2,-128.98905068042117,-74.01990985272012,40.74874981697643,8.0
cell_2_0,-146.71518933952953,-74.01990985272012,40.74874981697643,8.0
cell_2_1,-146.71518933952953,-74.01990985272012,40.74874981697643,8.0
cell_2_2,-150.21518933952953,-74.01990985272012,40.74874981697643,15.0
cell_3_0,-134.59423496508174,-74.01990985272012,40.74874981697643,5.0
cell_3_1,-135.09423496508174,-74.01990985272012,40.74874981697643,4.0
cell_3_2,-136.59423496508174,-74.01990985272012,40.74874981697643,15.0
cell_4_0,-124.67993415378739,-74.01990985272012,40.74874981697643,13.0
cell_4_1,-124.67993415378739,-74.01990985272012,40.74874981697643,3.0
cell_4_2,-122.67993415378739,-74.01990985272012,40.74874981697643,7.0
cell_5_0,-139.7779302531349,-74.01990985272012,40.74874981697643,1.0
cell_5_1,-137.2779302531349,-74.01990985272012,40.74874981697643,10.0
cell_5_2,-139.7779302531349,-74.01990985272012,40.74874981697643,15.0
cell_1_0,-142.18582584635516,-74.04330922320865,40.7443751779997,14.0
cell_1_1,-140.68582584635516,-74.04330922320865,40.7443751779997,5.0
cell_1_2,-144.18582584635516,-74.04330922320865,40.7443751779997,18.0
cell_2_0,-154.3983300110239,-74.04330922320865,40.7443751779997,12.0
cell_2_1,-155.8983300110239,-74.04330922320865,40.7443751779997,15.0
cell_2_2,-155.8983300110239,-74.04330922320865,40.7443751779997,15.0
cell_3_0,-112.14191537195674,-74.04330922320865,40.7443751779997,3.0
cell_3_1,-112.64191537195674,-74.04330922320865,40.7443751779997,14.0
cell_3_2,-113.14191537195674,-74.04330922320865,40.7443751779997,15.0
cell_4_0,-128.9988084109626,-74.04330922320865,40.7443751779997,7.0
cell_4_1,-131.9988084109626,-74.04330922320865,40.7443751779997,15.0
cell_4_2,-133.9988084109626,-74.04330922320865,40.7443751779997,19.0
cell_5_0,-145.71557003031205,-74.04330922320865,40.7443751779997,14.0
cell_5_1,-148.71557003031205,-74.04330922320865,40.7443751779997,20.0
cell_5_2,-146.21557003031205,-74.04330922320865,40.7443751779997,15.0
cell_1_0,-147.7115328350718,-74.05763635867837,40.76141837773505,10.0
cell_1_1,-146.7115328350718,-74.05763635867837,40.76141837773505,8.0
cell_1_2,-147.7115328350718,-74.05763635867837,40.76141837773505,10.0
cell_2_0,-159.04435930933548,-74.05763635867837,40.76141837773505,16.0
cell_2_1,-158.54435930933548,-74.05763635867837,40.76141837773505,15.0
cell_2_2,-156.54435930933548,-74.05763635867837,40.76141837773505,5.0
cell_3_0,-136.81103817375643,-74.05763635867837,40.76141837773505,16.0
cell_3_1,-133.31103817375643,-74.05763635867837,40.76141837773505,9.0
cell_3_2,-136.31103817375643,-74.05763635867837,40.76141837773505,15.0
cell_4_0,-138.97974834340067,-74.05763635867837,40.76141837773505,6.0
cell_4_1,-137.97974834340067,-74.05763635867837,40.76141837773505,8.0
cell_4_2,-138.47974834340067,-74.05763635867837,40.76141837773505,9.0
cell_5_0,-146.11525767320225,-74.05763635867837,40.76141837773505,3.0
cell_5_1,-147.11525767320225,-74.05763635867837,40.76141837773505,1.0
cell_5_2,-145.61525767320225,-74.05763635867837,40.76141837773505,4.0
cell_1_0,-124.71357506415626,-74.02338806128276,40.727690329938596,7.0
cell_1_1,-128.21357506415626,-74.02338806128276,40.727690329938596,0.0
cell_1_2,-127.21357506415626,-74.02338806128276,40.727690329938596,14.0
cell_2_0,-154.49632230127975,-74.02338806128276,40.727690329938596,19.0
cell_2_1,-152.49632230127975,-74.02338806128276,40.727690329938596,15.0
cell_2_2,-150.99632230127975,-74.02338806128276,40.727690329938596,4.0
cell_3_0,-139.88351513462837,-74.02338806128276,40.727690329938596,14.0
cell_3_1,-141.88351513462837,-74.02338806128276,40.727690329938596,18.0
cell_3_2,-140.38351513462837,-74.02338806128276,40.727690329938596,15.0
cell_4_0,-140.7535546807173,-74.02338806128276,40.727690329938596,18.0
cell_4_1,-139.7535546807173,-74.02338806128276,40.727690329938596,0.0
cell_4_2,-137.2535546807173,-74.02338806128276,40.727690329938596,11.0
cell_5_0,-147.30597468078895,-74.02338806128276,40.727690329938596,4.0
cell_5_1,-151.30597468078895,-74.02338806128276,40.727690329938596,20.0
cell_5_2,-147.80597468078895,-74.02338806128276,40.727690329938596,13.0
cell_1_0,-149.94118607807147,-74.03269916450574,40.78707871751264,12.0
cell_1_1,-149.44118607807147,-74.03269916450574,40.78707871751264,11.0
cell_1_2,-149.94118607807147,-74.03269916450574,40.78707871751264,4.0
cell_2_0,-152.96719652811566,-74.03269916450574,40.78707871751264,6.0
cell_2_1,-151.96719652811566,-74.03269916450574,40.78707871751264,8.0
cell_2_2,-154.46719652811566,-74.03269916450574,40.78707871751264,13.0
cell_3_0,-142.99749787706438,-74.03269916450574,40.78707871751264,7.0
cell_3_1,-142.99749787706438,-74.03269916450574,40.78707871751264,9.0
cell_3_2,-146.49749787706438,-74.03269916450574,40.78707871751264,16.0
cell_4_0,-146.59175258079964,-74.03269916450574,40.78707871751264,20.0
cell_4_1,-143.09175258079964,-74.03269916450574,40.78707871751264,3.0
cell_4_2,-143.09175258079964,-74.03269916450574,40.78707871751264,13.0
cell_5_0,-136.3846135863603,-74.03269916450574,40.78707871751264,17.0
cell_5_1,-132.8846135863603,-74.03269916450574,40.78707871751264,10.0
cell_5_2,-132.8846135863603,-74.03269916450574,40.78707871751264,6.0
cell_1_0,-149.95672812524734,-73.97745313038202,40.77545276554187,3.0
cell_1_1,-148.95672812524734,-73.97745313038202,40.77545276554187,11.0
cell_1_2,-151.95672812524734,-73.97745313038202,40.77545276554187,17.0
cell_2_0,-139.73846255975167,-73.97745313038202,40.77545276554187,0.0
cell_2_1,-139.73846255975167,-73.97745313038202,40.77545276554187,0.0
cell_2_2,-137.73846255975167,-73.97745313038202,40.77545276554187,12.0
cell_3_0,-152.00402509332656,-73.97745313038202,40.77545276554187,6.0
cell_3_1,-153.50402509332656,-73.97745313038202,40.77545276554187,13.0
cell_3_2,-151.50402509332656,-73.97745313038202,40.77545276554187,7.0
cell_4_0,-149.07820965637637,-73.97745313038202,40.77545276554187,10.0
cell_4_1,-152.07820965637637,-73.97745313038202,40.77545276554187,16.0
cell_4_2,-149.07820965637637,-73.97745313038202,40.77545276554187,10.0
cell_5_0,-146.0738003875108,-73.97745313038202,40.77545276554187,1.0
cell_5_1,-145.0738003875108,-73.97745313038202,40.77545276554187,13.0
cell_5_2,-145.0738003875108,-73.97745313038202,40.77545276554187,3.0
cell_1_0,-115.79567589653169,-74.0101867697526,40.73837798533511,1.0
cell_1_1,-112.79567589653169,-74.0101867697526,40.73837798533511,9.0
cell_1_2,-118.29567589653169,-74.0101867697526,40.73837798533511,20.0
cell_2_0,-145.29436764335526,-74.0101867697526,40.73837798533511,6.0
cell_2_1,-144.29436764335526,-74.0101867697526,40.73837798533511,8.0
cell_2_2,-146.29436764335526,-74.0101867697526,40.73837798533511,12.0
cell_3_0,-143.06203328379203,-74.0101867697526,40.73837798533511,15.0
cell_3_1,-142.56203328379203,-74.0101867697526,40.73837798533511,2.0
cell_3_2,-144.06203328379203,-74.0101867697526,40.73837798533511,17.0
cell_4_0,-135.3653316746483,-74.0101867697526,40.73837798533511,9.0
cell_4_1,-137.8653316746483,-74.0101867697526,40.73837798533511,2.0
cell_4_2,-136.3653316746483,-74.0101867697526,40.73837798533511,11.0
cell_5_0,-144.05334864640673,-74.0101867697526,40.73837798533511,3.0
cell_5_1,-143.55334864640673,-74.0101867697526,40.73837798533511,4.0
cell_5_2,-143.05334864640673,-74.0101867697526,40.73837798533511,11.0
cell_1_0,-142.45877056889972,-74.0031775623523,40.763595797779864,1.0
cell_1_1,-140.45877056889972,-74.0031775623523,40.763595797779864,11.0
cell_1_2,-141.95877056889972,-74.0031775623523,40.763595797779864,2.0
cell_2_0,-147.57701252360894,-74.0031775623523,40.763595797779864,20.0
cell_2_1,-141.57701252360894,-74.0031775623523,40.763595797779864,8.0
cell_2_2,-142.07701252360894,-74.0031775623523,40.763595797779864,7.0
cell_3_0,-146.01945134077883,-74.0031775623523,40.763595797779864,2.0
cell_3_1,-144.01945134077883,-74.0031775623523,40.763595797779864,10.0
cell_3_2,-148.01945134077883,-74.0031775623523,40.763595797779864,18.0
cell_4_0,-142.17384489093726,-74.0031775623523,40.763595797779864,17.0
cell_4_1,-143.17384489093726,-74.0031775623523,40.763595797779864,19.0
cell_4_2,-142.67384489093726,-74.0031775623523,40.763595797779864,18.0
cell_5_0,-132.04887515515264,-74.0031775623523,40.763595797779864,5.0
cell_5_1,-133.54887515515264,-74.0031775623523,40.763595797779864,14.0
cell_5_2,-134.54887515515264,-74.0031775623523,40.763595797779864,0.0
cell_1_0,-146.97011254217966,-74.0407357557701,40.76775281969456,14.0
cell_1_1,-147.47011254217966,-74.0407357557701,40.76775281969456,1.0
cell_1_2,-147.47011254217966,-74.0407357557701,40.76775281969456,15.0
cell_2_0,-157.6406835877589,-74.0407357557701,40.76775281969456,19.0
cell_2_1,-157.1406835877589,-74.0407357557701,40.76775281969456,18.0
cell_2_2,-155.6406835877589,-74.0407357557701,40.76775281969456,1.0
cell_3_0,-134.10388207115065,-74.0407357557701,40.76775281969456,13.0
cell_3_1,-133.10388207115065,-74.0407357557701,40.76775281969456,11.0
cell_3_2,-137.60388207115065,-74.0407357557701,40.76775281969456,20.0
cell_4_0,-133.34446590190421,-74.0407357557701,40.76775281969456,4.0
cell_4_1,-132.84446590190421,-74.0407357557701,40.76775281969456,11.0
cell_4_2,-132.34446590190421,-74.0407357557701,40.76775281969456,6.0
cell_5_0,-137.25119951640534,-74.0407357557701,40.76775281969456,12.0
cell_5_1,-136.25119951640534,-74.0407357557701,40.76775281969456,10.0
cell_5_2,-137.25119951640534,-74.0407357557701,40.76775281969456,12.0
cell_1_0,-150.63863375897557,-73.96899542896642,40.77334233362437,12.0
cell_1_1,-151.13863375897557,-73.96899542896642,40.77334233362437,13.0
cell_1_2,-151.13863375897557,-73.96899542896642,40.77334233362437,3.0
cell_2_0,-137.13492144156595,-73.96899542896642,40.77334233362437,16.0
cell_2_1,-133.63492144156595,-73.96899542896642,40.77334233362437,7.0
cell_2_2,-136.63492144156595,-73.96899542896642,40.77334233362437,1.0
cell_3_0,-153.9961568371393,-73.96899542896642,40.77334233362437,11.0
cell_3_1,-158.4961568371393,-73.96899542896642,40.77334233362437,20.0
cell_3_2,-152.4961568371393,-73.96899542896642,40.77334233362437,8.0
cell_4_0,-155.85864876018277,-73.96899542896642,40.77334233362437,20.0
cell_4_1,-149.85864876018277,-73.96899542896642,40.77334233362437,8.0
cell_4_2,-151.35864876018277,-73.96899542896642,40.77334233362437,5.0
cell_5_0,-150.5109232379427,-73.96899542896642,40.77334233362437,18.0
cell_5_1,-150.0109232379427,-73.96899542896642,40.77334233362437,17.0
cell_5_2,-146.0109232379427,-73.96899542896642,40.77334233362437,7.0
