mock_ue_id,lon,lat,tick
0,-74.01981188982813,40.704179767633335,0
1,-73.95808447868649,40.78835279260651,0
2,-73.97187046608407,40.77095775796067,0
3,-74.03886995695453,40.717314410204565,0
4,-73.95020010923058,40.70918445126808,0
5,-73.96209666387001,40.7184047589542,0
6,-74.02158014542522,40.79793503805197,0
7,-73.96629179915138,40.74582575474766,0
8,-74.03928246454635,40.77840531146019,0
9,-73.95008858184264,40.76364167652222,0
10,-73.98339658857223,40.75725831101575,0
11,-73.98497863469238,40.714499437601454,0
12,-74.0410123494273,40.794581904418585,0
13,-73.96030828701242,40.730193966553266,0
14,-74.04712177688847,40.75783892289326,0
15,-74.02589495998575,40.77001990490755,0
16,-74.03566897912681,40.76485539371022,0
17,-73.97231975215419,40.79413461090661,0
18,-74.03009442840855,40.71485177676522,0
19,-73.95894572536318,40.75085339684927,0
20,-73.9843978008585,40.740434656540685,0
21,-74.0463821425068,40.74741523095035,0
22,-74.04943847383568,40.71194853239649,0
23,-74.04490764583426,40.7133555107283,0
24,-73.98943867712252,40.72777838117299,0
25,-73.96990797278742,40.73053421953677,0
26,-74.02623652283013,40.74281486116765,0
27,-73.96504808058162,40.761098440144345,0
28,-74.0442730964007,40.76343637474485,0
29,-73.96987415665686,40.741107980823735,0
30,-73.95719299869982,40.74094479603079,0
31,-73.97278468649166,40.721778398944345,0
32,-73.98025895655958,40.75889103115395,0
33,-73.96621413927208,40.73168922258731,0
34,-74.04589846206062,40.70361181648904,0
35,-74.02980630180389,40.74189887352186,0
36,-74.03750118927427,40.74741429161213,0
37,-73.99951752598626,40.72260807942829,0
38,-73.97552980162577,40.757162511326854,0
39,-73.98703915798782,40.75664414692263,0
40,-73.96482115782312,40.770195722970854,0
41,-74.03453443113492,40.76477439974316,0
42,-73.97656627807825,40.76528862012789,0
43,-74.03068970836992,40.73162104118847,0
44,-74.02291077395805,40.7787596942163,0
45,-73.97907922360443,40.75493793552835,0
46,-73.95199562099144,40.743154705562276,0
47,-73.98886095961663,40.762592819556126,0
48,-74.04455081107028,40.73609088252601,0
49,-73.9883555441594,40.75126793311276,0
50,-73.96485869175606,40.72151084272769,0
51,-74.01411834279851,40.732039737031755,0
52,-73.96550865495817,40.79383970298521,0
53,-74.0210982041408,40.70475038056131,0
54,-73.99101944364388,40.74508897034099,0
55,-74.01047116454338,40.769768792771686,0
56,-74.02221868032396,40.71362319865232,0
57,-73.96214446867245,40.70436125111107,0
58,-74.0305651715787,40.71434186630202,0
59,-74.04046850784343,40.79115856491059,0
60,-74.01519845340914,40.70024035821948,0
61,-73.97780163108504,40.71743861748274,0
62,-73.96840824089415,40.70374377457927,0
63,-73.9501329666388,40.71194073615737,0
64,-74.02042557156773,40.76047939448704,0
65,-74.00828321755574,40.724298982332996,0
66,-74.03529884010506,40.756787424487335,0
67,-73.99317412362893,40.75966326775406,0
68,-73.95041299868886,40.78406767844281,0
69,-73.97929047244035,40.70005612926302,0
70,-73.99114465152655,40.78585598338955,0
71,-74.01115856055829,40.76276435480049,0
72,-73.95912366818969,40.71574234053515,0
73,-74.00141997071893,40.77667358501249,0
74,-74.03769465835909,40.786275735711456,0
75,-74.01435676673123,40.72476100693461,0
76,-74.04231465853854,40.791462938138466,0
77,-74.03098092399851,40.745688783317654,0
78,-74.04774049280284,40.761759247619246,0
79,-74.00573357971967,40.79949749718114,0
80,-73.9872026979537,40.73666894341428,0
81,-74.01502853616901,40.78200944535909,0
82,-74.00744683545375,40.73268471485044,0
83,-73.95447854855448,40.77900514296012,0
84,-73.97547372852475,40.76113690474163,0
85,-73.99482651604075,40.7213187752723,0
86,-74.02151215002428,40.7422413334034,0
87,-73.95940695393588,40.732403453246505,0
88,-74.02646344827005,40.706592132467435,0
89,-74.01681934576803,40.70238435498734,0
90,-73.95935126507993,40.736091808649746,0
91,-73.99679625820812,40.702707137908895,0
92,-73.97516345754838,40.71796492929174,0
93,-73.9917964145519,40.77239710707637,0
94,-73.98610199419896,40.771099883657165,0
95,-74.02015189845523,40.775377484574385,0
96,-74.02434249994273,40.73215879712934,0
97,-74.01918264862836,40.78916921896276,0
98,-74.03307848328642,40.75902324319498,0
99,-73.9633239829789,40.7115275052491,0
100,-74.02309793657398,40.714412042126376,0
101,-73.99315423295688,40.76989113092382,0
102,-73.97082136764314,40.71852310410036,0
103,-73.97195390026828,40.75189302792906,0
104,-74.00602334998592,40.79769781356188,0
105,-74.00153793799731,40.70041778133214,0
106,-73.95037329476752,40.701015954367094,0
107,-73.98123476221183,40.79918148195416,0
108,-73.96752919710033,40.758351860306824,0
109,-73.9588722603843,40.71242562173496,0
110,-73.97017707103646,40.790245834079094,0
111,-74.03074749961819,40.78890131517276,0
112,-73.99411382952381,40.75454891676764,0
113,-74.04084472061201,40.761822245431716,0
114,-73.98381139932236,40.72794432816907,0
115,-73.95386373581819,40.70417661309189,0
116,-73.9995464914026,40.75871786644639,0
117,-74.00800385042632,40.729120769919014,0
118,-74.0458893416384,40.76725615690373,0
119,-73.95405443626295,40.78518327787867,0
120,-74.03888080639632,40.70311208331109,0
121,-74.04518413458364,40.75862144093052,0
122,-74.0263106535586,40.72259154529336,0
123,-74.04356155983244,40.78616585980799,0
124,-74.00491000872,40.72678387199845,0
125,-73.99930379609367,40.762033608008586,0
126,-74.01993616715082,40.7561665465802,0
127,-74.0448268442812,40.73839289901501,0
128,-74.03865709379903,40.766468605223444,0
129,-74.01127334974855,40.77356978138454,0
130,-74.0426518249224,40.75619535506789,0
131,-73.97948253256517,40.77650358751155,0
132,-74.02822079115212,40.797518278301446,0
133,-74.01859073924462,40.74280519240938,0
134,-74.01067004704575,40.7523602106838,0
135,-74.00760321206516,40.70018559994663,0
136,-74.0494583860443,40.78039435896038,0
137,-74.03997490817655,40.75273643911103,0
138,-73.964548437764,40.741064973852076,0
139,-74.04983056518816,40.710955261060185,0
140,-73.99940819579909,40.788083955247096,0
141,-74.000118079429,40.73824067894393,0
142,-74.01567457307985,40.76723671003874,0
143,-74.00754585703429,40.7160167876344,0
144,-73.97334127757297,40.795880257503214,0
145,-73.96586525023218,40.71928019606458,0
146,-74.02391425515052,40.72151018894509,0
147,-74.01722036630169,40.78674910646397,0
148,-74.02456892662805,40.79079013891085,0
149,-74.0013457700867,40.72064784738125,0
150,-73.98145300227411,40.74570621206041,0
151,-73.96461509508784,40.717913021775715,0
152,-74.02935514673364,40.723587717847074,0
153,-74.0344139846445,40.7696534375189,0
154,-73.96729457482128,40.72689044385889,0
155,-73.96632889585963,40.777282794695054,0
156,-73.99804585382185,40.75255089430439,0
157,-73.96705130412529,40.759572825647155,0
158,-74.03748866100021,40.7851795023616,0
159,-74.00943069953041,40.775100028479415,0
160,-73.9805208715682,40.704926750806244,0
161,-74.02280479803697,40.70784274475938,0
162,-73.97262359851817,40.76257771652342,0
163,-73.99755372165271,40.746176094708574,0
164,-73.97682068816285,40.7299188535565,0
165,-74.00599203642844,40.74481054170079,0
166,-74.00893245945433,40.7773390988623,0
167,-74.03079339424238,40.78605236151012,0
168,-74.02950276338281,40.75977372225573,0
169,-73.97853752945183,40.73546814516971,0
170,-74.03685717254598,40.73141814967777,0
171,-74.0386966486624,40.74990678218332,0
172,-74.02900065340204,40.72988043012986,0
173,-74.02952726077078,40.758539398250576,0
174,-73.96510067324388,40.76973647929613,0
175,-74.00768177185215,40.70879238422779,0
176,-73.95452188899642,40.70321891677536,0
177,-74.03348657047847,40.723915636509346,0
178,-73.9823866786434,40.786437354413216,0
179,-74.00500737982735,40.76017131088936,0
180,-74.00896440161058,40.71347873094123,0
181,-73.96729868855695,40.78823215417078,0
182,-73.9521191736731,40.74690038606393,0
183,-73.95890687866208,40.74869391055641,0
184,-74.04216489511387,40.7687675972799,0
185,-73.98275255259101,40.7330332928724,0
186,-73.98787619163478,40.740206776097224,0
187,-74.00975875279006,40.74504973186604,0
188,-73.96383012477602,40.710380352695445,0
189,-73.9506630937433,40.79254193305797,0
190,-73.95641436268224,40.793421372832306,0
191,-74.02728499721222,40.73815346017344,0
192,-73.99746092517655,40.74063393776131,0
193,-73.9517267769127,40.794716250899,0
194,-74.00304988692184,40.70086884158851,0
195,-74.04966297154351,40.75868840113749,0
196,-73.96408723649344,40.73396861604186,0
197,-73.99078635084092,40.76722308093026,0
198,-73.98321679956899,40.722088184769035,0
199,-73.95860311022167,40.75723950596832,0
0,-74.01962103256332,40.70305631475545,1
1,-73.9579710099194,40.78846025065148,1
2,-73.97204663059411,40.77158538361446,1
3,-74.03849418230989,40.71724575512966,1
4,-73.9503766236248,40.70930924554842,1
5,-73.9629201832088,40.71919140664031,1
6,-74.02193945823156,40.797855470493765,1
7,-73.96620296941127,40.746151603752246,1
8,-74.03986936999502,40.77882167446457,1
9,-73.95113046654129,40.762352541379336,1
10,-73.98339751034622,40.756752215587916,1
11,-73.98467255681297,40.71561023558296,1
12,-74.04156069301429,40.794266718826954,1
13,-73.9605391210779,40.730221010565764,1
14,-74.04716861352995,40.757772726324944,1
15,-74.02602017692203,40.76999459968534,1
16,-74.03564914303237,40.764672390645714,1
17,-73.97234572013448,40.79407430172534,1
18,-74.03058065234549,40.7144781095264,1
19,-73.95866088395296,40.75048050643002,1
20,-73.9846206217577,40.74007946389009,1
21,-74.0466208050615,40.747529201484895,1
22,-74.04908531933586,40.712172433621184,1
23,-74.04492371786654,40.71305945759739,1
24,-73.98813962106607,40.72820472559078,1
25,-73.96991480061051,40.73055787494046,1
26,-74.02654231677334,40.742779938749514,1
27,-73.9654965244959,40.76085341136892,1
28,-74.04457210865245,40.76405641934273,1
29,-73.97053914631063,40.740442173329924,1
30,-73.95718000118868,40.74163238211735,1
31,-73.97272998170607,40.721813773795,1
32,-73.98053730009815,40.75905852516301,1
33,-73.96626850068448,40.73169474077448,1
34,-74.04631113227177,40.70344860361741,1
35,-74.02930764062879,40.74236784023309,1
36,-74.03787772826766,40.74775194227469,1
37,-73.99952006653135,40.72255448470703,1
38,-73.97572361604487,40.756649089197,1
39,-73.98700396186375,40.75634441550116,1
40,-73.96470503542236,40.770353766378044,1
41,-74.03359151732774,40.764818157171895,1
42,-73.97662155141832,40.76537263901642,1
43,-74.0305034868705,40.73164453507073,1
44,-74.02345021316341,40.778492190467105,1
45,-73.9792842986007,40.75493768320465,1
46,-73.95149972331888,40.74230096973582,1
47,-73.9879741603957,40.76278905253693,1
48,-74.04385480117026,40.735621592682854,1
49,-73.98827578223515,40.75109573635856,1
50,-73.96527938552047,40.72038014225259,1
51,-74.01592929994669,40.72990684071941,1
52,-73.96628429704218,40.79454078564797,1
53,-74.02237625313987,40.70461733516513,1
54,-73.990503509084,40.744440839979795,1
55,-74.00953277313228,40.76866434867159,1
56,-74.02172224584687,40.71225293005205,1
57,-73.96333416389383,40.70425059319008,1
58,-74.02965880830065,40.715733298698765,1
59,-74.03910045581505,40.78916612546205,1
60,-74.0144479806575,40.700606382017305,1
61,-73.97624449359576,40.71640642339054,1
62,-73.9681645684196,40.703803668574,1
63,-73.95036217948694,40.712763623947424,1
64,-74.01951513907287,40.75848955665991,1
65,-74.00695042845422,40.723542754710486,1
66,-74.03429410479832,40.757395440752106,1
67,-73.99464784831547,40.76009974470352,1
68,-73.95056322249361,40.782844463258385,1
69,-73.97874657472468,40.701500076675444,1
70,-73.99146681554745,40.78684986314705,1
71,-74.01120142540202,40.763456306536646,1
72,-73.95965017977889,40.714804665452384,1
73,-74.00067138255724,40.7765579915266,1
74,-74.03924713026855,40.78670167502533,1
75,-74.01297828904161,40.72445153097322,1
76,-74.04243390991346,40.79153562482229,1
77,-74.03248525664699,40.74588141179193,1
78,-74.04953058484125,40.76214339278622,1
79,-74.00562930576405,40.79983504786098,1
80,-73.98752289017374,40.73655042997762,1
81,-74.01389214680995,40.78352557495668,1
82,-74.0072770641212,40.733316346924695,1
83,-73.95530395858835,40.77658878010492,1
84,-73.97643372267616,40.761946276868585,1
85,-73.99351704055965,40.72078072640524,1
86,-74.02312545204263,40.74335368009805,1
87,-73.95827230152136,40.73276105296626,1
88,-74.0260848021503,40.706229105893065,1
89,-74.01652296248322,40.70163556196411,1
90,-73.95954521094839,40.73752080234911,1
91,-73.99688610117892,40.70265484924014,1
92,-73.97504323462861,40.71932224320955,1
93,-73.99194903114741,40.772065452064005,1
94,-73.9881504384487,40.77162738665223,1
95,-74.0200328210483,40.77691899453884,1
96,-74.02311701569691,40.73150765763224,1
97,-74.02049924344749,40.78954091035829,1
98,-74.0327467927487,40.75748032785795,1
99,-73.96497368278199,40.71097008809716,1
100,-74.02382245281704,40.71431813950775,1
101,-73.99316140026124,40.77007700147353,1
102,-73.97266522071817,40.71776347652586,1
103,-73.97183841957418,40.75281149955411,1
104,-74.00557670299276,40.7974633633486,1
105,-74.0003231579922,40.70042362922272,1
106,-73.95069848033278,40.70007063152359,1
107,-73.98098876654933,40.79923205291995,1
108,-73.96635973759544,40.75827233597933,1
109,-73.95748471735716,40.71211704322552,1
110,-73.96875577328291,40.79048742566483,1
111,-74.02918444325222,40.78873997535516,1
112,-73.99410508749379,40.75455873988754,1
113,-74.04178089647458,40.760886906697,1
114,-73.98300387559043,40.728302649733415,1
115,-73.95372710542327,40.703462048623706,1
116,-74.00080742562312,40.757567691018934,1
117,-74.00962840163842,40.72739040152316,1
118,-74.04498619718612,40.76935039153301,1
119,-73.95301562344616,40.78742422120518,1
120,-74.03929196975271,40.70450991957792,1
121,-74.0437741541814,40.75885442631509,1
122,-74.02733621533666,40.72137132821604,1
123,-74.04284113657717,40.785068987953956,1
124,-74.0063423410393,40.7274254170837,1
125,-74.00119593975437,40.762082791667204,1
126,-74.02131782963552,40.75640706728849,1
127,-74.04449555866016,40.737752613605764,1
128,-74.0381680447838,40.76557442606641,1
129,-74.01001215456563,40.77432439096399,1
130,-74.04127152751556,40.756359204577684,1
131,-73.97830451958336,40.77628772091816,1
132,-74.02756669982473,40.795819788756155,1
133,-74.01854545859157,40.744033235365386,1
134,-74.01156171688314,40.75347768840166,1
135,-74.00605261108926,40.70028792643477,1
136,-74.04944624503511,40.78041096751525,1
137,-74.04051612640022,40.7550539110947,1
138,-73.9650098771736,40.7413061569684,1
139,-74.049847005435,40.711356992973144,1
140,-73.9994442280369,40.787901581865135,1
141,-73.99926785759484,40.73811334985198,1
142,-74.01492487584152,40.76596429029129,1
143,-74.00832820771224,40.71676886613337,1
144,-73.9743930477165,40.796442749231446,1
145,-73.96642004423659,40.72106122036899,1
146,-74.02385952542039,40.7233016473409,1
147,-74.01614458233732,40.787328044342765,1
148,-74.02323454074262,40.789989798540354,1
149,-74.00046780273537,40.71968517000011,1
150,-73.98145044479409,40.74587369288999,1
151,-73.96203408362547,40.72057192210733,1
152,-74.02472402305366,40.72377150984519,1
153,-74.03612210887145,40.772986595743724,1
154,-73.97084401998853,40.72442860448385,1
155,-73.9672487898262,40.78162393130087,1
156,-74.00088054574069,40.74952384851454,1
157,-73.96606928290196,40.76326507635651,1
158,-74.03477983579788,40.78681432491005,1
159,-74.0062322909446,40.77791255100755,1
160,-73.98560807936109,40.705062982347215,1
161,-74.02276826091132,40.710532885824854,1
162,-73.97162121879336,40.76567203563444,1
163,-73.99404525171073,40.746839811945236,1
164,-73.98152808347983,40.73050721640966,1
165,-74.00806728204518,40.74926306209927,1
166,-74.00446577323784,40.78043266107116,1
167,-74.03166985226085,40.78959427930291,1
168,-74.03002963782045,40.7645786199839,1
169,-73.98279552360043,40.73424982562687,1
170,-74.04077322620351,40.73491332430115,1
171,-74.03546482051479,40.748347850503485,1
172,-74.02614556543872,40.727956473233,1
173,-74.02925084815894,40.76089973926668,1
174,-73.96294120230226,40.76737991357951,1
175,-74.00594654706956,40.70741540167362,1
176,-73.95599032775952,40.702125435520884,1
177,-74.03008338854475,40.727478003437,1
178,-73.98004341985481,40.78423683181891,1
179,-74.00864141175596,40.75724052974886,1
180,-74.00748676553512,40.710192208714375,1
181,-73.9673829001619,40.783796100432255,1
182,-73.95222591948858,40.74956524959498,1
183,-73.95527782671091,40.75020748676065,1
184,-74.0464311614711,40.76176273614368,1
185,-73.98939099797192,40.72093673008359,1
186,-73.97555840873574,40.74009932517492,1
187,-74.02146178097138,40.752916241682136,1
188,-73.9744958750809,40.71193221165216,1
189,-73.95441496979123,40.7954504751332,1
190,-73.95324692731506,40.79974634554382,1
191,-74.03025525247894,40.74987084808628,1
192,-73.99026180664556,40.75094974620004,1
193,-73.95264475974221,40.793854186766104,1
194,-73.99419646482417,40.70511114149739,1
195,-74.03925111484345,40.762557374505874,1
196,-73.96932294958272,40.72193160656345,1
197,-73.98239737273354,40.775192576518045,1
198,-73.98103794713585,40.73280814771684,1
199,-73.9580387422178,40.745239205806605,1
0,-74.01957226193885,40.70350561322352,2
1,-73.95803761330534,40.78792087099229,2
2,-73.97208340041311,40.77161196927402,2
3,-74.0376534467693,40.71828761638243,2
4,-73.95041897172896,40.709314282580195,2
5,-73.96289590728587,40.7195344555123,2
6,-74.02246939486159,40.797803785541255,2
7,-73.96622286065379,40.746171725388486,2
8,-74.04038892680919,40.77875552035892,2
9,-73.95108373691568,40.76253961101677,2
10,-73.98297882540635,40.757203781444616,2
11,-73.98347254833858,40.71786514891658,2
12,-74.042119088609,40.79436032501279,2
13,-73.96052919816746,40.73025200626189,2
14,-74.0470203095723,40.756548784518664,2
15,-74.02599910897749,40.770008564879056,2
16,-74.03561225835045,40.7654076991754,2
17,-73.97176783233753,40.79358441605388,2
18,-74.03060781261559,40.71449261109695,2
19,-73.95906061268174,40.75057226663398,2
20,-73.9845117425192,40.74033283040812,2
21,-74.04769555374327,40.74795130253925,2
22,-74.04923290028255,40.71220210126762,2
23,-74.04467680251386,40.71260860627745,2
24,-73.98871479082638,40.72793763589491,2
25,-73.97078384501614,40.73158447225566,2
26,-74.02653514436294,40.742995944717045,2
27,-73.96560213933823,40.760492101598004,2
28,-74.0445665611894,40.76398868707656,2
29,-73.97139308892204,40.73922522265499,2
30,-73.95736352932454,40.74123307866929,2
31,-73.97265538468548,40.7220681876921,2
32,-73.98058922313474,40.759101915253765,2
33,-73.96596691542152,40.7317305551432,2
34,-74.0465006170741,40.70289950674053,2
35,-74.02881437504645,40.74306496516479,2
36,-74.03798924324951,40.747339850241,2
37,-73.99941596615935,40.72299555979812,2
38,-73.97548960338976,40.756418257100584,2
39,-73.9867489552239,40.75595275019043,2
40,-73.96477701664871,40.77021178524148,2
41,-74.0346438118422,40.76514713849334,2
42,-73.97659742868068,40.76653570384317,2
43,-74.02959207754218,40.73197809041593,2
44,-74.02331262881148,40.77913488257285,2
45,-73.97883726603882,40.75487738080444,2
46,-73.95130951575533,40.74334492560481,2
47,-73.98702598410635,40.76216506112707,2
48,-74.04435659321871,40.73466528341063,2
49,-73.98831036393973,40.7510204115147,2
50,-73.96577925190769,40.71913703963508,2
51,-74.01509864146409,40.72710179776786,2
52,-73.96708071966012,40.795292318723504,2
53,-74.02211299490197,40.704284392214426,2
54,-73.99091902456,40.74378462339709,2
55,-74.0091289951147,40.76741786750812,2
56,-74.0192913520962,40.71065785876818,2
57,-73.9633431083683,40.70427922009059,2
58,-74.02918088493658,40.71659601673625,2
59,-74.03607456739823,40.78928105751044,2
60,-74.0134606105996,40.70150630321917,2
61,-73.97448870860705,40.71534008169639,2
62,-73.96743660377673,40.70376514973745,2
63,-73.95026197398626,40.713872352672475,2
64,-74.02143794670083,40.757051226848304,2
65,-74.0071092606065,40.72289023022519,2
66,-74.03317881557828,40.7586909079493,2
67,-73.99474562078025,40.760360734089964,2
68,-73.95115096886789,40.78169625043951,2
69,-73.97739008957487,40.70151355095992,2
70,-73.99128170233882,40.78733320030691,2
71,-74.01130339299245,40.764250566803014,2
72,-73.96014301183598,40.7146159282166,2
73,-74.00023272478913,40.77676434176558,2
74,-74.04047245536006,40.78683180508514,2
75,-74.01214828037976,40.72483380301395,2
76,-74.04178565325712,40.7913269729835,2
77,-74.03282303169932,40.74543059863569,2
78,-74.04904420821899,40.7642465834661,2
79,-74.00572083197396,40.79959203697134,2
80,-73.987681147382,40.73643520563444,2
81,-74.0140698513869,40.78449667968272,2
82,-74.00556559849194,40.73362912407291,2
83,-73.9564139105868,40.77491866546231,2
84,-73.97753921109884,40.7618505234306,2
85,-73.99189735155151,40.72080565163897,2
86,-74.02309140974548,40.74330378658774,2
87,-73.95721191799157,40.73310378692885,2
88,-74.02575143481644,40.70399817726128,2
89,-74.0158523559739,40.70098398867352,2
90,-73.95951656388348,40.73902201158885,2
91,-73.99640278925136,40.70322647590242,2
92,-73.97464888828618,40.72135611019383,2
93,-73.9911982017315,40.77219366619255,2
94,-73.98877349127541,40.7715374049407,2
95,-74.02155308591618,40.776204470494534,2
96,-74.02288411314215,40.7305450192,2
97,-74.02281212256567,40.78947437403011,2
98,-74.03244587543095,40.75623361525089,2
99,-73.96506819429689,40.71080829499336,2
100,-74.02402015751188,40.71430177508017,2
101,-73.99301304049521,40.76872692241455,2
102,-73.97407568907826,40.71743015038046,2
103,-73.9720352783717,40.753728634293104,2
104,-74.00488899232934,40.79732662500511,2
105,-73.99909137117493,40.70124178560335,2
106,-73.95027840392322,40.701985849025164,2
107,-73.9803575975522,40.79943614747615,2
108,-73.96666551975608,40.75803628493378,2
109,-73.9567647190102,40.71069458976073,2
110,-73.9671185800985,40.7900417957789,2
111,-74.02779657472442,40.78946705784044,2
112,-73.9938657601161,40.75571379817859,2
113,-74.04207348193142,40.76061171336614,2
114,-73.98228703846789,40.730572120316765,2
115,-73.95389648157737,40.70330638541342,2
116,-74.00111316694563,40.755667918660585,2
117,-74.01021932663697,40.72703029890797,2
118,-74.04440429479264,40.77018151613492,2
119,-73.95013087414702,40.78846016671621,2
120,-74.03956568883615,40.70579540982321,2
121,-74.04465479608335,40.75718345436541,2
122,-74.02794620740654,40.72000918241892,2
123,-74.04369178449615,40.78422597968179,2
124,-74.00803704324564,40.72922102022508,2
125,-74.00246267929248,40.762774861088154,2
126,-74.0214902245846,40.75632900350351,2
127,-74.0444347115412,40.73734003195017,2
128,-74.03841481860937,40.76404963278006,2
129,-74.00872761613627,40.775144723938055,2
130,-74.04105114812107,40.75656753254186,2
131,-73.97784795041593,40.77664205884432,2
132,-74.02713193921826,40.79471749660777,2
133,-74.01787444347812,40.74491182328196,2
134,-74.01142305148277,40.75364120123264,2
135,-74.0050812105657,40.70011094927454,2
136,-74.04950174689924,40.780421386579874,2
137,-74.042719653956,40.7560415414179,2
138,-73.96620507455512,40.741687985942896,2
139,-74.04928202608232,40.71127972064699,2
140,-73.99967440267278,40.78774873874054,2
141,-73.99819571485145,40.73736001256913,2
142,-74.01408079844406,40.76625593280955,2
143,-74.00871299456811,40.71679283135266,2
144,-73.97492435945533,40.796830935810625,2
145,-73.9667792359573,40.72221767389817,2
146,-74.02383327309471,40.72416973010894,2
147,-74.01543112688103,40.7883231829396,2
148,-74.02210646246256,40.78843665006684,2
149,-74.00047462244784,40.71969261897124,2
150,-73.98194744159058,40.745574460355265,2
151,-73.96183595625222,40.72418419351756,2
152,-74.02005696901062,40.72326816404673,2
153,-74.03726811024113,40.776596605239625,2
154,-73.97169821146247,40.72154562543894,2
155,-73.96636469407424,40.786470221391966,2
156,-74.00474340549339,40.747044603063436,2
157,-73.96247673441938,40.76235286436133,2
158,-74.03303151270707,40.78970669131582,2
159,-74.00433192701871,40.78047404779624,2
160,-73.98806224606788,40.70855154659441,2
161,-74.02237798555349,40.713095660910504,2
162,-73.96835553194354,40.76814188376373,2
163,-73.9918262332644,40.74492648003544,2
164,-73.98639599152666,40.73152625951986,2
165,-74.00665294430429,40.75300664728993,2
166,-74.00260512958549,40.78524850522964,2
167,-74.02976798305002,40.79299641382562,2
168,-74.0283282834578,40.7691261354596,2
169,-73.98175460875169,40.73013724190491,2
170,-74.04408968519834,40.73676329853094,2
171,-74.03318663739097,40.74708007182792,2
172,-74.02488762910849,40.724995488592974,2
173,-74.02758097150546,40.76223374401464,2
174,-73.95940243392117,40.76728673776295,2
175,-74.00351726431798,40.707544051772985,2
176,-73.959160003055,40.70820080311518,2
177,-74.0277789812676,40.729694428430676,2
178,-73.97804856425216,40.78120211178017,2
179,-74.01238737205217,40.75671598132359,2
180,-74.00723151948273,40.7066886294626,2
181,-73.96775960502144,40.77905850872722,2
182,-73.95335391452463,40.75257889611051,2
183,-73.95125442504104,40.75104412184787,2
184,-74.03880357326078,40.77086612871119,2
185,-73.99254073355402,40.70734736925667,2
186,-73.97233608251284,40.751996044606905,2
187,-74.0275120632387,40.73921621119584,2
188,-73.98277412051405,40.719140833131135,2
189,-73.95761945979822,40.783564020232774,2
190,-73.96587295866476,40.79938754016962,2
191,-74.02411479927365,40.75869592424623,2
192,-73.98506301102925,40.76183886573986,2
193,-73.96515998278939,40.79164831369061,2
194,-73.98452390402372,40.70247327350938,2
195,-74.02767599945774,40.76699903918514,2
196,-73.97895396063686,40.71368781356637,2
197,-73.97544716612603,40.7836507129548,2
198,-73.97060381457341,40.73606941157071,2
199,-73.95341391609352,40.74627635233724,2
0,-74.01906136059412,40.70351313344298,3
1,-73.95774870174031,40.78769162137566,3
2,-73.97296622878959,40.77135291495812,3
3,-74.03794851029562,40.71791280399135,3
4,-73.95103450361637,40.709739862094814,3
5,-73.96289217790327,40.71952886343351,3
6,-74.02176705743082,40.79784730427803,3
7,-73.96607553361744,40.74619754975562,3
8,-74.03992109527746,40.77846086403352,3
9,-73.95036792919578,40.76338822407748,3
10,-73.98262072347438,40.75801632225923,3
11,-73.98357377890669,40.7190638183212,3
12,-74.04367182681435,40.79562260523166,3
13,-73.96038543473882,40.72963385826514,3
14,-74.04694174233961,40.75646019304757,3
15,-74.02545206492985,40.770693841026095,3
16,-74.03596631137157,40.76644882235797,3
17,-73.97028900844246,40.793933201957614,3
18,-74.03044749834196,40.714666188430606,3
19,-73.9589205224843,40.75010453052728,3
20,-73.98415676561544,40.74159040968537,3
21,-74.04817268245225,40.74826445412295,3
22,-74.04916142040314,40.7123115747216,3
23,-74.04476636323488,40.71257939211892,3
24,-73.99025691621473,40.72843923156425,3
25,-73.97046877843992,40.73195890305433,3
26,-74.02666636602959,40.74289392299025,3
27,-73.96588439383187,40.760533556928884,3
28,-74.04451322835753,40.76432752286863,3
29,-73.9710257988494,40.738199315665426,3
30,-73.95748150840355,40.7411306258553,3
31,-73.9726756500057,40.72190353957182,3
32,-73.9805089292726,40.758999095636995,3
33,-73.96572513956762,40.732081371956895,3
34,-74.04660231024452,40.70274718483615,3
35,-74.02950709646777,40.74253298831178,3
36,-74.03843079617334,40.747027789683536,3
37,-73.99950000619614,40.723235977401664,3
38,-73.97541677307866,40.756248123075736,3
39,-73.98709037835395,40.75516319527217,3
40,-73.96556719704576,40.76905658169955,3
41,-74.03405616644665,40.764624295011714,3
42,-73.97699450967195,40.766668494945804,3
43,-74.02927468301006,40.732342708804936,3
44,-74.02320167397382,40.77957834323191,3
45,-73.97833203088993,40.75481610113422,3
46,-73.95152112713107,40.74432346587398,3
47,-73.98593100667738,40.76266797585102,3
48,-74.04475631485712,40.73390075950094,3
49,-73.98819523186584,40.7508218093058,3
50,-73.96663038851345,40.71739952306204,3
51,-74.01404123453769,40.72561988146236,3
52,-73.96772263925494,40.79500776283918,3
53,-74.02198200089143,40.70375993522962,3
54,-73.99088653998663,40.74364276530445,3
55,-74.00921031818837,40.76738757813003,3
56,-74.01746217684368,40.70869093689519,3
57,-73.96467628529857,40.703207786433886,3
58,-74.02848919476479,40.71837341755916,3
59,-74.03506318026531,40.789113185960105,3
60,-74.01196281201263,40.70214588077344,3
61,-73.97275352017684,40.713216633777215,3
62,-73.96686809274262,40.70382947118209,3
63,-73.95046353600176,40.714678382009744,3
64,-74.02180366519362,40.756603766536536,3
65,-74.00635111859715,40.72225856742783,3
66,-74.03255584413229,40.758586014099905,3
67,-73.99476043752458,40.76109969321514,3
68,-73.95116006899359,40.78169348092789,3
69,-73.97620710666199,40.70237404370487,3
70,-73.99212258962639,40.788440940377,3
71,-74.01144340138997,40.764546789085806,3
72,-73.96010523314361,40.714711171604385,3
73,-73.99928680930444,40.777325148250895,3
74,-74.04157381384442,40.786905434526766,3
75,-74.01192620915752,40.72503904785799,3
76,-74.0419743709668,40.79141173027038,3
77,-74.03402034223181,40.74543723171728,3
78,-74.04951415105617,40.76472070115407,3
79,-74.00581818883627,40.79951363861826,3
80,-73.98779742867426,40.73649564592484,3
81,-74.01410005089593,40.786204848727536,3
82,-74.00429419275046,40.734878215779375,3
83,-73.957819368176,40.77477954435019,3
84,-73.97907125767678,40.761348391735005,3
85,-73.99133653002873,40.720692401262674,3
86,-74.02289739368508,40.74366716301539,3
87,-73.95687777578738,40.7342653950199,3
88,-74.02505156678464,40.702772015817246,3
89,-74.01593038966872,40.70022336494696,3
90,-73.96042809837593,40.73926522903243,3
91,-73.99635109946355,40.70437359259913,3
92,-73.97399260072874,40.723443519468574,3
93,-73.99058962201966,40.774059179403906,3
94,-73.9906439087719,40.771382071778426,3
95,-74.02111935352559,40.77593524256745,3
96,-74.02240656658489,40.72982952422681,3
97,-74.02523491792327,40.78856422154434,3
98,-74.03143274020564,40.7557259172412,3
99,-73.96492727136354,40.71103286281708,3
100,-74.0240661704357,40.71432812907761,3
101,-73.99287266354634,40.76919239452658,3
102,-73.97408162641314,40.717435254409196,3
103,-73.9708713245398,40.755175440843566,3
104,-74.00518668119977,40.796314037380284,3
105,-73.99838325147972,40.70160256360244,3
106,-73.9509087298789,40.70215774946287,3
107,-73.98008365692885,40.799506156463124,3
108,-73.96575347477224,40.757983401129394,3
109,-73.9550420277669,40.7110574634565,3
110,-73.96687779034856,40.78998053631294,3
111,-74.02734086821039,40.790435754626586,3
112,-73.99376658248363,40.756188336372745,3
113,-74.04340922845894,40.75965330490752,3
114,-73.98218857535785,40.731367222674685,3
115,-73.9546343739068,40.70171133472418,3
116,-74.00082860760848,40.75420450095862,3
117,-74.01042612641642,40.72709014935779,3
118,-74.04420431034067,40.770701176250434,3
119,-73.95019486976307,40.790215726112095,3
120,-74.03971530955249,40.70631490476255,3
121,-74.04307416980288,40.756919725349235,3
122,-74.0283526523652,40.71987873457517,3
123,-74.04339863499304,40.78427739454632,3
124,-74.00775428484494,40.73090839435512,3
125,-74.00259380688018,40.762801021466636,3
126,-74.02177566923119,40.756253477814404,3
127,-74.04440122526904,40.73715121214545,3
128,-74.03899749575046,40.76346998946252,3
129,-74.00844684754425,40.77779352224654,3
130,-74.04034876156848,40.75602966992453,3
131,-73.9777927071545,40.777580362192055,3
132,-74.02711240485294,40.79475201286631,3
133,-74.0174389149113,40.7456347336136,3
134,-74.01149243508695,40.75434700294949,3
135,-74.00481884024953,40.70022926543046,3
136,-74.04876538719364,40.779688485681966,3
137,-74.04338147123124,40.75687517689952,3
138,-73.96661982225984,40.74244450623378,3
139,-74.04850082674398,40.71108318599457,3
140,-73.99928929265697,40.78715588183888,3
141,-73.99736577628929,40.73681120615388,3
142,-74.01310221699963,40.766290548794174,3
143,-74.0092007781909,40.71724723251384,3
144,-73.97542738479957,40.79700793548448,3
145,-73.96798563926636,40.72335735734197,3
146,-74.02375908996639,40.72554554255521,3
147,-74.01519931975488,40.78934952412568,3
148,-74.02119828024242,40.787509849260935,3
149,-73.99994556797301,40.71886195942202,3
150,-73.98270974887318,40.745445500610074,3
151,-73.95976840533625,40.72460488678109,3
152,-74.01815195388414,40.727045800875665,3
153,-74.0347455839553,40.7797078180716,3
154,-73.97411323074753,40.72064251178517,3
155,-73.9658525842297,40.79090261816075,3
156,-74.00674664017347,40.74290794999546,3
157,-73.96080767380006,40.76442250873895,3
158,-74.03268355320843,40.7927347541725,3
159,-74.0030935101693,40.784252770591394,3
160,-73.99254502730547,40.71035529121581,3
161,-74.02138710564168,40.71496600137215,3
162,-73.96570006328537,40.77082376896043,3
163,-73.98899918574956,40.74244589255295,3
164,-73.99089798406096,40.73409433690718,3
165,-74.00914303459807,40.75594757160358,3
166,-74.00079264208975,40.78940173226616,3
167,-74.03018366466834,40.79665691789928,3
168,-74.02539866367752,40.77265367198744,3
169,-73.98298478348455,40.72564807131804,3
170,-74.04575828794606,40.741047167834594,3
171,-74.03036549956761,40.74564427827035,3
172,-74.021858962805,40.727669218302516,3
173,-74.02475359699238,40.76307061322965,3
174,-73.95616300280902,40.769583903632395,3
175,-74.00203475505285,40.71067859790961,3
176,-73.96265043438818,40.7121957779593,3
177,-74.02944108123381,40.731260750259494,3
178,-73.9764112535848,40.7767235022088,3
179,-74.01436436232927,40.75289880537886,3
180,-74.00800063071003,40.704182391881325,3
181,-73.97136171720204,40.77667759821144,3
182,-73.95738722211195,40.754396612752174,3
183,-73.95134404279753,40.753871869249075,3
184,-74.03216174552722,40.780754668967546,3
185,-73.99416720371991,40.70738351907089,3
186,-73.96566516329924,40.76260549645389,3
187,-74.04159669549902,40.74068032762222,3
188,-73.99516698825052,40.716872161218525,3
189,-73.96665616235727,40.77403905840373,3
190,-73.9745981246975,40.792223963828505,3
191,-74.01485573848889,40.76282596977998,3
192,-73.99462528124485,40.76832880614435,3
193,-73.97418439450647,40.78177642377459,3
194,-73.97571949878603,40.70674291659625,3
195,-74.0249546140883,40.77888743952618,3
196,-73.96612056393116,40.71538777964934,3
197,-73.96757915069793,40.77516618651103,3
198,-73.95986851786046,40.734922233354744,3
199,-73.96226210555093,40.73992934667078,3
0,-74.01850098720291,40.70410794634045,0
1,-73.95792345159349,40.788176046624976,0
2,-73.97363308878703,40.77138342222793,0
3,-74.03731092939465,40.71785734119456,0
4,-73.95133552264774,40.710209327218664,0
5,-73.9628851903248,40.719518931088636,0
6,-74.02171711640325,40.79782333890946,0
7,-73.96563133180507,40.74618742976528,0
8,-74.03995715538815,40.77836383507176,0
9,-73.95020523607934,40.763636727254465,0
10,-73.98181404899235,40.75977292799824,0
11,-73.98339986152867,40.71945810275479,0
12,-74.04480987795243,40.79764536807788,0
13,-73.95943799674511,40.729378004364676,0
14,-74.04695759989669,40.75521677333228,0
15,-74.02499476186567,40.77081979512007,0
16,-74.03610823407605,40.76685319563889,0
17,-73.96952018530607,40.794750195180555,0
18,-74.02891490705683,40.714408474077985,0
19,-73.958812576189,40.749499853573745,0
20,-73.98430431640672,40.74167526146119,0
21,-74.04805893764832,40.74792199925753,0
22,-74.04977193700898,40.712303514103624,0
23,-74.04481704593107,40.71247264896848,0
24,-73.99086050616455,40.7280609783952,0
25,-73.97087485785237,40.731046232395734,0
26,-74.02682594743824,40.74309351143916,0
27,-73.96598929841046,40.76060579728971,0
28,-74.04449894554502,40.764634356532454,0
29,-73.96996852510284,40.73775258141912,0
30,-73.95715852235827,40.74120589032632,0
31,-73.9726633989888,40.721949613538754,0
32,-73.98055071812917,40.75901380745463,0
33,-73.96588672082814,40.7322240907876,0
34,-74.04637542931113,40.70340999649491,0
35,-74.03010901343335,40.74243276443596,0
36,-74.03839085700348,40.74705608887604,0
37,-73.99953123752283,40.72369394823943,0
38,-73.97559645208987,40.756466060639745,0
39,-73.98705124658026,40.7550819277948,0
40,-73.96561088408237,40.769167548157476,0
41,-74.03429064973264,40.76483474402817,0
42,-73.97644026964164,40.76631231381776,0
43,-74.0278481560141,40.732724905881454,0
44,-74.02324929002131,40.77922039252728,0
45,-73.9781347871431,40.75488233101163,0
46,-73.95195073259396,40.74461414247698,0
47,-73.98543163470156,40.76283252382124,0
48,-74.0447253380292,40.73390285320431,0
49,-73.98761864715985,40.74982515607198,0
50,-73.96745506648794,40.71566938106757,0
51,-74.01350732725066,40.72489317003941,0
52,-73.96853918321149,40.79390769170632,0
53,-74.02254498298791,40.70440767485927,0
54,-73.99154151702497,40.74366414673569,0
55,-74.00878001095485,40.76869967203308,0
56,-74.0174695012214,40.707506811327626,0
57,-73.96684341077962,40.70176390043996,0
58,-74.02784213356165,40.719137945442895,0
59,-74.03525156241408,40.7892348774487,0
60,-74.01113560639956,40.704107165314554,0
61,-73.97388932331624,40.711438131585204,0
62,-73.96529247539553,40.70384815858669,0
63,-73.95145560065549,40.715338580124346,0
64,-74.02277864778651,40.75563415876074,0
65,-74.00613243784107,40.721067360085314,0
66,-74.03130725857301,40.75899219524913,0
67,-73.99699455061494,40.762000411580466,0
68,-73.95193847602354,40.780883079412504,0
69,-73.97617243537853,40.702345377461896,0
70,-73.9934847137949,40.7888662793117,0
71,-74.01051263381495,40.76562517987306,0
72,-73.96059443322945,40.71361171725451,0
73,-73.99907877415147,40.777305779306765,0
74,-74.04245445349065,40.78873590408697,0
75,-74.01289780628757,40.72464353406062,0
76,-74.04008342529173,40.7902755163981,0
77,-74.03460052313817,40.74579354396302,0
78,-74.04945474876547,40.765876441093894,0
79,-74.00635873462642,40.79927503132947,0
80,-73.98793989270882,40.73648037960691,0
81,-74.01397999205538,40.78690482002419,0
82,-74.00477717818751,40.73466445583161,0
83,-73.9587237317868,40.77475311985638,0
84,-73.97921215268835,40.76303301960341,0
85,-73.99082607465651,40.72067202659966,0
86,-74.02193567445786,40.745382495086325,0
87,-73.95597882200578,40.733527417568695,0
88,-74.025273979616,40.700573365235975,0
89,-74.01489572892487,40.70088239851157,0
90,-73.96214405974668,40.738801001611414,0
91,-73.99519084778053,40.704630663017724,0
92,-73.97124688773158,40.72405202092468,0
93,-73.9905369791711,40.77455915010518,0
94,-73.99192725993115,40.769822675743,0
95,-74.02113542264519,40.77669468810676,0
96,-74.02168501325573,40.72910545678662,0
97,-74.02719367577035,40.78736741844946,0
98,-74.03253730010097,40.75312425135624,0
99,-73.96524879578627,40.71113413195755,0
100,-74.02498396057828,40.7147928190337,0
101,-73.99361033478387,40.770576405008086,0
102,-73.97427275744563,40.71883055718981,0
103,-73.97067423104836,40.75670504627104,0
104,-74.00542861288008,40.79660773469619,0
105,-73.99803498686477,40.702896998675755,0
106,-73.95097086001681,40.70177890679094,0
107,-73.97827188608862,40.799624014239804,0
108,-73.96533977846603,40.758981879782155,0
109,-73.95411901881835,40.709250842784144,0
110,-73.96681567026533,40.79004618420561,0
111,-74.02731557957613,40.79044338162422,0
112,-73.99389358984422,40.757095568970534,0
113,-74.04469110440377,40.759243697646404,0
114,-73.98162188136637,40.73158359258308,0
115,-73.95545960956728,40.70049678207762,0
116,-74.00124871981993,40.75101753672846,0
117,-74.01148203454028,40.726232842114925,0
118,-74.04342111858001,40.7720088507122,0
119,-73.95036742806475,40.79245167997384,0
120,-74.04023374313306,40.70831050949652,0
121,-74.04264168713337,40.75573423237063,0
122,-74.02794812885877,40.72042383499946,0
123,-74.04345778215048,40.783947956513146,0
124,-74.00981857694886,40.73028191443748,0
125,-74.00263425748427,40.762839738432625,0
126,-74.02243602024758,40.7566031134376,0
127,-74.04426185257883,40.73696862718067,0
128,-74.03848960670562,40.76142743972782,0
129,-74.00719150412264,40.77979940930823,0
130,-74.03923097497523,40.754902140077235,0
131,-73.97770869556737,40.77895938948277,0
132,-74.02648637605336,40.794507892640084,0
133,-74.01632473637919,40.74631059517599,0
134,-74.01149030007403,40.754333493731586,0
135,-74.00478062313893,40.700423860612695,0
136,-74.04773599455389,40.77942946282141,0
137,-74.04278212853254,40.75819216744038,0
138,-73.96588025334319,40.743978508813676,0
139,-74.04627818273178,40.71064306648842,0
140,-74.00057712795082,40.785764143191784,0
141,-73.99698392242189,40.73636197832923,0
142,-74.01275224904535,40.76539028564538,0
143,-74.00946504398323,40.71852374491517,0
144,-73.97767042958174,40.79857081575823,0
145,-73.96823412836622,40.72591862262733,0
146,-74.02547766858268,40.7269866868506,0
147,-74.01525143876505,40.790106514665595,0
148,-74.02063357507318,40.787143868008336,0
149,-73.99937358617619,40.71750020075375,0
150,-73.98292425056232,40.7452807409419,0
151,-73.95722754880272,40.7261102579621,0
152,-74.01916245629559,40.731518134834026,0
153,-74.03405599561084,40.783084408245806,0
154,-73.97567220014517,40.71775618289858,0
155,-73.96463634179553,40.79347567418717,0
156,-74.01032609870136,40.739848660084995,0
157,-73.96358070473845,40.76751899775933,0
158,-74.03144730087298,40.7958182749075,0
159,-74.00448939103522,40.789413691458435,0
160,-73.9965273814608,40.71180122117945,0
161,-74.01920334901995,40.716763960111265,0
162,-73.96334150761238,40.77338171042712,0
163,-73.9856654082256,40.74310725991014,0
164,-73.99512576945793,40.73607826546635,0
165,-74.00731051183936,40.75941237980745,0
166,-73.99657278570407,40.79231456215274,0
167,-74.03514312135161,40.796369634399596,0
168,-74.02361144400987,40.776371168087884,0
169,-73.98811265351071,40.72695002644216,0
170,-74.0497406232223,40.74191132405727,0
171,-74.02650646262275,40.74520508130849,0
172,-74.01851693162908,40.72797806896327,0
173,-74.02078998272383,40.76387485677384,0
174,-73.95526155528549,40.77467960043968,0
175,-73.99922632018186,40.71240556563685,0
176,-73.96621994460662,40.71221881055997,0
177,-74.03044499101401,40.733767293138634,0
178,-73.9732455891341,40.77269812369189,0
179,-74.01495670121881,40.74817353949524,0
180,-74.00818015302151,40.700650708844904,0
181,-73.9737708436018,40.77196363345858,0
182,-73.96074811707977,40.757862638584314,0
183,-73.95084456222872,40.758588700126786,0
184,-74.02716573259598,40.79181290518688,0
185,-73.9971716069255,40.72189660694852,0
186,-73.95680777825693,40.7530428768924,0
187,-74.04531842090269,40.73499878770706,0
188,-73.99974082944601,40.70652358445293,0
189,-73.95954611214538,40.76219829679528,0
190,-73.98049881421696,40.78143819269897,0
191,-74.00815151582701,40.770212808132484,0
192,-74.00626132753175,40.76677931637108,0
193,-73.9697177446674,40.768023897936246,0
194,-73.97237251550342,40.714789706281636,0
195,-74.01322510653073,40.78276191368789,0
196,-73.95508037291252,40.71078764812226,0
197,-73.95647569195721,40.773060623569506,0
198,-73.95441968271332,40.725349472751844,0
199,-73.96068897726838,40.73017064540094,0
0,-74.01943162025626,40.70336004756865,1
1,-73.95789361757821,40.78794491112634,1
2,-73.97315155052547,40.77187356042122,1
3,-74.03708355134889,40.71788349762672,1
4,-73.95145810797993,40.7103404603342,1
5,-73.96280049228729,40.719290966811904,1
6,-74.0210927605131,40.79790547868593,1
7,-73.96600807599172,40.74598475888299,1
8,-74.04084817704262,40.77834316800026,1
9,-73.95053696695285,40.76444850531115,1
10,-73.98161857571036,40.759999518947744,1
11,-73.98366221794943,40.719076253901264,1
12,-74.04596518472364,40.79812454259967,1
13,-73.9592841759948,40.72921400285579,1
14,-74.04671382872205,40.75507625577613,1
15,-74.02494120473749,40.77176825464955,1
16,-74.03614131215225,40.76708554526577,1
17,-73.9697175701262,40.79442731405493,1
18,-74.02797190715351,40.71483306231534,1
19,-73.95886697254925,40.74877256129305,1
20,-73.98495538423703,40.74187936619243,1
21,-74.04866982773127,40.74908535583308,1
22,-74.04973603701836,40.71229689127842,1
23,-74.04540154853252,40.71234339345253,1
24,-73.9907299733043,40.72657500262557,1
25,-73.97083036209928,40.73002022617738,1
26,-74.02624699714497,40.74345463806313,1
27,-73.96587923757765,40.760518308163775,1
28,-74.04485873481599,40.76605561453791,1
29,-73.97003739899507,40.73767194289235,1
30,-73.95658022843274,40.741189380649324,1
31,-73.9736091682177,40.7219629364216,1
32,-73.98055810309492,40.759010945055934,1
33,-73.96611520126622,40.732346535669734,1
34,-74.04540447585902,40.70413269441474,1
35,-74.0309561358974,40.742139443679804,1
36,-74.03778948692343,40.74744395269682,1
37,-73.99943612937518,40.72377012700079,1
38,-73.97556707646888,40.75713150632131,1
39,-73.98771292415348,40.75571542750345,1
40,-73.96589217089817,40.770315934244074,1
41,-74.03488239445777,40.76530830942703,1
42,-73.97649933295254,40.7664110812661,1
43,-74.02755227931632,40.732360041306094,1
44,-74.0241869006104,40.77810596553505,1
45,-73.97759891022893,40.754926203080835,1
46,-73.95211265635032,40.744823184520875,1
47,-73.98455507966027,40.763030951221126,1
48,-74.04434250061593,40.73431487530354,1
49,-73.98783104051296,40.75034886851636,1
50,-73.96719288057392,40.713587957670896,1
51,-74.0123596874771,40.72302472827065,1
52,-73.96948365797552,40.793933476746545,1
53,-74.02353572626305,40.705193243747146,1
54,-73.99099007592284,40.74330824819699,1
55,-74.00873648208668,40.76844212833369,1
56,-74.01799607129483,40.70516169669797,1
57,-73.96824890858866,40.700208218491554,1
58,-74.02814278199925,40.71911912471096,1
59,-74.03449646031709,40.78960327535982,1
60,-74.00910940854519,40.70534984966279,1
61,-73.97354269856795,40.70984391918214,1
62,-73.9643106917316,40.705592658506944,1
63,-73.95190680051698,40.71569541961309,1
64,-74.02292445376933,40.755233147836336,1
65,-74.00517678205505,40.720393100505476,1
66,-74.03135373204461,40.758989735148816,1
67,-73.9978335222163,40.763243545532426,1
68,-73.95328845751202,40.77954667062035,1
69,-73.97662955116189,40.70157921038765,1
70,-73.99369616438975,40.78899813056377,1
71,-74.01021774116013,40.7659874281228,1
72,-73.96142404456306,40.71309159902409,1
73,-73.99923618801073,40.77707589525729,1
74,-74.04492359143384,40.78971799555047,1
75,-74.01397967543738,40.723276736205776,1
76,-74.03851480104981,40.78907820496445,1
77,-74.03564344570808,40.7457724738445,1
78,-74.04897512752653,40.76740398683946,1
79,-74.0067604049387,40.79909865888662,1
80,-73.98894042239141,40.73606605879707,1
81,-74.01398839299956,40.78696144922468,1
82,-74.0039684397595,40.73469659761186,1
83,-73.96049764267902,40.77475010770648,1
84,-73.97984016332533,40.764526164394844,1
85,-73.99046833807348,40.7212735390416,1
86,-74.02025621944016,40.74532880456495,1
87,-73.95681949333675,40.733391811983864,1
88,-74.02688526167655,40.700477805298014,1
89,-74.01394328600236,40.70109321843217,1
90,-73.96322978310644,40.73995866715176,1
91,-73.9938378250832,40.705288529351115,1
92,-73.9692323204199,40.72472594645917,1
93,-73.99012085607256,40.77499373146547,1
94,-73.99357582215296,40.76987042842944,1
95,-74.02015372779987,40.77736315051096,1
96,-74.02035965196681,40.729499022996876,1
97,-74.02865944800786,40.78603522470429,1
98,-74.030082150457,40.75168659651961,1
99,-73.96530274576796,40.71118347863892,1
100,-74.02633049784264,40.71484854764012,1
101,-73.99419027178595,40.77262767358677,1
102,-73.97420311370671,40.718924347031596,1
103,-73.970798609863,40.75820116268543,1
104,-74.00538363744585,40.79646756239237,1
105,-73.99800717660504,40.70389512862223,1
106,-73.95078546152592,40.70158986051749,1
107,-73.97770646627401,40.7982929728667,1
108,-73.9668193897669,40.760772243516975,1
109,-73.95397786592612,40.708673591033474,1
110,-73.96686026970153,40.78987800887536,1
111,-74.02741659752768,40.79013759120453,1
112,-73.99296093633359,40.75903036937634,1
113,-74.04540032117814,40.75869034195738,1
114,-73.98085959379665,40.73191719985932,1
115,-73.95508779271077,40.70041657036273,1
116,-74.0017282211002,40.749591242833354,1
117,-74.0117973871775,40.72508389537309,1
118,-74.04203356395305,40.774650628711,1
119,-73.95017397179524,40.79531044117905,1
120,-74.04091967094405,40.70930309067325,1
121,-74.04133484984374,40.75469131458898,1
122,-74.02782256106342,40.72078688628915,1
123,-74.04320565017666,40.78431969481557,1
124,-74.01069167599574,40.73265051281217,1
125,-74.00320350676596,40.764219705857805,1
126,-74.02346116075584,40.75810703826039,1
127,-74.04394610032959,40.736719164522064,1
128,-74.03727611177801,40.76040005750112,1
129,-74.00608419817178,40.781721086479834,1
130,-74.03761972017892,40.75560788867045,1
131,-73.97814862837897,40.779743430837755,1
132,-74.02658790759956,40.79454422180749,1
133,-74.01485023734061,40.746338036324204,1
134,-74.01260931822901,40.754748692245,1
135,-74.00489793390327,40.7009212982826,1
136,-74.04651690227321,40.78014055376211,1
137,-74.04288894600819,40.759832154498596,1
138,-73.96549832141145,40.745742641494715,1
139,-74.04389031863909,40.70986510282889,1
140,-74.00063217927408,40.78484388039197,1
141,-73.99698926659424,40.73640355077532,1
142,-74.0123932833794,40.76614271184722,1
143,-74.00877647631576,40.72030023623578,1
144,-73.978476045601,40.79992713576599,1
145,-73.96882302678836,40.7273240761393,1
146,-74.0261129931712,40.727044735609184,1
147,-74.01483587318553,40.79215989991814,1
148,-74.01909388611774,40.787021217763105,1
149,-74.00040147288765,40.71613371443617,1
150,-73.98400690000388,40.74431293451175,1
151,-73.95483391282984,40.726334621051926,1
152,-74.02007439575502,40.73442290924012,1
153,-74.03330011567749,40.78688662207586,1
154,-73.97772396012921,40.71780446931056,1
155,-73.96459782091274,40.79600498132087,1
156,-74.01387408521128,40.73751604862981,1
157,-73.9673821479737,40.7675586815396,1
158,-74.029022616489,40.79890840422744,1
159,-73.99950582872253,40.789509680378636,1
160,-74.00162233271791,40.71267208131787,1
161,-74.02142290410976,40.71954137463107,1
162,-73.96479136004096,40.777267173306164,1
163,-73.98369450891637,40.74573627692781,1
164,-73.99550476256341,40.740766148322166,1
165,-74.01015419479452,40.76254764703963,1
166,-73.99163802740372,40.792193669579156,1
167,-74.03937157648315,40.797511551298705,1
168,-74.0204145766539,40.778164902966665,1
169,-73.99247831181016,40.727943315616955,1
170,-74.04993867943747,40.74649225740209,1
171,-74.02294319362267,40.745983830259924,1
172,-74.01565383484146,40.72912120069552,1
173,-74.0180127010803,40.76579744475239,1
174,-73.95187202944044,40.775018554242436,1
175,-73.9956006755502,40.71403363753458,1
176,-73.96889164795704,40.715556615337725,1
177,-74.03146971961661,40.73625467573549,1
178,-73.96826640689603,40.77220016023162,1
179,-74.01229192925562,40.744898076321306,1
180,-74.00910074771782,40.70204298590898,1
181,-73.97550327797335,40.777489017019654,1
182,-73.96056080965204,40.76218073500419,1
183,-73.95491210939097,40.758556144103274,1
184,-74.01711496000574,40.786138539301845,1
185,-73.99454160644451,40.73550840409236,1
186,-73.95723549214212,40.754199438205134,1
187,-74.03040718133771,40.734913179827494,1
188,-74.00753626320885,40.70111067889846,1
189,-73.95383261790947,40.76138344236405,1
190,-73.99277361437044,40.78027490641051,1
191,-74.00245121293378,40.77889831885003,1
192,-74.0191197876712,40.7695540832282,1
193,-73.98001175582495,40.7586913181581,1
194,-73.9652995434998,40.721695472157876,1
195,-74.00296330817707,40.77495291153655,1
196,-73.95655072045349,40.712895435157506,1
197,-73.95291593682725,40.765975589953,1
198,-73.95032326624231,40.7355181985068,1
199,-73.9574352546765,40.72168959950523,1
0,-74.02073240494587,40.703051170921796,2
1,-73.95776692930556,40.78794009411525,2
2,-73.97285824219018,40.772007220427476,2
3,-74.03658638102698,40.7176375553578,2
4,-73.9515687156248,40.71039579972759,2
5,-73.9626943842689,40.71899450703828,2
6,-74.02019775170889,40.79789851061953,2
7,-73.96610918349025,40.746248831438784,2
8,-74.04083581214205,40.778334899109595,2
9,-73.95231845822477,40.76564114654234,2
10,-73.9815295644083,40.7600586936674,2
11,-73.98317108036821,40.71786145441818,2
12,-74.04647286792807,40.79873102023964,2
13,-73.95934857077732,40.72928738150776,2
14,-74.04567957335233,40.75504906979529,2
15,-74.02495389686008,40.77195697097156,2
16,-74.03622268936252,40.76729672309198,2
17,-73.97016242943693,40.79325871588729,2
18,-74.02729466218614,40.71460807243449,2
19,-73.9586639484427,40.74747526233808,2
20,-73.98487554035027,40.741901479785156,2
21,-74.04959190489751,40.750611829510326,2
22,-74.04974224275011,40.712298312267585,2
23,-74.04739526522863,40.71217436509889,2
24,-73.99097775511373,40.725499684453446,2
25,-73.97070650664043,40.72902588543118,2
26,-74.02672900216815,40.74320094788428,2
27,-73.96418856285807,40.760538886984,2
28,-74.04496869584376,40.76616043657238,2
29,-73.96988945660468,40.73783188414542,2
30,-73.95674270464745,40.74067428028148,2
31,-73.97455042018403,40.72197140756653,2
32,-73.98154898889533,40.76001793363482,2
33,-73.96519172324697,40.73248057364943,2
34,-74.04494021698723,40.704151760960116,2
35,-74.031693931041,40.742113768660325,2
36,-74.03606404713261,40.74754625048132,2
37,-73.99872240588834,40.72418196227474,2
38,-73.97550049839087,40.75720272782563,2
39,-73.98770617746105,40.75570166944347,2
40,-73.9648228606514,40.770441642119344,2
41,-74.03504625064595,40.765312175272584,2
42,-73.97678912315934,40.76617140995447,2
43,-74.02725229774619,40.73224815731148,2
44,-74.02421304167201,40.77808484575176,2
45,-73.9769786282366,40.75485211202567,2
46,-73.95187212859148,40.7446530412579,2
47,-73.98363150021339,40.76375419758289,2
48,-74.04437027091627,40.73432967382277,2
49,-73.98762180495822,40.74922673917454,2
50,-73.96611245290273,40.711552002286545,2
51,-74.0104183343057,40.72259984124321,2
52,-73.96945143242891,40.793921111760596,2
53,-74.02514655154282,40.704770837444904,2
54,-73.99214640436291,40.742060648746566,2
55,-74.00859939824679,40.76825108823263,2
56,-74.01777393744278,40.70325238436287,2
57,-73.96838998702178,40.70005089629637,2
58,-74.02862683984202,40.71877120373458,2
59,-74.0332016359303,40.78837610982793,2
60,-74.00786161635632,40.70490778244009,2
61,-73.97372384223557,40.70908792372641,2
62,-73.96375451634478,40.70718216912717,2
63,-73.95224338010821,40.71587868153585,2
64,-74.02352070423774,40.75496071505414,2
65,-74.00422261411177,40.71915486787497,2
66,-74.03162328682524,40.75915127653484,2
67,-73.99808689926948,40.76376978972994,2
68,-73.95477742212019,40.779343661323836,2
69,-73.97599978076907,40.70150608921371,2
70,-73.99423224860269,40.79029637865978,2
71,-74.0102020571977,40.76622956064716,2
72,-73.96295444341148,40.71339597063575,2
73,-73.99941994364399,40.77693346029103,2
74,-74.04808109912882,40.788882557525596,2
75,-74.01461764390773,40.72336114562773,2
76,-74.03660980941939,40.78756272265902,2
77,-74.03618818164625,40.745384887001414,2
78,-74.04817649443928,40.77023900152728,2
79,-74.00810387384632,40.79883303975264,2
80,-73.98914028944117,40.73590780354167,2
81,-74.01392009317247,40.78708297815037,2
82,-74.00357857542214,40.73608344563031,2
83,-73.96184933862396,40.77312210399604,2
84,-73.98017399394104,40.76587488357587,2
85,-73.9897485184777,40.72188947062969,2
86,-74.0192489522598,40.746802767947656,2
87,-73.95672159841004,40.73358321979691,2
88,-74.02695634220981,40.70114931225639,2
89,-74.01362479873929,40.70127186991814,2
90,-73.96392249254122,40.74150000716135,2
91,-73.99339454670698,40.70725430528124,2
92,-73.96628242925476,40.72482849178079,2
93,-73.99038116284537,40.774366741138266,2
94,-73.99529845709401,40.76950437655767,2
95,-74.01831797126253,40.77773827244844,2
96,-74.01991783008552,40.73041966560085,2
97,-74.0282039875001,40.78449619915889,2
98,-74.02858928406987,40.75215078344209,2
99,-73.96522450428748,40.711336207616895,2
100,-74.02794655173362,40.71480919063117,2
101,-73.99255389798756,40.772824635025856,2
102,-73.97305405492335,40.7189030269021,2
103,-73.97140784264758,40.759825345118095,2
104,-74.00558736373064,40.79550412334257,2
105,-73.99658267706913,40.703532166567726,2
106,-73.95073384238168,40.701978519225094,2
107,-73.97607688897422,40.797951533012416,2
108,-73.96565733040015,40.760852350922356,2
109,-73.95354194737453,40.707763419355906,2
110,-73.96719801086212,40.7907843770976,2
111,-74.02747198939686,40.79011961676487,2
112,-73.9937975196146,40.76039759739881,2
113,-74.04595769514316,40.7585994553225,2
114,-73.98048287977052,40.7323814035301,2
115,-73.95515211433322,40.700652656338306,2
116,-74.00187464000187,40.7474150538595,2
117,-74.01211013283785,40.72310005069648,2
118,-74.0397337001197,40.77527495915543,2
119,-73.95260804670379,40.797933692019804,2
120,-74.04025104838519,40.71034582696752,2
121,-74.03846718288068,40.7526348502599,2
122,-74.02791096985477,40.72062822406238,2
123,-74.0432105235829,40.783753327181564,2
124,-74.0116006793957,40.734117789063944,2
125,-74.00319008303543,40.765885025162056,2
126,-74.02313172350148,40.76029308385421,2
127,-74.04329515421405,40.73637705900331,2
128,-74.03569101345695,40.75824017199507,2
129,-74.00677999716585,40.78337019536024,2
130,-74.0358589046242,40.75559339151183,2
131,-73.97787741322325,40.77987330318705,2
132,-74.02568732288296,40.79469992953496,2
133,-74.01346464902201,40.74643254952822,2
134,-74.01309764041837,40.755143918433944,2
135,-74.00489354977687,40.701068980183415,2
136,-74.04767296450788,40.782903172481085,2
137,-74.04280800781832,40.76115916334524,2
138,-73.96559100542052,40.74605609561672,2
139,-74.04272498506415,40.71088153968998,2
140,-74.00132787752105,40.784304678936856,2
141,-73.99633424648027,40.73546888587402,2
142,-74.01196513644474,40.767602794147145,2
143,-74.00827893218268,40.72229809344205,2
144,-73.97931981955715,40.799192902481046,2
145,-73.9671241461122,40.727083484996754,2
146,-74.02642763969908,40.72742094484833,2
147,-74.01420786141114,40.79308673017462,2
148,-74.01855305153254,40.78646961680061,2
149,-74.00004546753749,40.71582740907234,2
150,-73.98512897007627,40.74252619367581,2
151,-73.9521392726622,40.72688561010995,2
152,-74.01970715500788,40.73772847592036,2
153,-74.03404212137902,40.78946469821987,2
154,-73.97972028813052,40.71874756795516,2
155,-73.96274980480626,40.799499748041264,2
156,-74.01643535851753,40.73610311092117,2
157,-73.9706784147319,40.76917029404934,2
158,-74.02607947697682,40.798883876357564,2
159,-73.99528457040134,40.793487025980426,2
160,-74.00667456968418,40.710379267080036,2
161,-74.02336996398812,40.72183863395068,2
162,-73.96345239264349,40.78166221179984,2
163,-73.98123508125427,40.74458031587502,2
164,-74.00001770366435,40.74336665546199,2
165,-74.01309230866228,40.7635158837872,2
166,-73.98845340947958,40.78772661495773,2
167,-74.04222299272227,40.79957051175309,2
168,-74.01935039122931,40.7809204761346,2
169,-73.99568412216315,40.72480455389275,2
170,-74.04687293322505,40.75001416790954,2
171,-74.01969524777368,40.745832914860316,2
172,-74.0121269892795,40.73050721474472,2
173,-74.01556572542664,40.76769976556377,2
174,-73.95190659963602,40.774717110726925,2
175,-73.99195876789976,40.715540584088885,2
176,-73.97201495725301,40.71883997511099,2
177,-74.03078850246683,40.73915289514498,2
178,-73.9693736765481,40.767848501451425,2
179,-74.01191686051033,40.74019082291318,2
180,-74.00902368041916,40.70694716095451,2
181,-73.97989450363109,40.78155165161111,2
182,-73.96346372608878,40.766395299547646,2
183,-73.96093836981247,40.75731376749913,2
184,-74.0064025818167,40.7849677563077,2
185,-73.98176586319121,40.73569430087962,2
186,-73.96818053545552,40.761648996748725,2
187,-74.01596770380216,40.73128827737386,2
188,-74.01223207110066,40.71200324839286,2
189,-73.96086011262771,40.74933898084875,2
190,-74.0030725880854,40.77533640880399,2
191,-73.99332632818094,40.7741696182816,2
192,-74.03078298840563,40.77513928054713,2
193,-73.99344862454944,40.75829882592255,2
194,-73.95878056869793,40.729722659567464,2
195,-73.99581480693763,40.7656643398018,2
196,-73.9674190791524,40.70650860764012,2
197,-73.96442807184953,40.763553802131085,2
198,-73.9602347572723,40.742457719545484,2
199,-73.95203981214657,40.7134268857917,2
0,-74.0210690385627,40.70265558276628,3
1,-73.95862335096129,40.78835991996485,3
2,-73.97351593099893,40.77144969217909,3
3,-74.03613823714744,40.71707725134149,3
4,-73.95156714661114,40.710388469093374,3
5,-73.9628559272106,40.71923655330616,3
6,-74.0201492214105,40.79788226824612,3
7,-73.96634125388672,40.746464875630735,3
8,-74.04044258547529,40.778930661417604,3
9,-73.95319304068617,40.765737631783644,3
10,-73.98133927993743,40.759930658235916,3
11,-73.98228882743489,40.71775745622135,3
12,-74.04570357949055,40.7983122256689,3
13,-73.95915415886282,40.728955991019895,3
14,-74.04559773491373,40.75450855712283,3
15,-74.02501826219472,40.77236563018861,3
16,-74.03621869086234,40.767356624990974,3
17,-73.97019493272295,40.7930201789499,3
18,-74.02793610539896,40.71481430363822,3
19,-73.95837256809983,40.74749949036675,3
20,-73.98523008384437,40.74127210908767,3
21,-74.04939778697592,40.75037567998186,3
22,-74.04976514116034,40.71208164492666,3
23,-74.04771420269186,40.712142248717875,3
24,-73.9909370798463,40.725336018613284,3
25,-73.97069834790021,40.728984600970804,3
26,-74.02765975666347,40.74337057449976,3
27,-73.96366283753757,40.76095524612524,3
28,-74.04510502804897,40.767503524784054,3
29,-73.969409187391,40.737730590300565,3
30,-73.95724913270267,40.74060980798445,3
31,-73.97499285839905,40.72103674667207,3
32,-73.98176338401983,40.75987264270095,3
33,-73.96533526319662,40.73224979885567,3
34,-74.04531410501866,40.70347351406617,3
35,-74.03289234561527,40.742008071263,3
36,-74.0357020516157,40.747647276745646,3
37,-73.99713614415631,40.72437754124356,3
38,-73.97525539733368,40.7574418026262,3
39,-73.98775720357145,40.75573202743817,3
40,-73.96576817456403,40.77035164719994,3
41,-74.03416147037302,40.764374023685,3
42,-73.97684906470955,40.76628122363423,3
43,-74.02728575472736,40.73232620074634,3
44,-74.0245459900965,40.7773879491321,3
45,-73.97689691647938,40.75506728908631,3
46,-73.95181742645858,40.74466987974345,3
47,-73.98271330648132,40.7629326182774,3
48,-74.04430397299541,40.734327756698725,3
49,-73.98788606052234,40.74929492091184,3
50,-73.96561397142351,40.711001582975214,3
51,-74.00893096019459,40.72223872189702,3
52,-73.97053354700611,40.794682789488135,3
53,-74.02681066535297,40.70517770938924,3
54,-73.99258010272587,40.74212348350399,3
55,-74.0080192436157,40.76715618719885,3
56,-74.01771472588497,40.703054222589294,3
57,-73.96879586063429,40.70020809130264,3
58,-74.02774723242479,40.71851214648862,3
59,-74.03170120807447,40.78801832366576,3
60,-74.00794258540162,40.70567822755939,3
61,-73.97357161441744,40.707359895830926,3
62,-73.96246659483272,40.708766099606365,3
63,-73.9534564879117,40.716854367447134,3
64,-74.02228003418587,40.75379569451443,3
65,-74.00330545682556,40.71738091305188,3
66,-74.03077504137384,40.75898424173711,3
67,-73.99815226063039,40.764704950269845,3
68,-73.95594818915762,40.7788790691603,3
69,-73.97545770958155,40.701650903552206,3
70,-73.9945167180923,40.790292729900465,3
71,-74.01013204834824,40.76621982411832,3
72,-73.96381013474758,40.71286669032936,3
73,-74.00029229249395,40.77664125275978,3
74,-74.04808073932807,40.7855789666895,3
75,-74.01546714328931,40.72339706382394,3
76,-74.03516057478886,40.78560028090272,3
77,-74.03706633687698,40.74682162671169,3
78,-74.04990882621637,40.77135803129875,3
79,-74.0088473222516,40.7971529796654,3
80,-73.98910030774758,40.73553379845862,3
81,-74.01246212215756,40.78705176068419,3
82,-74.00451268133939,40.73745027064142,3
83,-73.96220296119255,40.77248008323086,3
84,-73.98135036889364,40.76669688335019,3
85,-73.9884429994877,40.72014107085717,3
86,-74.02001100201836,40.74771255169666,3
87,-73.95656171120957,40.73453703814523,3
88,-74.0269759062394,40.70247449423018,3
89,-74.0136698568591,40.70118830481684,3
90,-73.96348042140062,40.743380889253885,3
91,-73.9931098279728,40.707619001758026,3
92,-73.96454062729528,40.725329150590255,3
93,-73.99161664333023,40.77525964873786,3
94,-73.99683517864064,40.768447371533554,3
95,-74.0185704201531,40.77920364438126,3
96,-74.01834413654021,40.73076775311552,3
97,-74.02885970250473,40.783167510351355,3
98,-74.02710652224532,40.75190996989762,3
99,-73.96554296579458,40.71036062137754,3
100,-74.02886712166261,40.71523891683651,3
101,-73.99127522598346,40.77255955764561,3
102,-73.972997551284,40.719874094139996,3
103,-73.97150983807965,40.76018568157592,3
104,-74.00500507762062,40.795369304071855,3
105,-73.99444800831964,40.70242087442806,3
106,-73.95020767694689,40.70236198875362,3
107,-73.97563931137726,40.79831883049867,3
108,-73.96563738539952,40.7608611634336,3
109,-73.9526778501397,40.70758273308123,3
110,-73.9681232434393,40.79273219522307,3
111,-74.02706759471317,40.79017557767511,3
112,-73.99456737241015,40.76245847776988,3
113,-74.04702208248993,40.75846222602554,3
114,-73.97932322524245,40.73221199709998,3
115,-73.95524555455604,40.70039713484472,3
116,-74.00082916348647,40.745375526850474,3
117,-74.01288585668763,40.72187923563518,3
118,-74.03751577336325,40.774635503857226,3
119,-73.95132625656366,40.79947513807976,3
120,-74.04108600200112,40.71160223837933,3
121,-74.03672902962192,40.75070037509103,3
122,-74.02839564035794,40.72045279447223,3
123,-74.0434914212622,40.78260967292503,3
124,-74.01079825218771,40.735286754376865,3
125,-74.00421163009179,40.76610057289038,3
126,-74.02354012227198,40.76320400747684,3
127,-74.04158965389456,40.73629425827537,3
128,-74.03508998155256,40.756903501841414,3
129,-74.00834876352998,40.784260990883446,3
130,-74.03479910504656,40.755582862647124,3
131,-73.97794721467488,40.77969717182548,3
132,-74.02389720102569,40.79517127898955,3
133,-74.01328142613649,40.746614270962745,3
134,-74.01403934121004,40.756192132445705,3
135,-74.00484331921545,40.70067538518637,3
136,-74.04939838807758,40.78337529579307,3
137,-74.042571296493,40.76278088652955,3
138,-73.96629037046891,40.74677071826481,3
139,-74.04234388657396,40.71177901253415,3
140,-74.001741729737,40.78297529492105,3
141,-73.99587479886523,40.73411178376631,3
142,-74.01141958420224,40.76787772863688,3
143,-74.00834336003273,40.72384597308234,3
144,-73.98081625751529,40.799154716287134,3
145,-73.9650600454409,40.7288817115328,3
146,-74.02579293292891,40.72880277436184,3
147,-74.01397648898808,40.79303804617219,3
148,-74.01735194210735,40.7858270544224,3
149,-73.99886816105054,40.7153719571203,3
150,-73.98475501747676,40.7403539684382,3
151,-73.95118236597958,40.72599317563972,3
152,-74.01803120133809,40.739430925926555,3
153,-74.03510416026509,40.791695662923004,3
154,-73.9841520509241,40.71896764644752,3
155,-73.96088177039435,40.797811775638735,3
156,-74.01816072743551,40.732329103439184,3
157,-73.97356220015362,40.77142062380943,3
158,-74.02319654973215,40.79627678857785,3
159,-73.99315079809962,40.79751788321377,3
160,-74.01138034616817,40.71340458974132,3
161,-74.02189208293278,40.72469965944493,3
162,-73.96353444193166,40.78526503425266,3
163,-73.97915098051723,40.74381871421779,3
164,-74.00433532375472,40.74578276952384,3
165,-74.01550818590442,40.764543074374394,3
166,-73.98333253036843,40.786308924720366,3
167,-74.04366682928983,40.79371507256991,3
168,-74.02142359856178,40.78462595111664,3
169,-73.99673014152346,40.719772806463226,3
170,-74.04437205109849,40.75384941969353,3
171,-74.01798587589236,40.74697004872584,3
172,-74.00930621645563,40.73086036316715,3
173,-74.01356932082973,40.77145496988877,3
174,-73.95489669269062,40.77502369552364,3
175,-73.98962255598717,40.71762963645786,3
176,-73.97328364804757,40.72324820961116,3
177,-74.0307031156834,40.74184223784122,3
178,-73.96666323567595,40.76969306090019,3
179,-74.01285092093364,40.735731802103494,3
180,-74.00833538828265,40.710773460876325,3
181,-73.98394860910592,40.78432844728484,3
182,-73.96642244960492,40.76951259800852,3
183,-73.96371404902322,40.752661046846036,3
184,-73.9958915476176,40.78682901254169,3
185,-73.97327206352327,40.74557983559109,3
186,-73.97829387227395,40.76802512888984,3
187,-74.00720317496435,40.720601352697585,3
188,-74.0215161253718,40.71567611130635,3
189,-73.97474098951156,40.746800143537975,3
190,-74.01613145572951,40.77050274759439,3
191,-73.98686646464533,40.78197066233115,3
192,-74.04084772888487,40.78067680215077,3
193,-74.00369098837811,40.7491746319815,3
194,-73.95059424799348,40.73490987793105,3
195,-73.98574020259049,40.77334633439549,3
196,-73.96823965064897,40.70622341139171,3
197,-73.97414829941664,40.75832988999174,3
198,-73.97203690752994,40.7414690850877,3
199,-73.95816111668955,40.70846479290942,3
0,-74.02107357585882,40.70267197804151,0
1,-73.95993528721259,40.78799856436624,0
2,-73.97365547588109,40.77144139279667,0
3,-74.03612487115305,40.71706844347989,0
4,-73.95209833331702,40.70991639460136,0
5,-73.96307789624798,40.72002722503224,0
6,-74.0194668414123,40.79777734282945,0
7,-73.96620820274703,40.74634684294257,0
8,-74.04008597437526,40.7791952366702,0
9,-73.95287805149422,40.764931038001784,0
10,-73.98104835042118,40.75966498342232,0
11,-73.98278571471447,40.71709124548419,0
12,-74.04594572685677,40.798360780500296,0
13,-73.95901900802085,40.729718893139655,0
14,-74.04658126387655,40.75474910302654,0
15,-74.0249990447113,40.77175444773198,0
16,-74.0360922353692,40.76715844746979,0
17,-73.97021573026154,40.79290984625258,0
18,-74.02704694470684,40.714509552947185,0
19,-73.95853995904878,40.74761873077188,0
20,-73.98568353210892,40.741820370730764,0
21,-74.04996644557403,40.75109761417757,0
22,-74.04931170735192,40.71184288221319,0
23,-74.0476590194408,40.71143821452557,0
24,-73.99119234783109,40.724236181099045,0
25,-73.97078740063199,40.7289456611234,0
26,-74.02926233756311,40.74384156685797,0
27,-73.96342724564651,40.76064395451321,0
28,-74.0451579142987,40.767563792004054,0
29,-73.96931139121504,40.73742652728305,0
30,-73.95724826078362,40.74061137269288,0
31,-73.97498534081723,40.72104302181708,0
32,-73.98177608797558,40.75989210563357,0
33,-73.96560416535137,40.732019398627784,0
34,-74.04504188065576,40.70367225035767,0
35,-74.03486974387906,40.743350192623026,0
36,-74.03506065177349,40.74722589093911,0
37,-73.99635319141898,40.72489380211273,0
38,-73.97521120907777,40.75747367686663,0
39,-73.98757322652165,40.75562934012467,0
40,-73.96594161094788,40.770540615187585,0
41,-74.03336362106813,40.76458904933106,0
42,-73.97671894344901,40.76671649493014,0
43,-74.0274670316042,40.73222124630611,0
44,-74.02413258048664,40.77731215478138,0
45,-73.9763403709595,40.75488557106584,0
46,-73.9517559207594,40.74467611170038,0
47,-73.98234127936924,40.76356573554711,0
48,-74.04337345897734,40.73373807947866,0
49,-73.98780716635538,40.74929931721175,0
50,-73.96514281428651,40.710069700733705,0
51,-74.00817529401175,40.721972533834276,0
52,-73.97133012038834,40.7942561509731,0
53,-74.02725606970414,40.70543836044089,0
54,-73.9924721022961,40.74225752609363,0
55,-74.00739611763888,40.76568653228071,0
56,-74.01771094934624,40.70300248376445,0
57,-73.96967154585217,40.700110284698404,0
58,-74.02775985296391,40.718501020483295,0
59,-74.03011647460228,40.78771045396757,0
60,-74.00770483069327,40.706126300448204,0
61,-73.9737070018947,40.70479170443042,0
62,-73.96072922882396,40.70843228224277,0
63,-73.95352265546026,40.71894543986842,0
64,-74.02232673223087,40.752700868698305,0
65,-74.00283537084923,40.71595266457407,0
66,-74.03051129615214,40.75902202951647,0
67,-73.99876569834217,40.76489970866995,0
68,-73.95681505517489,40.77865887520901,0
69,-73.97531300754282,40.701767944025555,0
70,-73.99437638677865,40.790053072259894,0
71,-74.00977190286812,40.76581104497161,0
72,-73.9631203856366,40.71296411380345,0
73,-74.00053752561173,40.77637145856439,0
74,-74.04916165797755,40.78549696121003,0
75,-74.01539961249095,40.72350212250789,0
76,-74.03462755229826,40.785004907287494,0
77,-74.0383721430552,40.74916714718705,0
78,-74.04963945908175,40.77267087102536,0
79,-74.00963594598119,40.79544475075838,0
80,-73.98955210789683,40.73458545224227,0
81,-74.01108263317522,40.787976501527744,0
82,-74.00478044638334,40.737448572217865,0
83,-73.9618439800114,40.77187198137502,0
84,-73.98146763624112,40.76688879933814,0
85,-73.98617249104608,40.717674645335464,0
86,-74.01995511376236,40.74763963081002,0
87,-73.95628294486615,40.73466574415631,0
88,-74.02737300934615,40.70285678605982,0
89,-74.01392549997715,40.70059752678877,0
90,-73.96387593160537,40.745987610475986,0
91,-73.9930958103179,40.70994940304937,0
92,-73.96499773278957,40.72659567959108,0
93,-73.99190140577737,40.77529552066014,0
94,-73.99695447575502,40.76843253664086,0
95,-74.01979485647608,40.779736649277,0
96,-74.01751021183131,40.731865413108345,0
97,-74.029831976634,40.78289250114578,0
98,-74.0255239973218,40.75158147572315,0
99,-73.96600899916089,40.70899399606153,0
100,-74.03031028516673,40.715212670571404,0
101,-73.9905930223726,40.77199151925156,0
102,-73.97269825377982,40.72003018744615,0
103,-73.97109603810986,40.76136969345656,0
104,-74.00495283265036,40.79432006033277,0
105,-73.99330095479999,40.700308294703746,0
106,-73.95181424319188,40.70246276791283,0
107,-73.97568213039754,40.798310877885854,0
108,-73.96609385028997,40.76072559773813,0
109,-73.95250792401863,40.707249737079955,0
110,-73.96754999669601,40.793474073683015,0
111,-74.02627180367803,40.79119611607052,0
112,-73.99583525292265,40.7637869676013,0
113,-74.04879953365212,40.75895741314222,0
114,-73.97799850405497,40.732686778432104,0
115,-73.95571278275908,40.70066691123891,0
116,-74.00131657519407,40.74289402165329,0
117,-74.01458809059737,40.72161289127209,0
118,-74.03585290307224,40.775075379889024,0
119,-73.95056993256037,40.79782104245869,0
120,-74.04093699896197,40.71319590073179,0
121,-74.03569189186085,40.74937639854135,0
122,-74.02857218248325,40.72056391977885,0
123,-74.0447432070932,40.781474173734495,0
124,-74.01020639829845,40.73751490365922,0
125,-74.00514399751268,40.7667703570302,0
126,-74.02404560845811,40.7662601089809,0
127,-74.04152633024516,40.736214324395625,0
128,-74.03466126267682,40.7556259811537,0
129,-74.00952374390828,40.78500270208676,0
130,-74.03410261888446,40.755399546645286,0
131,-73.9773090884459,40.78163250260889,0
132,-74.02258822733747,40.79432700850177,0
133,-74.01301469358208,40.74714146734615,0
134,-74.01477103148642,40.75711199069231,0
135,-74.0052904957867,40.70098419755002,0
136,-74.04995808598291,40.783860609360254,0
137,-74.04421627492297,40.76422805695768,0
138,-73.96669457940777,40.7470616126496,0
139,-74.04233275600012,40.71246655439552,0
140,-74.0008260205915,40.78113181227903,0
141,-73.99580243813361,40.73168437150126,0
142,-74.01027421222685,40.767100838856706,0
143,-74.00879769045477,40.72484421373078,0
144,-73.9819715546929,40.797960229377914,0
145,-73.96377036327453,40.72970430254653,0
146,-74.0255553592515,40.729618403992,0
147,-74.01407463142631,40.793003574963926,0
148,-74.01769650561843,40.78500762814842,0
149,-73.9985961281025,40.71514807977053,0
150,-73.984713671161,40.739690065804645,0
151,-73.95329437041505,40.72348368487246,0
152,-74.01607820686719,40.73566703575008,0
153,-74.03717498538579,40.79303376444067,0
154,-73.9852493495411,40.715525010636014,0
155,-73.96000219281572,40.79618456053694,0
156,-74.01835560389425,40.72832826095986,0
157,-73.97612726329923,40.77429715037014,0
158,-74.02165014792587,40.79304546357678,0
159,-73.99315333663651,40.79733470820986,0
160,-74.01408110925182,40.71856527553662,0
161,-74.01933580893902,40.72676087067472,0
162,-73.96485239840118,40.788139505629744,0
163,-73.97574922620349,40.74402697847634,0
164,-74.0055317893527,40.750243093355174,0
165,-74.01660455892106,40.76697132131449,0
166,-73.9798986904418,40.78482183324578,0
167,-74.04342582524595,40.78884013472388,0
168,-74.0197154212293,40.788766953185274,0
169,-73.99862461349059,40.713507712115224,0
170,-74.04477753077134,40.758426008812194,0
171,-74.01573492333944,40.74670241333425,0
172,-74.00719369477467,40.732129854019334,0
173,-74.01011165725143,40.77405024703616,0
174,-73.95656218656424,40.77601451364866,0
175,-73.98603098077447,40.71780956212111,0
176,-73.97831731754788,40.72489512007925,0
177,-74.02778837083805,40.74393034445502,0
178,-73.96330290374414,40.76995349139647,0
179,-74.01353083122947,40.73088022319805,0
180,-74.00479117345805,40.7128648877178,0
181,-73.98743988636,40.78693002193612,0
182,-73.97125288346898,40.76646545063449,0
183,-73.96757692637036,40.750462713012176,0
184,-73.98550071135382,40.78683037608295,0
185,-73.96882912487035,40.75854096391751,0
186,-73.99045454029012,40.76994991877584,0
187,-73.9938774660063,40.729824241992766,0
188,-74.0308079802177,40.710945888632075,0
189,-73.97830017845085,40.733785095054955,0
190,-74.02968821963549,40.7747960257879,0
191,-73.97789015361806,40.782977279991265,0
192,-74.04798509601446,40.78502988991481,0
193,-74.01779656655786,40.752990059849,0
194,-73.95878222223136,40.737724467737735,0
195,-73.97832814134557,40.781531453660534,0
196,-73.96134863917538,40.716957574416625,0
197,-73.98538783379328,40.76285418928027,0
198,-73.98367486925395,40.74477862078784,0
199,-73.96360506507163,40.70106524050528,0
0,-74.02036546918322,40.70241097698595,1
1,-73.96014542543548,40.787966079070785,1
2,-73.9736468464846,40.77142470062052,1
3,-74.03587363677877,40.716567299318584,1
4,-73.95166365993992,40.70989437123684,1
5,-73.96351413827037,40.720687772257016,1
6,-74.01937597263762,40.79774062728643,1
7,-73.96590629051249,40.74650302156348,1
8,-74.03839382098224,40.77891813750716,1
9,-73.95195609513934,40.764608767860864,1
10,-73.98021924366415,40.76031075900529,1
11,-73.98310212759596,40.71693574505043,1
12,-74.04688893381702,40.7989925459664,1
13,-73.96072585305119,40.73085424820637,1
14,-74.0470777858193,40.75464292392675,1
15,-74.02499611649966,40.77173915609387,1
16,-74.03616395609471,40.767257586449965,1
17,-73.97022530153116,40.79314581658008,1
18,-74.02703842811526,40.714508060149775,1
19,-73.95729466442965,40.74707972996332,1
20,-73.98547732880995,40.74157645752037,1
21,-74.04990050348289,40.7521167794001,1
22,-74.04933068304655,40.71200107208112,1
23,-74.04741778603794,40.711610536101524,1
24,-73.99108427060042,40.72451518709624,1
25,-73.9709259487869,40.72837189622246,1
26,-74.02994346592847,40.743926689096654,1
27,-73.9635974265864,40.75932944595096,1
28,-74.04515064518897,40.769004415455115,1
29,-73.96933233545494,40.737430953085116,1
30,-73.95689364341989,40.741092163358985,1
31,-73.97391492548422,40.721931519004755,1
32,-73.98215286884803,40.76010504442246,1
33,-73.96707597651624,40.73277731045044,1
34,-74.04389044666163,40.70344040998633,1
35,-74.03555141514951,40.742193325155505,1
36,-74.03500175805608,40.74684961985671,1
37,-73.99636363804767,40.72600616938292,1
38,-73.97544183675072,40.75819412200148,1
39,-73.98766241357181,40.75577611421275,1
40,-73.96601107825482,40.77055806335446,1
41,-74.03328147286082,40.7647438018706,1
42,-73.97674331647868,40.76658895433315,1
43,-74.027597399095,40.73207777480551,1
44,-74.02399586995273,40.77729694332294,1
45,-73.97689710123107,40.755309927669934,1
46,-73.9523010050443,40.74528520505213,1
47,-73.98197393876175,40.76414885911219,1
48,-74.04169744469128,40.7333122502203,1
49,-73.98750729345657,40.74920399870162,1
50,-73.9652106572051,40.709775281434375,1
51,-74.00808387800544,40.721585725054766,1
52,-73.9719307354792,40.79309559696667,1
53,-74.0291338737083,40.704654584790376,1
54,-73.99311880197001,40.74247212712788,1
55,-74.00836415334616,40.7649301376462,1
56,-74.01764900207411,40.70172058611789,1
57,-73.9703034808012,40.70044849222788,1
58,-74.0276077528203,40.71846578746546,1
59,-74.02966207299401,40.78834554961765,1
60,-74.00706238330946,40.70768714807655,1
61,-73.97359455935792,40.70456113099411,1
62,-73.95883399173297,40.70792683361385,1
63,-73.95424707455045,40.719879832171586,1
64,-74.0226366272448,40.75171648952722,1
65,-74.00108631240684,40.71432316999132,1
66,-74.03037277103246,40.75908542588696,1
67,-73.9987353248659,40.7652103128428,1
68,-73.95654042699402,40.77790423984924,1
69,-73.97477503822479,40.70234405652043,1
70,-73.99435357274758,40.790053891614605,1
71,-74.00992012969537,40.76493048958114,1
72,-73.96260727592694,40.71284515786091,1
73,-74.00222870977177,40.77659948992358,1
74,-74.04726210137477,40.78640051640332,1
75,-74.0159232840539,40.72288741000705,1
76,-74.03419083709642,40.784400546523266,1
77,-74.0387186539826,40.750613367122334,1
78,-74.04776661453829,40.7744487879562,1
79,-74.01057382663217,40.79420968288623,1
80,-73.99018486091428,40.73464392028502,1
81,-74.0090755542279,40.78845102502196,1
82,-74.00490854740315,40.737446534463636,1
83,-73.96184220649629,40.771431191436044,1
84,-73.98220882194416,40.7669898757644,1
85,-73.9848217615495,40.71588409963726,1
86,-74.02020901515402,40.74813160481183,1
87,-73.95438265955559,40.73567595673034,1
88,-74.02658276420725,40.70364772808242,1
89,-74.0133673762885,40.700825704356824,1
90,-73.96403518066585,40.74825976425754,1
91,-73.9936692027971,40.711456245026696,1
92,-73.96422812221915,40.727851972104574,1
93,-73.99265058794921,40.77537652821864,1
94,-73.99757919790942,40.76889566879479,1
95,-74.02117955095586,40.779882160310734,1
96,-74.01620754089728,40.733256516760655,1
97,-74.03063543997702,40.78261371626387,1
98,-74.0248697663918,40.75214480967505,1
99,-73.96488143953223,40.70570819920739,1
100,-74.03112128341208,40.714742685140116,1
101,-73.99005789893486,40.771185998313555,1
102,-73.97291376847689,40.719897628758915,1
103,-73.9702270144275,40.76235462009456,1
104,-74.00461448135674,40.79379844473786,1
105,-73.99227562536774,40.70075970460042,1
106,-73.95236399688265,40.7044718496347,1
107,-73.97472473359981,40.798226960616,1
108,-73.96570655456289,40.76018833524531,1
109,-73.95294178051118,40.70764110705226,1
110,-73.965464867589,40.79242856577113,1
111,-74.02615073886724,40.79156481133597,1
112,-73.9976312249346,40.7654830299397,1
113,-74.04927171070955,40.7568319069307,1
114,-73.9771977795868,40.73412964782049,1
115,-73.9556981276742,40.7008748025705,1
116,-74.00121824259057,40.74097526934553,1
117,-74.01546675332852,40.722444068995216,1
118,-74.03445423116477,40.775049952957154,1
119,-73.95013249180442,40.79593752762855,1
120,-74.0407874555956,40.713157260271835,1
121,-74.03439543136159,40.747586036442634,1
122,-74.0290066146093,40.72094737236156,1
123,-74.04517398449384,40.780436726778326,1
124,-74.00920137483439,40.73863370689447,1
125,-74.0064972377986,40.76737795567139,1
126,-74.02495313219734,40.76763973842926,1
127,-74.04240017035393,40.73642275533274,1
128,-74.03428383521887,40.75406187050996,1
129,-74.00926693114157,40.78655120902894,1
130,-74.03329179035617,40.75497391984836,1
131,-73.9766064292881,40.781684512680144,1
132,-74.0211524863518,40.79383301130437,1
133,-74.01300739903222,40.74716542731239,1
134,-74.01505615138295,40.75694814792043,1
135,-74.00534133444273,40.70112113414084,1
136,-74.04936847067204,40.78515872140812,1
137,-74.04500471888416,40.76554455154716,1
138,-73.96704788581577,40.747179662237116,1
139,-74.04299519692579,40.71484860067007,1
140,-74.00070747868881,40.7794075330958,1
141,-73.99382717155558,40.730643654866185,1
142,-74.00976994121078,40.76606038669309,1
143,-74.00951134940398,40.72514039436454,1
144,-73.98199032983322,40.79793792776686,1
145,-73.9627096897161,40.73157911177641,1
146,-74.02499913340964,40.731026280712925,1
147,-74.01430471451995,40.79323341300502,1
148,-74.01786137696102,40.784036100221265,1
149,-73.99760409983689,40.7146192272501,1
150,-73.9846752339191,40.739780293807165,1
151,-73.95249393604757,40.7190062865919,1
152,-74.0113400256687,40.736432195871586,1
153,-74.03631215086918,40.795734503409534,1
154,-73.98923280086088,40.71444309697759,1
155,-73.95767743107193,40.79409469069199,1
156,-74.01997622418588,40.72477126579448,1
157,-73.97676197482723,40.77900612495653,1
158,-74.01759724993282,40.79307667487237,1
159,-73.99495927722639,40.79286286461017,1
160,-74.01806320094408,40.72208481618746,1
161,-74.01927614061755,40.730320631243885,1
162,-73.96620065672555,40.791214006175736,1
163,-73.97285529306282,40.742374066082164,1
164,-74.00614104723385,40.754219448376205,1
165,-74.01394587213736,40.77050758579931,1
166,-73.97742738586362,40.78246122029494,1
167,-74.04387695136339,40.78395295963557,1
168,-74.01878260057013,40.79250379337618,1
169,-74.00212682604118,40.70757414222782,1
170,-74.04707619197582,40.761618382303816,1
171,-74.01494018706396,40.74444361183997,1
172,-74.00478484985011,40.73185396318492,1
173,-74.0070855249752,40.776963000919565,1
174,-73.95733162671695,40.777502665884136,1
175,-73.98543760978083,40.7208668002653,1
176,-73.98189390386041,40.724551615806654,1
177,-74.0253506076046,40.7469710219409,1
178,-73.96110010143079,40.77230481472187,1
179,-74.0167732782691,40.72920807535786,1
180,-74.00149968758898,40.71644435760641,1
181,-73.99114659787901,40.78687264572746,1
182,-73.97661191123314,40.76837197085069,1
183,-73.97109449541162,40.749264721972146,1
184,-73.9860142552477,40.79699889078472,1
185,-73.98285038312729,40.76136301442139,1
186,-74.00376562909688,40.76935365753109,1
187,-73.98269091403606,40.74010634148948,1
188,-74.03773620165056,40.704943710474545,1
189,-73.98824755295186,40.725765126582715,1
190,-74.03993896652845,40.76559340343344,1
191,-73.96821010912956,40.78433515144177,1
192,-74.0415496207723,40.79307561847479,1
193,-74.03233454191265,40.75277983646435,1
194,-73.96878993776009,40.73736465033478,1
195,-73.97074278304342,40.789306632924195,1
196,-73.95049774209274,40.70856465608262,1
197,-73.99656617719377,40.76270924116421,1
198,-73.99514871636623,40.74417305346975,1
199,-73.97254195266159,40.70849287483607,1
0,-74.02043155913216,40.702083575812956,2
1,-73.95911799621298,40.78763783790777,2
2,-73.973506439917,40.771575990890696,2
3,-74.03586097172911,40.71656786429986,2
4,-73.95178035583712,40.70945208376695,2
5,-73.9636270068118,40.720817058448695,2
6,-74.01908605427873,40.797094723967184,2
7,-73.96735223599885,40.74609797582039,2
8,-74.03737079020293,40.77824300685335,2
9,-73.9519686249744,40.764646230344994,2
10,-73.97998242208813,40.76012617955542,2
11,-73.98301828187283,40.71655803427841,2
12,-74.04725364955773,40.79932662901973,2
13,-73.96028575459131,40.73275167001653,2
14,-74.04714727311787,40.75465691878058,2
15,-74.0247139997756,40.771929074837246,2
16,-74.03579081308523,40.7672226590032,2
17,-73.97081254937487,40.792484215196524,2
18,-74.02809791641725,40.71491600790365,2
19,-73.95715678726636,40.746757343796986,2
20,-73.9847598629568,40.74169784302583,2
21,-74.04868580933527,40.753133106238444,2
22,-74.04954744748018,40.712148724555156,2
23,-74.04716808214488,40.71178647097164,2
24,-73.99070310107068,40.725045141317295,2
25,-73.97081074209233,40.72870155295169,2
26,-74.03056601048851,40.74407474633182,2
27,-73.96401913231196,40.759254144547995,2
28,-74.0451302634237,40.768895333369876,2
29,-73.9701664974739,40.73840318819853,2
30,-73.9570590699771,40.74102168364038,2
31,-73.97398754911401,40.72260065800626,2
32,-73.98236740575133,40.76017467434626,2
33,-73.96829268993964,40.732906251696136,2
34,-74.04334035368086,40.70345975710423,2
35,-74.03577440072809,40.7417351456327,2
36,-74.03469208253098,40.74597629290718,2
37,-73.99604366899734,40.72745455972052,2
38,-73.97567811816945,40.757799525192965,2
39,-73.98761560971593,40.75619785990544,2
40,-73.96599260585072,40.77049600952687,2
41,-74.03446039058603,40.764146767015255,2
42,-73.9768824936769,40.76680221211291,2
43,-74.02815017129905,40.7321304869743,2
44,-74.02383403838154,40.77704168142572,2
45,-73.97842114278718,40.7551178225004,2
46,-73.95078777669184,40.745507369778444,2
47,-73.98206759458856,40.763802426537644,2
48,-74.0391598512887,40.73435725601479,2
49,-73.98765798247943,40.749396713199886,2
50,-73.9643361372356,40.70937376051044,2
51,-74.00790585801582,40.720974477243566,2
52,-73.97325085795832,40.792153717525295,2
53,-74.03074926195778,40.704513760726236,2
54,-73.99358926994105,40.741560118797544,2
55,-74.01035154860061,40.76392345720186,2
56,-74.01879412458005,40.700556346539734,2
57,-73.97148191010707,40.70111526603752,2
58,-74.02774993503307,40.718431488054854,2
59,-74.02939337884287,40.78832720482896,2
60,-74.00775917350097,40.71000540288022,2
61,-73.97378899167363,40.703653690115004,2
62,-73.95784577158486,40.70834508992875,2
63,-73.95455429536955,40.720416280671955,2
64,-74.02342900767187,40.751454191773156,2
65,-74.00067994078927,40.71322571250086,2
66,-74.03066799853181,40.75903851372975,2
67,-73.9983181903758,40.76527443081904,2
68,-73.95621171188023,40.77727196346136,2
69,-73.97441933355242,40.70217982895129,2
70,-73.99343295035996,40.79078852211785,2
71,-74.01005565921565,40.765111884531464,2
72,-73.96294466344972,40.71279034440235,2
73,-74.00277325037716,40.775790902649234,2
74,-74.04563056330261,40.7862323029474,2
75,-74.01658288462184,40.72187141937218,2
76,-74.0328001899119,40.784276046642205,2
77,-74.0393226898966,40.75174226131477,2
78,-74.0463481611482,40.77684993058668,2
79,-74.01156189900507,40.79305281227956,2
80,-73.99146927091057,40.73464747299203,2
81,-74.00806391171025,40.78902762323442,2
82,-74.00426029354654,40.7371903435495,2
83,-73.96229525007142,40.770646509423315,2
84,-73.98232668690508,40.76849028871225,2
85,-73.98331763166404,40.71733023962113,2
86,-74.02001175098195,40.7491007478047,2
87,-73.95301661912951,40.735898173988616,2
88,-74.02631811293034,40.70419688935269,2
89,-74.01335168589283,40.70076930597501,2
90,-73.96372283303477,40.75040484151814,2
91,-73.9936853015346,40.712294398141616,2
92,-73.9631290255649,40.72984409988205,2
93,-73.99285343831569,40.77534868297266,2
94,-73.9972453450317,40.76953583160816,2
95,-74.02345950230782,40.778651329560915,2
96,-74.01409359531642,40.73427500733842,2
97,-74.03141867871157,40.78217446174563,2
98,-74.02386672543273,40.75125240104029,2
99,-73.96600811553607,40.70347515451974,2
100,-74.0304163124361,40.71458703707186,2
101,-73.98985933219535,40.77142318431217,2
102,-73.97255695447674,40.72017621866706,2
103,-73.970531336019,40.76332331392763,2
104,-74.0047567626442,40.792581636905126,2
105,-73.99040265479708,40.7017267856839,2
106,-73.95294848064178,40.70571394128231,2
107,-73.97444276050923,40.79851571579168,2
108,-73.96598699324807,40.759163199959964,2
109,-73.95295079368262,40.70770298603713,2
110,-73.96511313444842,40.79081719922177,2
111,-74.02561808501778,40.79173321283468,2
112,-73.99768313094391,40.768763963936486,2
113,-74.04935181354695,40.756854616979176,2
114,-73.97615400816835,40.734484964827445,2
115,-73.95507368190266,40.70077327200085,2
116,-74.00208305009551,40.74053323479656,2
117,-74.01705186458241,40.72139202026455,2
118,-74.03320006036158,40.77631538146576,2
119,-73.95019968272466,40.79418724360618,2
120,-74.0401640249341,40.71295236275124,2
121,-74.03507170268676,40.74611390357956,2
122,-74.02947992247704,40.72152719291315,2
123,-74.04547684696864,40.779356854134086,2
124,-74.00970646203146,40.73989766188721,2
125,-74.00807479379614,40.76736265663772,2
126,-74.02689231170885,40.768361876502766,2
127,-74.04252937163476,40.737098960188796,2
128,-74.03413483832648,40.75334749550995,2
129,-74.00922911913344,40.78663142643578,2
130,-74.0318117551021,40.754036200345915,2
131,-73.97686187874343,40.78265824437669,2
132,-74.02140538721652,40.792063842210844,2
133,-74.0131717257074,40.74699943337483,2
134,-74.01679083648389,40.75629404262249,2
135,-74.0054182348317,40.700991307186676,2
136,-74.04883129019215,40.786306700552515,2
137,-74.04583506231623,40.767418300990165,2
138,-73.96699114922538,40.747150595006396,2
139,-74.04166271312616,40.71579105131649,2
140,-74.0002509355499,40.77803837229535,2
141,-73.99006616089946,40.72969177544444,2
142,-74.0085274244724,40.76520747412565,2
143,-74.0100736740572,40.72720180488993,2
144,-73.98328697177053,40.797065286110666,2
145,-73.96112237728853,40.73287645100287,2
146,-74.02464102281867,40.73179711893608,2
147,-74.01570202078628,40.79318402293427,2
148,-74.01781166636137,40.78396009497263,2
149,-73.99728624812927,40.71253408024319,2
150,-73.98466821944616,40.73904433022317,2
151,-73.95141971745451,40.71619564222968,2
152,-74.00883658174712,40.7390663896295,2
153,-74.03409175844783,40.79738850464297,2
154,-73.99295079170119,40.71426953570424,2
155,-73.95555552989202,40.7904298502534,2
156,-74.02379259009346,40.72216916779552,2
157,-73.97825501919543,40.78381714025142,2
158,-74.01434588206705,40.79288009652267,2
159,-73.99795708915384,40.7900134728875,2
160,-74.02320768905888,40.72090989919013,2
161,-74.01877593248648,40.73324267756232,2
162,-73.96317077674225,40.79188279318535,2
163,-73.97021206097507,40.7399895668999,2
164,-74.00799642070234,40.75768119363316,2
165,-74.01670651387745,40.77378785168595,2
166,-73.97282837130682,40.78028810893137,2
167,-74.0430247001754,40.779528146875215,2
168,-74.01902896756908,40.7970736191069,2
169,-74.00835139377789,40.70785571108926,2
170,-74.04475227768899,40.76383699816828,2
171,-74.01277531081246,40.7440290146772,2
172,-74.00265524592399,40.733161468110445,2
173,-74.00507414097169,40.77960722821734,2
174,-73.95973627260163,40.77713422915624,2
175,-73.98620548110226,40.724415438399845,2
176,-73.98694196697085,40.72380999554202,2
177,-74.02133174165218,40.74778278434914,2
178,-73.95978379216297,40.775205661023364,2
179,-74.01719534798676,40.72663123385021,2
180,-73.99806896199958,40.719407592818406,2
181,-73.99515737609362,40.78844389796783,2
182,-73.98186217913089,40.76828036537019,2
183,-73.97334285148682,40.75406043911561,2
184,-73.99047977462546,40.79259018507341,2
185,-73.99058947091353,40.750345702153595,2
186,-74.01710468900795,40.76999572305039,2
187,-73.97481999613478,40.72836185175656,2
188,-74.0450514856977,40.701330005202415,2
189,-73.99854422722564,40.718562979314946,2
190,-74.04777910028601,40.76118177210702,2
191,-73.96297906910458,40.79450941368405,2
192,-74.036130717723,40.79589626687885,2
193,-74.04621708400379,40.75315203302451,2
194,-73.97706859102767,40.7429991458313,2
195,-73.96230342383082,40.797731340466484,2
196,-73.9628897961211,40.71357003896386,2
197,-74.00480168060297,40.76939145173966,2
198,-74.0055623417384,40.74930240708304,2
199,-73.98122288425922,40.71427915947857,2
0,-74.02047639574383,40.70202807440965,3
1,-73.95949898770792,40.78754212286543,3
2,-73.9727230579039,40.77148611889622,3
3,-74.03436412861878,40.715334600421585,3
4,-73.95166268648507,40.70950530494212,3
5,-73.96310387736297,40.72096085059601,3
6,-74.01899274735115,40.79682209999364,3
7,-73.96765532267108,40.74626048758308,3
8,-74.03749634540785,40.77820942743509,3
9,-73.95228207838495,40.76429175827442,3
10,-73.97954202855063,40.760497357082,3
11,-73.98274072498347,40.71636649570633,3
12,-74.04839936068966,40.79841666105815,3
13,-73.96015974812792,40.73506928881343,3
14,-74.04621059895493,40.754733880794745,3
15,-74.0242372140649,40.771842523009255,3
16,-74.0357332274517,40.76763936386296,3
17,-73.97128652856334,40.792123447618856,3
18,-74.02834518564698,40.71574757683128,3
19,-73.95739900866825,40.74606000253888,3
20,-73.98544894768905,40.741959607616174,3
21,-74.0479525104684,40.7532654611676,3
22,-74.0493364830535,40.71202764724818,3
23,-74.04670201572988,40.71144730448366,3
24,-73.99021451359499,40.7246933010521,3
25,-73.97168778715162,40.729100659115325,3
26,-74.03112837786473,40.743850893290904,3
27,-73.963755249005,40.75905234074176,3
28,-74.04511382689674,40.76879330502995,3
29,-73.970149979093,40.738397743691706,3
30,-73.95700041244913,40.74113180915079,3
31,-73.9739967423773,40.72315269418782,3
32,-73.98205415282777,40.76025448503294,3
33,-73.96920470267135,40.73301291813751,3
34,-74.04286054427536,40.70349478815121,3
35,-74.03625089258448,40.74049731100228,3
36,-74.03348660559143,40.744907918623795,3
37,-73.9953997565715,40.72830205257011,3
38,-73.97607000135595,40.757053117609466,3
39,-73.9876255796346,40.756238651965084,3
40,-73.9658902882999,40.76989834382136,3
41,-74.03435224440574,40.764303135037686,3
42,-73.97676100384244,40.76792767905004,3
43,-74.0272877991265,40.731929352176635,3
44,-74.02380728324043,40.777141205584066,3
45,-73.97892987027642,40.75504186987881,3
46,-73.95101377820289,40.744124245193525,3
47,-73.98209396626079,40.7632612475776,3
48,-74.03889024692691,40.733895458173706,3
49,-73.98837271717566,40.74926400059991,3
50,-73.96419988203358,40.70944034820605,3
51,-74.00765496287259,40.719973977919885,3
52,-73.9752714091942,40.793972119666996,3
53,-74.03080155566116,40.703397236939544,3
54,-73.9943072102248,40.73983768643749,3
55,-74.00896299130635,40.76271715529095,3
56,-74.01764220212516,40.700866835975454,3
57,-73.9713509292515,40.702275469784986,3
58,-74.02680913022564,40.71841796695186,3
59,-74.02918596870181,40.78811395097798,3
60,-74.00749360075548,40.71095605875052,3
61,-73.9737861518073,40.70290222981324,3
62,-73.95880784278526,40.70893735230274,3
63,-73.95434790778089,40.72099419005234,3
64,-74.0242142336033,40.74997146463373,3
65,-73.99873609089313,40.71301445080167,3
66,-74.0309796327721,40.759034638279836,3
67,-73.99806711969171,40.765214751720826,3
68,-73.95610610048355,40.77743296563172,3
69,-73.97245277740285,40.70260045090157,3
70,-73.99386351294483,40.79193230888601,3
71,-74.01068966509106,40.76577230806502,3
72,-73.96271456759972,40.713035559057055,3
73,-74.00260388818018,40.774680672904886,3
74,-74.04445948764354,40.78765825241473,3
75,-74.01722252591001,40.721118424190195,3
76,-74.03183591748298,40.78255752067239,3
77,-74.04072006155934,40.754218905782,3
78,-74.04597759055095,40.778291323065034,3
79,-74.01199532236986,40.79238870766233,3
80,-73.99182441379664,40.73492621822877,3
81,-74.00589684660619,40.789076640222376,3
82,-74.0038442062922,40.73795250461031,3
83,-73.9631534406159,40.77068133271063,3
84,-73.98254730005884,40.76987921706137,3
85,-73.98257321510243,40.71659817506534,3
86,-74.01889908474932,40.750152146623314,3
87,-73.95204523996766,40.736013831422234,3
88,-74.02564474977282,40.7044893110574,3
89,-74.012705556944,40.70015474643549,3
90,-73.9645740077312,40.75186135225758,3
91,-73.99334791647343,40.71288151193829,3
92,-73.96181447512811,40.7312364651032,3
93,-73.99380755796967,40.774815357792654,3
94,-73.99713600898124,40.77177230828452,3
95,-74.02468348615085,40.7807877301139,3
96,-74.01316897431342,40.736621006423796,3
97,-74.03212979773076,40.781427475017644,3
98,-74.0229765070988,40.751185917751485,3
99,-73.96576910322909,40.70112660850717,3
100,-74.030452939,40.71505486866574,3
101,-73.9898022965531,40.77105038264217,3
102,-73.97245034630888,40.72078036376431,3
103,-73.97141595069289,40.76389991670374,3
104,-74.00450253997039,40.791612503716095,3
105,-73.98829605436771,40.70336016216739,3
106,-73.95371021850474,40.70709002453537,3
107,-73.97295437859712,40.7995438935403,3
108,-73.96553371917483,40.75802999869023,3
109,-73.95248586497111,40.707579577199084,3
110,-73.96509828764938,40.790050431815075,3
111,-74.02478265267312,40.79191196227216,3
112,-73.99982520993059,40.768710572264176,3
113,-74.04902238812689,40.756713116544105,3
114,-73.97546301175214,40.7347012585922,3
115,-73.95446372396081,40.70064478212756,3
116,-74.00297087432155,40.73955119969045,3
117,-74.01899016483559,40.72155528463796,3
118,-74.03248832881494,40.777027512749925,3
119,-73.95088409818975,40.79252998660373,3
120,-74.03920488966065,40.712817930868674,3
121,-74.03542678826777,40.746579753069085,3
122,-74.03000665393967,40.72130995694512,3
123,-74.0444761535648,40.777715337711335,3
124,-74.00981316160761,40.740129049324025,3
125,-74.0076596098191,40.76589222255238,3
126,-74.02965580610179,40.76764606525902,3
127,-74.04261810097763,40.73734132688674,3
128,-74.03456339060158,40.75242240955473,3
129,-74.0093703170425,40.78631790950229,3
130,-74.02947380918397,40.75538151655989,3
131,-73.97759131674398,40.78322960122272,3
132,-74.01982169490299,40.79181067546423,3
133,-74.01268487140884,40.74848760741962,3
134,-74.01704991876919,40.75811377420139,3
135,-74.00537646868932,40.70088464813295,3
136,-74.04835997694822,40.78671460259228,3
137,-74.04521096474691,40.769379314989955,3
138,-73.96696146088676,40.747143688923835,3
139,-74.04165035134479,40.71591398438805,3
140,-73.99955043896706,40.7771393453186,3
141,-73.98841967892132,40.72927738236161,3
142,-74.00607077754125,40.76437554220521,3
143,-74.00958878812914,40.72896465550681,3
144,-73.98411023216455,40.79679212181371,3
145,-73.9598672503797,40.732975606402746,3
146,-74.02474650701085,40.73180250108213,3
147,-74.01607978864799,40.79340709411445,3
148,-74.01731736288359,40.78266569742237,3
149,-73.99455946144992,40.71119269088527,3
150,-73.98351940771477,40.73805250009103,3
151,-73.95064278583716,40.71438171324563,3
152,-74.00551514116366,40.7417830535358,3
153,-74.03196100824246,40.79949855193979,3
154,-73.99380541517567,40.71186898380754,3
155,-73.95217413039367,40.7878959461846,3
156,-74.02796923399359,40.72139814659999,3
157,-73.97542261953609,40.787330671927215,3
158,-74.00935652043395,40.7928756813608,3
159,-73.99914846517302,40.78714027016912,3
160,-74.0284837208936,40.72170072726183,3
161,-74.01977354138015,40.73543956510688,3
162,-73.96130636276797,40.79519142327613,3
163,-73.96666145735891,40.74040125978834,3
164,-74.00464227665448,40.760504917536636,3
165,-74.01931833877461,40.77597654519453,3
166,-73.96893903321298,40.78209175115877,3
167,-74.04790653892994,40.77817193993307,3
168,-74.01704364387602,40.79795976991136,3
169,-74.01400477014076,40.70934637111126,3
170,-74.04311237171267,40.76663972377511,3
171,-74.01036390185418,40.74598897968352,3
172,-74.00210426047947,40.73792518173232,3
173,-74.00160530655117,40.78034558415411,3
174,-73.96360226740782,40.77673301003595,3
175,-73.98641361564042,40.727358338447445,3
176,-73.99189717009398,40.723979275049814,3
177,-74.01812774265152,40.7508234663697,3
178,-73.95622179734175,40.77638247723712,3
179,-74.01451594782824,40.72527231287343,3
180,-73.9985014233005,40.72314141550101,3
181,-73.9986806852045,40.792369201611756,3
182,-73.98668601806808,40.76518534846326,3
183,-73.97899683748064,40.75455201162605,3
184,-73.98825719884078,40.78116940423381,3
185,-74.00159934011359,40.74092681858231,3
186,-74.01815620208983,40.783196985264084,3
187,-73.96187819332617,40.72273954442057,3
188,-74.04647816904823,40.70690336949964,3
189,-74.0036965713881,40.70818616348682,3
190,-74.0404558201267,40.750752589264664,3
191,-73.95952280848638,40.795574684802084,3
192,-74.02509963042715,40.79914062947852,3
193,-74.03950489462186,40.75220378142597,3
194,-73.98709482828615,40.74568988385152,3
195,-73.96800492512064,40.791880063219466,3
196,-73.96342832231129,40.72696503817043,3
197,-74.01082823637546,40.760071565898556,3
198,-74.01657524642995,40.75501890598362,3
199,-73.9906373367235,40.709566738590006,3
0,-74.02031984582172,40.70146631016753,0
1,-73.95946819502863,40.7874865448085,0
2,-73.97240576126407,40.771341105270274,0
3,-74.03301909073038,40.71482684787635,0
4,-73.95161920815926,40.709547617927164,0
5,-73.96336288671907,40.72076718025671,0
6,-74.01901302404079,40.796633208897006,0
7,-73.96794379301106,40.74649781540694,0
8,-74.03739522660946,40.77831554377506,0
9,-73.952732511458,40.7642586426591,0
10,-73.97851007018026,40.759975914077486,0
11,-73.98297953477524,40.716522935450776,0
12,-74.04958828640143,40.79871088037027,0
13,-73.96117682678813,40.73610802441687,0
14,-74.04647063983076,40.75528560005323,0
15,-74.02317716107243,40.77182797804968,0
16,-74.03592244266586,40.766971790868574,0
17,-73.97132596897508,40.792057027366525,0
18,-74.02931053960198,40.716122934870704,0
19,-73.9573297746411,40.745900887132244,0
20,-73.98486730877184,40.741529994363,0
21,-74.0485105719168,40.75352193263401,0
22,-74.04814440564209,40.71173734533566,0
23,-74.04588581664304,40.711419186587584,0
24,-73.98990536333606,40.72505884304598,0
25,-73.97209649446427,40.72996305773851,0
26,-74.0311517526387,40.743891763338446,0
27,-73.9628337925709,40.75870101442165,0
28,-74.04611531032393,40.76937154908699,0
29,-73.97077103264047,40.73886166520516,0
30,-73.9568283117293,40.7413951359979,0
31,-73.97414600895385,40.72298749082128,0
32,-73.98148812810479,40.761117294203174,0
33,-73.96965154298444,40.73316543754951,0
34,-74.0424542005664,40.703307236173714,0
35,-74.03626474799916,40.74066471340604,0
36,-74.03348443769929,40.74300097356117,0
37,-73.9955646288541,40.728860173250254,0
38,-73.97615966731004,40.75583480926764,0
39,-73.9873792690619,40.75608532233887,0
40,-73.96506814588858,40.76960001929527,0
41,-74.03505803420677,40.763873257495504,0
42,-73.97629025215232,40.76876825423572,0
43,-74.02623127829692,40.7316685390759,0
44,-74.02289097831182,40.77755399079931,0
45,-73.97811125841052,40.755249439635534,0
46,-73.95080106294812,40.743964236186144,0
47,-73.98226631625407,40.76360486985508,0
48,-74.03885150639329,40.73383061323409,0
49,-73.98795478769699,40.74950569453467,0
50,-73.96448417941158,40.70918960098667,0
51,-74.00814757849646,40.71918354154326,0
52,-73.97742796313624,40.79467717867042,0
53,-74.03078263038812,40.70260721015483,0
54,-73.9947543955295,40.738286668760665,0
55,-74.0084292127857,40.76201391793199,0
56,-74.01692242902728,40.70160540935885,0
57,-73.97123890458069,40.70373730632411,0
58,-74.02603441042741,40.71971570085628,0
59,-74.02909189420448,40.78807048079059,0
60,-74.00726853689801,40.71235467748573,0
61,-73.97310139538747,40.70263102272987,0
62,-73.95810482433676,40.7097839644315,0
63,-73.95365079635503,40.72259505839658,0
64,-74.02454702606367,40.74783043548215,0
65,-73.99687759472822,40.71228847341748,0
66,-74.02949177406282,40.75981590795999,0
67,-73.99794190090313,40.765122976528225,0
68,-73.95581320334645,40.77759163394909,0
69,-73.97165276706139,40.703041798519365,0
70,-73.99444911438016,40.79255789557657,0
71,-74.01002249774372,40.7655485861934,0
72,-73.9627716389511,40.712942096642685,0
73,-74.00271498213984,40.77386752223062,0
74,-74.04321411046297,40.78939595319082,0
75,-74.01827500994659,40.72036284757967,0
76,-74.03146840587988,40.78152464833642,0
77,-74.04293091015404,40.755233111749,0
78,-74.04560214123667,40.78025090601305,0
79,-74.01171510506113,40.79185307669667,0
80,-73.99211547557573,40.734847388101215,0
81,-74.00588731821456,40.78908774479593,0
82,-74.00379944102698,40.7381198585655,0
83,-73.96351774440309,40.770482973730054,0
84,-73.98186746307408,40.77108364238177,0
85,-73.98223608573979,40.71632556514874,0
86,-74.01860946294691,40.75092932631861,0
87,-73.95188152911078,40.73610953398607,0
88,-74.0253566033587,40.7055458336172,0
89,-74.01153196961248,40.70001847101021,0
90,-73.96433936917671,40.75370210126935,0
91,-73.99275382593378,40.71336809482509,0
92,-73.96208651084915,40.73183744793309,0
93,-73.9941715195609,40.77439416792086,0
94,-73.99773621684294,40.77322825746208,0
95,-74.02504975251563,40.782460850599605,0
96,-74.01151730482468,40.73792534607517,0
97,-74.03420443774569,40.780625841261866,0
98,-74.02127838676492,40.75146423245462,0
99,-73.96461877088322,40.701045911590235,0
100,-74.03159814966624,40.71588807469107,0
101,-73.98987117456655,40.771755894049186,0
102,-73.97210636067373,40.72089538607037,0
103,-73.97192688556115,40.76554413192399,0
104,-74.00353359252473,40.791025517347265,0
105,-73.98778427391333,40.70414994032638,0
106,-73.95248843212677,40.70597242799953,0
107,-73.97166917302272,40.79932716235322,0
108,-73.96478699093174,40.75863187442629,0
109,-73.95254572090417,40.70691178096563,0
110,-73.96468078984343,40.790279912833896,0
111,-74.0245170401184,40.79052044851108,0
112,-74.0013577365804,40.768636895743505,0
113,-74.04950500768405,40.75673371799682,0
114,-73.97501386744294,40.73363605740777,0
115,-73.95443074571067,40.70067198515881,0
116,-74.00296422068878,40.73895709508434,0
117,-74.01909919812095,40.72151632451983,0
118,-74.03213393847957,40.77839579032796,0
119,-73.95139754238532,40.791754824577175,0
120,-74.03832443128651,40.71180428449116,0
121,-74.03492460926009,40.74633990198421,0
122,-74.02988146316974,40.720082774457104,0
123,-74.0438485928169,40.77732085007041,0
124,-74.00911447177707,40.740561474822044,0
125,-74.00988620871739,40.76719990071448,0
126,-74.0320783925907,40.76994071547611,0
127,-74.04353069533809,40.73661223393743,0
128,-74.03472515087374,40.751035053957075,0
129,-74.00939665868,40.78596587502825,0
130,-74.02792158764049,40.753370330641644,0
131,-73.97805243245003,40.78392545024312,0
132,-74.01795364031143,40.79183095634576,0
133,-74.01176413847922,40.74906863525955,0
134,-74.0170459912164,40.759365838765845,0
135,-74.00599604819317,40.70035248252748,0
136,-74.04797015119708,40.78754828596576,0
137,-74.04594659807135,40.77130489314855,0
138,-73.9669785327726,40.747146354491235,0
139,-74.04162905748615,40.7158219123518,0
140,-73.99876221254456,40.775138504282495,0
141,-73.98601772473103,40.726932056610224,0
142,-74.00389196937631,40.76355788440296,0
143,-74.01006141588294,40.72938775832094,0
144,-73.98471018883652,40.79667615028168,0
145,-73.95900630279495,40.734441812737685,0
146,-74.02339454678446,40.732756654437566,0
147,-74.01610451036082,40.79329007159882,0
148,-74.01618738907894,40.78214859103296,0
149,-73.99336781929132,40.70947180067146,0
150,-73.98210584855045,40.73663152207326,0
151,-73.95030761067827,40.71146861931943,0
152,-74.00418339201072,40.745554692713384,0
153,-74.03127650550124,40.79722779263937,0
154,-73.99536736365754,40.709439791371935,0
155,-73.95192593598956,40.7849111289058,0
156,-74.02940951377616,40.71697387082941,0
157,-73.97308046841965,40.783237182228305,0
158,-74.00428655252324,40.79263869087808,0
159,-73.99589807707595,40.7876267781695,0
160,-74.02981177927462,40.72797356516497,0
161,-74.01929920901303,40.737958329232704,0
162,-73.95960554549214,40.79755226010032,0
163,-73.96460969653576,40.73866709026591,0
164,-74.00616199228006,40.76326271733059,0
165,-74.0235180591957,40.77805131671397,0
166,-73.96421874402881,40.7846476087282,0
167,-74.04993616993531,40.773527730213054,0
168,-74.01644267612643,40.79411934069316,0
169,-74.00906188325864,40.70500829849374,0
170,-74.0420359846977,40.770119523290504,0
171,-74.00725082826065,40.746382779023136,0
172,-73.99801002482035,40.73462661503624,0
173,-73.99756465001501,40.78051529934528,0
174,-73.96807788145644,40.77423414143321,0
175,-73.98322726566457,40.728198401491305,0
176,-73.99045202389573,40.728388596012365,0
177,-74.01549491070384,40.75345520870085,0
178,-73.95424124040231,40.77787399904477,0
179,-74.01253681991867,40.72233866134463,0
180,-73.99668510532706,40.727503780462015,0
181,-73.99838123772699,40.79784936568984,0
182,-73.99091841046031,40.762233567147796,0
183,-73.98296833013087,40.75342716143373,0
184,-73.98939345686037,40.77089623400893,0
185,-74.0164431475712,40.738741444319594,0
186,-74.01967190272877,40.796699728670696,0
187,-73.95252411131992,40.719592941321984,0
188,-74.0368058340566,40.711504561699456,0
189,-74.01165086233262,40.7184012009151,0
190,-74.03096220728182,40.75964333619122,0
191,-73.9519317393515,40.7874816224779,0
192,-74.01736396341882,40.79179799473932,0
193,-74.03273741806994,40.76269785475442,0
194,-73.99543248349964,40.750657203590194,0
195,-73.9642241882384,40.78076142501038,0
196,-73.95686561846675,40.73890265293555,0
197,-74.009101745913,40.748838489265474,0
198,-74.0274610239299,40.76193151890465,0
199,-74.00246334290252,40.7112438194284,0
0,-74.02051609425767,40.70032979934348,1
1,-73.95958307726515,40.787016018162205,1
2,-73.97227773108202,40.77129276345893,1
3,-74.0330332287233,40.714831385854794,1
4,-73.95271504679712,40.71082071295728,1
5,-73.96334728401162,40.720412944682494,1
6,-74.01897587569498,40.79659839440932,1
7,-73.96797550294019,40.746458133711016,1
8,-74.038186719801,40.778223861791425,1
9,-73.95258826398619,40.764137018520174,1
10,-73.97822127196198,40.75969238828733,1
11,-73.98394059340855,40.71724119468024,1
12,-74.04897637002153,40.79842970349903,1
13,-73.96114557988955,40.73650534814964,1
14,-74.04657290397918,40.75555456680658,1
15,-74.0219817120667,40.77050964935418,1
16,-74.03591435874863,40.76696227939083,1
17,-73.97086261287401,40.792485215628226,1
18,-74.03027699240995,40.716282177527994,1
19,-73.95785950436786,40.74501874507009,1
20,-73.98443178721794,40.74049577250084,1
21,-74.04879928910246,40.75352418425868,1
22,-74.04740356028576,40.711219720107664,1
23,-74.04622195929772,40.71117309474825,1
24,-73.9897951628868,40.724601758655695,1
25,-73.97279802822194,40.730329038854194,1
26,-74.02964834436474,40.74390735743572,1
27,-73.96238983187337,40.75916320386608,1
28,-74.04703538616437,40.76997838812068,1
29,-73.97114402267518,40.73937248300512,1
30,-73.95693843907709,40.74190220168257,1
31,-73.97434764439467,40.72382623011611,1
32,-73.98150170640942,40.76110816176432,1
33,-73.97041196576062,40.73384546773839,1
34,-74.04241694487578,40.70327143499055,1
35,-74.03630503725188,40.74052341197076,1
36,-74.03188378660755,40.74273300297643,1
37,-73.99553409177713,40.729073579171505,1
38,-73.97566918268893,40.75490795049057,1
39,-73.9879695777095,40.75601500810481,1
40,-73.96362121052577,40.77063874732105,1
41,-74.03527431032936,40.76313834400159,1
42,-73.97621870287391,40.76885426210319,1
43,-74.02509139463878,40.73187945500331,1
44,-74.02187261348162,40.7777984127628,1
45,-73.97785597238645,40.75462814691917,1
46,-73.95084420166768,40.744014255059355,1
47,-73.98226462759374,40.763602486078845,1
48,-74.03866434475509,40.733560082020766,1
49,-73.98795335795558,40.74951768330317,1
50,-73.96482125481,40.70827674685798,1
51,-74.00818791000809,40.71627524982185,1
52,-73.97897324133447,40.79567417557149,1
53,-74.03061625874038,40.70171271338396,1
54,-73.9948221338544,40.737876853497205,1
55,-74.00844505459295,40.76010472169851,1
56,-74.01623257264062,40.70217464900877,1
57,-73.97134306583216,40.70445668935281,1
58,-74.0239809535626,40.71945466506783,1
59,-74.02833400106202,40.786785276110045,1
60,-74.00836258648343,40.71397015923921,1
61,-73.97261967996539,40.70193411870373,1
62,-73.95776799306846,40.7107668942196,1
63,-73.95238963414043,40.7223280709168,1
64,-74.0238475158568,40.74554101361903,1
65,-73.99440160512444,40.711721020910055,1
66,-74.02790237924121,40.75956420816612,1
67,-73.9994104761362,40.76607849702695,1
68,-73.95656021249039,40.77708745141866,1
69,-73.97119765544383,40.70250649183653,1
70,-73.99586657286811,40.79270194517209,1
71,-74.01112274898814,40.766240870991155,1
72,-73.9642690708967,40.71183783600663,1
73,-74.0044991986845,40.7733106094643,1
74,-74.0415135010746,40.788946429082294,1
75,-74.01902052286415,40.719616181396376,1
76,-74.0300599477437,40.7819608665234,1
77,-74.04586269746855,40.75575435779225,1
78,-74.04401661193945,40.78154742857317,1
79,-74.01171872266036,40.790495469111505,1
80,-73.99270231707904,40.73498937206022,1
81,-74.00585468943734,40.789338375686256,1
82,-74.00380692107085,40.73858878559119,1
83,-73.96377826526654,40.77124040599081,1
84,-73.98284948447419,40.77339394465544,1
85,-73.98199921446135,40.71575562271611,1
86,-74.0178031234436,40.75125825247395,1
87,-73.95184116741966,40.7361287680119,1
88,-74.02558831377777,40.70718307176456,1
89,-74.01152697391514,40.70195979100383,1
90,-73.96570723502741,40.75612997798379,1
91,-73.9926934027982,40.71431180400243,1
92,-73.96215130784637,40.73333374895687,1
93,-73.99477987795107,40.774456974358834,1
94,-73.99811767140879,40.77508003581763,1
95,-74.02642613370863,40.78367436979343,1
96,-74.00993163753765,40.7369070295224,1
97,-74.03545712242152,40.77915983550865,1
98,-74.01941748461763,40.75116203276542,1
99,-73.96423896827935,40.70008873181112,1
100,-74.0316716964512,40.71713762467578,1
101,-73.98893296949106,40.773512152812515,1
102,-73.97159801324396,40.723520318079956,1
103,-73.97155210960047,40.76605322499568,1
104,-74.00319000950243,40.79075567425331,1
105,-73.98755495639891,40.704468526213596,1
106,-73.95130585174488,40.70653690227683,1
107,-73.96962057383023,40.79991676391797,1
108,-73.96433624750851,40.757310895324444,1
109,-73.9518719775293,40.70629959481673,1
110,-73.96471439670711,40.791475253427535,1
111,-74.02392921641115,40.79105655995565,1
112,-74.0023933241678,40.76898030998617,1
113,-74.04972197358634,40.75678338011505,1
114,-73.97499360665344,40.7336182257753,1
115,-73.95463609372712,40.70052556084441,1
116,-74.00296682244397,40.73888532942748,1
117,-74.0203201122607,40.721834053196424,1
118,-74.03231758075069,40.77977910484157,1
119,-73.95014141381672,40.7911120629925,1
120,-74.0381612104486,40.71180966640285,1
121,-74.03491697353718,40.74649693842741,1
122,-74.03146612295603,40.719812105977525,1
123,-74.04463786078327,40.77783198278615,1
124,-74.0083268104104,40.74239844024976,1
125,-74.01057376820167,40.76724292881239,1
126,-74.03356416542086,40.77251750433911,1
127,-74.04343886752449,40.73603803208613,1
128,-74.03492742775639,40.74896667534593,1
129,-74.00778502887424,40.787956750041744,1
130,-74.02768518373658,40.75306100927805,1
131,-73.97693540857269,40.78473599200354,1
132,-74.01777717494538,40.79214390155427,1
133,-74.01039724489173,40.74986969720978,1
134,-74.01748684852575,40.76019108456423,1
135,-74.0065439614195,40.70065182009528,1
136,-74.04779318662594,40.78774763518401,1
137,-74.04709832772856,40.77325139843253,1
138,-73.96649390835212,40.74742897987019,1
139,-74.04126371445454,40.71736665326531,1
140,-73.99940357733527,40.77406945921801,1
141,-73.98492332499566,40.725920517568866,1
142,-74.00098024378687,40.7628828527283,1
143,-74.01093691172174,40.729147029153,1
144,-73.9868300235499,40.7956846984978,1
145,-73.95942830435135,40.73681901853687,1
146,-74.02339862349014,40.73380946194042,1
147,-74.01575044104973,40.79343522578288,1
148,-74.0155439533377,40.780971783782306,1
149,-73.99340497786389,40.7069300001549,1
150,-73.98294704727154,40.73487035283169,1
151,-73.95248789905055,40.70841204314685,1
152,-74.00071369852007,40.748036330665315,1
153,-74.02768960681435,40.79848163925343,1
154,-73.99520227667401,40.707834549608286,1
155,-73.95332471804993,40.78016885240443,1
156,-74.03154665503799,40.713627299035494,1
157,-73.96700160327168,40.78322873341386,1
158,-74.00085664094945,40.79182182943757,1
159,-73.99434843778297,40.78484985650642,1
160,-74.03315811508645,40.73036152365898,1
161,-74.02128351430963,40.74040751684804,1
162,-73.95729678428758,40.79752059195376,1
163,-73.96461100356603,40.736479548043796,1
164,-74.00654528065606,40.76601754283816,1
165,-74.02623312870814,40.78200880978768,1
166,-73.96549092605505,40.78994823036874,1
167,-74.0442569312276,40.77163274810123,1
168,-74.01435262497715,40.79156280480716,1
169,-74.01020012826721,40.70071791226575,1
170,-74.04053867029795,40.77293684193324,1
171,-74.00640036834598,40.74339407223833,1
172,-73.99387715733879,40.73455037570054,1
173,-73.99431777053951,40.783113275752505,1
174,-73.97148037221444,40.77067314425083,1
175,-73.97948005232499,40.72954560081912,1
176,-73.99108861433633,40.7325120072141,1
177,-74.0126807630137,40.75695512205363,1
178,-73.95149383950982,40.77929353689295,1
179,-74.01499247549671,40.71947258200653,1
180,-73.99705106570634,40.73141149475816,1
181,-74.00190398863631,40.798901468084225,1
182,-73.9964622062314,40.764699362005835,1
183,-73.9835021815058,40.75764975665849,1
184,-73.97856757257355,40.770831876330206,1
185,-74.02275524191977,40.72460880861238,1
186,-74.01360336914097,40.790252971484875,1
187,-73.96656220934602,40.72330118597001,1
188,-74.02670840895347,40.70511029477953,1
189,-74.0172874909237,40.70652639405234,1
190,-74.01764873978888,40.76146827913994,1
191,-73.95058406032678,40.777089403865844,1
192,-74.00974742320884,40.78365103389001,1
193,-74.02070311080523,40.76105236025903,1
194,-74.00198014174339,40.745316385452675,1
195,-73.95336182761436,40.774234867062276,1
196,-73.95722333769201,40.75191530914992,1
197,-74.01571639254331,40.75727181680215,1
198,-74.03710206960262,40.768286593439555,1
199,-74.00977889373523,40.70209347316548,1
0,-74.0193213557483,40.70061500807761,2
1,-73.95967205858013,40.788002357049706,2
2,-73.97241380179749,40.771352603139064,2
3,-74.03223456814027,40.71515203122681,2
4,-73.954572093539,40.71149819290988,2
5,-73.96335613789608,40.720093571310585,2
6,-74.0186449865067,40.79610482815664,2
7,-73.9679618901962,40.74646660533259,2
8,-74.03686651050201,40.77763432119425,2
9,-73.95200030096437,40.763529578557204,2
10,-73.97797718682827,40.759654352753635,2
11,-73.98394634297796,40.717242470114,2
12,-74.04699096001676,40.79772634198169,2
13,-73.96111236035148,40.73649647395347,2
14,-74.04685932548345,40.756370714284834,2
15,-74.0220735267587,40.77051316894365,2
16,-74.035963036289,40.76706718274492,2
17,-73.97056286979014,40.79255326181663,2
18,-74.02973689530059,40.71577518855905,2
19,-73.95799237928028,40.74470057428389,2
20,-73.9840226023855,40.74039135405383,2
21,-74.04838342183604,40.75368761771691,2
22,-74.04681743001777,40.709998586993635,2
23,-74.04623084623857,40.711072658694256,2
24,-73.98939132156457,40.72419641456001,2
25,-73.97313274211214,40.73025945780718,2
26,-74.0286739757565,40.743058869844596,2
27,-73.9616806715765,40.75919541405426,2
28,-74.04805917108088,40.769717944656,2
29,-73.97137589166849,40.739662800976326,2
30,-73.95713813806383,40.741192566358365,2
31,-73.97481252308893,40.72472895474762,2
32,-73.9816261905279,40.761015175152146,2
33,-73.97077845407367,40.733966153838985,2
34,-74.04239195208368,40.703266446416144,2
35,-74.03587609467971,40.73943188614132,2
36,-74.03199619058826,40.74285060429071,2
37,-73.99566509335125,40.72869540583316,2
38,-73.97557062521955,40.755005041176354,2
39,-73.98829228525902,40.756710627375504,2
40,-73.96313416699788,40.770583498806744,2
41,-74.03578772864664,40.761995145483425,2
42,-73.97639209535339,40.76827369317248,2
43,-74.02441823674869,40.731604196256555,2
44,-74.02099545172639,40.77839636830126,2
45,-73.97784444703754,40.754129290675884,2
46,-73.95087767108254,40.74403125506873,2
47,-73.98201647305073,40.763204998712,2
48,-74.0384609018431,40.73280888899472,2
49,-73.98749429186675,40.74969976990787,2
50,-73.96349128930281,40.70782049466176,2
51,-74.00812092031383,40.71548215688653,2
52,-73.9805409690858,40.79669899493808,2
53,-74.03337854242203,40.70029883805654,2
54,-73.99482747155515,40.73725951632116,2
55,-74.0099551518043,40.759673339468776,2
56,-74.01611536796413,40.70385958668081,2
57,-73.97281958491875,40.70572348005625,2
58,-74.02189799715984,40.719932634542836,2
59,-74.02838460829074,40.78688256019701,2
60,-74.00720788352281,40.71538256712782,2
61,-73.97021897927375,40.700245070763756,2
62,-73.95630418754463,40.710947410899685,2
63,-73.95227425083668,40.722607347828365,2
64,-74.02168695101282,40.745529317402976,2
65,-73.99393522582842,40.71243047246234,2
66,-74.0270880173459,40.757550007096604,2
67,-73.99974864833902,40.766662933332505,2
68,-73.95683405851082,40.77617960374731,2
69,-73.97103353802994,40.70248527200095,2
70,-73.99603124114371,40.793439739802295,2
71,-74.01291825033776,40.76742253691903,2
72,-73.96540008735538,40.71097376591127,2
73,-74.00430923199704,40.77214236703603,2
74,-74.04075528337253,40.78893186407837,2
75,-74.01901020283702,40.71982766525447,2
76,-74.02982252212196,40.78164204461698,2
77,-74.0472073424738,40.757455322313845,2
78,-74.04456303995117,40.78393899584251,2
79,-74.01136530958512,40.78952689576321,2
80,-73.99349842768514,40.73661197336617,2
81,-74.00581300479553,40.78943133044068,2
82,-74.00327642833678,40.7387811468173,2
83,-73.96392847864577,40.77126549478054,2
84,-73.98509390006157,40.774646124129035,2
85,-73.98080354187486,40.71375778037161,2
86,-74.01806130848662,40.75099954686411,2
87,-73.95151948309949,40.73604676145476,2
88,-74.02470930411027,40.70932204281458,2
89,-74.01183504485654,40.702255937812204,2
90,-73.96667758309835,40.75845494935448,2
91,-73.99135585330943,40.715424501661936,2
92,-73.96154131139636,40.734783642839474,2
93,-73.99530193316455,40.77545540014142,2
94,-73.99836445988451,40.77797227428481,2
95,-74.0294085529273,40.78420036383395,2
96,-74.00828986985321,40.736501369283694,2
97,-74.03530892000597,40.77785208155115,2
98,-74.01843846079382,40.75088652693139,2
99,-73.96450116154959,40.701741324330314,2
100,-74.03203835939385,40.7172616181103,2
101,-73.9882060377165,40.772465404011655,2
102,-73.97170715768858,40.72553979486016,2
103,-73.9714322833743,40.76661384357609,2
104,-74.00203570451114,40.79070691674361,2
105,-73.98744839170644,40.70702443969801,2
106,-73.95044470665894,40.70726079619586,2
107,-73.96891298380422,40.798852038665096,2
108,-73.96308873429588,40.75586734774955,2
109,-73.95142520300698,40.70531956766003,2
110,-73.96384463555512,40.793481055395716,2
111,-74.02307849743819,40.791719700005,2
112,-74.00322321120572,40.76873131129417,2
113,-74.04997809986436,40.756752716463964,2
114,-73.97555364808959,40.73356977805949,2
115,-73.9547679145934,40.70033127251825,2
116,-74.00269892083179,40.738078118772826,2
117,-74.02062836981975,40.72164561253009,2
118,-74.0337898652856,40.78125738076839,2
119,-73.95039477218322,40.789497425409195,2
120,-74.03761506480788,40.712213136477224,2
121,-74.03498180501052,40.74652560570733,2
122,-74.03316052975134,40.71931343820928,2
123,-74.04482667391656,40.77819969819491,2
124,-74.00928411431859,40.7428444185584,2
125,-74.01198657104321,40.766081680246344,2
126,-74.03522356545977,40.77432631675585,2
127,-74.04358862062466,40.73531224641202,2
128,-74.03308995454306,40.7478762043547,2
129,-74.00792656187834,40.789753350238534,2
130,-74.02663345660145,40.75258611279357,2
131,-73.97639590372363,40.7850099804575,2
132,-74.01569590501553,40.79310381528095,2
133,-74.00943898771557,40.750477722661046,2
134,-74.01715014783898,40.76216121118897,2
135,-74.00658310725615,40.70173803578326,2
136,-74.04784111228416,40.788877112632626,2
137,-74.04825784611084,40.775272196229075,2
138,-73.96719854659753,40.746795017527084,2
139,-74.04196505702008,40.718059206675534,2
140,-73.99890510092328,40.772315389095795,2
141,-73.98348129047724,40.72351114639554,2
142,-73.99894489479199,40.76291483226648,2
143,-74.01199698060707,40.72949433518886,2
144,-73.98813379357597,40.79646708887393,2
145,-73.96030759059971,40.7382566560589,2
146,-74.02361460878264,40.73629060586768,2
147,-74.01574798784944,40.79343338548861,2
148,-74.0149165864184,40.78115624830748,2
149,-73.99115919990997,40.705216002481016,2
150,-73.98287353012687,40.73281662657941,2
151,-73.95328015844731,40.704836797474655,2
152,-73.99723232867247,40.748420377777016,2
153,-74.02517781754709,40.79731977701682,2
154,-73.99691875847688,40.70650968354979,2
155,-73.95199095263158,40.77591116635215,2
156,-74.03382817751326,40.71202050765842,2
157,-73.96213501580131,40.78419487732468,2
158,-73.997309161272,40.79131485687124,2
159,-73.9933217416137,40.78146163177862,2
160,-74.03190140944108,40.73418875899711,2
161,-74.01896545736885,40.74224693324588,2
162,-73.95361164007721,40.79605484858503,2
163,-73.96543521255637,40.73344941412009,2
164,-74.00827036114681,40.76866555153412,2
165,-74.02929777722471,40.7849834688377,2
166,-73.96669438993564,40.79478091776053,2
167,-74.0396419783547,40.771227644868794,2
168,-74.01180875537962,40.79006543828456,2
169,-74.01512250111674,40.7041793795782,2
170,-74.03969382242417,40.776402287350194,2
171,-74.0039056092562,40.74279455126606,2
172,-73.9902944399489,40.73609395274242,2
173,-73.99188296339918,40.78625576474526,2
174,-73.97308809932332,40.768437771614174,2
175,-73.97781129207152,40.7263438138555,2
176,-73.9925296922263,40.737428784496785,2
177,-74.00901662789016,40.75956054402208,2
178,-73.9526852279281,40.78199168721716,2
179,-74.01160313776666,40.71581902167847,2
180,-73.9924153472621,40.733335810410125,2
181,-74.00392132562425,40.7924366263249,2
182,-73.99956583460256,40.769645548841645,2
183,-73.98316002941185,40.761856316645655,2
184,-73.97127150957786,40.76259518214443,2
185,-74.03680700655815,40.72106440202403,2
186,-74.01368575135936,40.777702649836925,2
187,-73.97994572484109,40.72916677236022,2
188,-74.01752268166369,40.702109648484786,2
189,-74.02040310789194,40.70712628607818,2
190,-74.0058411346037,40.756811220208974,2
191,-73.95907673437209,40.77098995795482,2
192,-73.99993025601897,40.777227714061205,2
193,-74.01015563440504,40.75244342022741,2
194,-74.00560134126346,40.738994223503184,2
195,-73.95807296010945,40.77239545002782,2
196,-73.96507527413962,40.762480479428156,2
197,-74.02058645275248,40.76623135730591,2
198,-74.04510301783696,40.7765633156617,2
199,-74.01712277586604,40.71114354169685,2
0,-74.01917551329788,40.70087803806173,3
1,-73.95978845292662,40.78759933347095,3
2,-73.97158766612785,40.77183430494171,3
3,-74.03111239815743,40.715728046499116,3
4,-73.9550851858319,40.711850271147995,3
5,-73.96335106471587,40.72001380875342,3
6,-74.01869896395168,40.79615216326653,3
7,-73.96905820730669,40.74693820993218,3
8,-74.03532064347341,40.77657971228455,3
9,-73.95197168702413,40.763451838400904,3
10,-73.97909668145992,40.759202106309665,3
11,-73.98414640438419,40.71747187073637,3
12,-74.04622348368461,40.79713170875772,3
13,-73.96106003577191,40.736793096313846,3
14,-74.04702579836705,40.75668519992868,3
15,-74.02232736188677,40.770406218393845,3
16,-74.03608053644062,40.767661748658846,3
17,-73.97056620414011,40.79254793192993,3
18,-74.02977140408919,40.715768642541875,3
19,-73.95789707602057,40.74453817996471,3
20,-73.9835743406165,40.74030391048136,3
21,-74.047094530248,40.75426596618218,3
22,-74.04680193734956,40.709883433729544,3
23,-74.04711623410259,40.71076461037996,3
24,-73.9896949212294,40.72353200581066,3
25,-73.97299005255634,40.730214021996396,3
26,-74.0284511498008,40.742684783327405,3
27,-73.96142040974006,40.75921496934023,3
28,-74.04842984999915,40.770873107386016,3
29,-73.97077934035028,40.74049438485981,3
30,-73.95691845048415,40.740273829732665,3
31,-73.97464594478213,40.72543719391584,3
32,-73.98209200531632,40.76134177486733,3
33,-73.97109601038709,40.73412917710256,3
34,-74.04185158793705,40.70339199144381,3
35,-74.03461567074856,40.738642298466836,3
36,-74.03197739823692,40.742837624998224,3
37,-73.99578243359984,40.728519027741456,3
38,-73.9756076482375,40.755456555434534,3
39,-73.98769754409128,40.75732890369163,3
40,-73.96356207679558,40.7691939159333,3
41,-74.03585908304255,40.76205501440305,3
42,-73.97662266607577,40.76831315396652,3
43,-74.02402466962458,40.731485876726246,3
44,-74.01933890037104,40.778812132378285,3
45,-73.97792769095503,40.754301215795024,3
46,-73.95093334561264,40.74409623140846,3
47,-73.98193610897356,40.762951975209475,3
48,-74.03837992528031,40.7316702183734,3
49,-73.9869664753042,40.74929824766088,3
50,-73.96236132659386,40.708342005494295,3
51,-74.00744619923441,40.71414067360464,3
52,-73.98100035820148,40.797224428136715,3
53,-74.03416881968332,40.70075030607281,3
54,-73.99338818737502,40.73561691696594,3
55,-74.01093711042297,40.75933512593214,3
56,-74.01581641638523,40.705304965092274,3
57,-73.97297997650016,40.70685138025673,3
58,-74.02180296362421,40.7218051203344,3
59,-74.02657544917159,40.78679727048719,3
60,-74.00602902619418,40.7167061266642,3
61,-73.97041242402045,40.70088406209704,3
62,-73.95626447266125,40.711247425786276,3
63,-73.95217411990527,40.72292412383063,3
64,-74.02169214238673,40.74386647647838,3
65,-73.99417522361254,40.712614252297826,3
66,-74.02611648622425,40.75561205058253,3
67,-73.99973289771361,40.766706612201446,3
68,-73.95805474932467,40.77465264900941,3
69,-73.96981837561711,40.70374816146378,3
70,-73.99621931429861,40.79403905968943,3
71,-74.01443055890013,40.76848586408267,3
72,-73.96567570465403,40.710927397920884,3
73,-74.00496376480827,40.77061647795093,3
74,-74.04078062332606,40.78963771614138,3
75,-74.01880869262713,40.72005216696328,3
76,-74.02933892054189,40.78143643216334,3
77,-74.04711685380396,40.758815576533074,3
78,-74.04626499264046,40.784351902064735,3
79,-74.01237435084947,40.78790056346583,3
80,-73.99426523582935,40.736737432015474,3
81,-74.0047419377301,40.79078428808635,3
82,-74.00333929329842,40.73865473079193,3
83,-73.96489792726834,40.76987497314477,3
84,-73.9856721655842,40.77570817989992,3
85,-73.97908206660156,40.71392886483025,3
86,-74.018144104177,40.75093884334007,3
87,-73.95116221396225,40.736363248920114,3
88,-74.02364513867165,40.711384674684425,3
89,-74.01222619552756,40.70390358886537,3
90,-73.96658160543913,40.76127118682404,3
91,-73.99082408034009,40.71628343848133,3
92,-73.96000725983868,40.73547850356048,3
93,-73.99574195335038,40.775593368299226,3
94,-73.99939840172944,40.77906153158309,3
95,-74.02992134255531,40.78558986631256,3
96,-74.00695583052226,40.73647825239353,3
97,-74.03630181653209,40.77665949865968,3
98,-74.01851871736858,40.75095302818296,3
99,-73.9649414845587,40.7032266833202,3
100,-74.03329355835919,40.71876105369898,3
101,-73.98805715648042,40.77432776966218,3
102,-73.97255521327575,40.72641713093266,3
103,-73.97141548033011,40.76654028625849,3
104,-74.00039865006622,40.79079222694681,3
105,-73.98719596482275,40.70696815688947,3
106,-73.95141666165156,40.70695906025922,3
107,-73.9681089384937,40.79793731470889,3
108,-73.9627315565056,40.75316151804308,3
109,-73.95155344668314,40.70547568702683,3
110,-73.96249290651222,40.79536706723429,3
111,-74.02290400346853,40.79274134991749,3
112,-74.00343821972486,40.76939420196762,3
113,-74.04946725989707,40.75696396407913,3
114,-73.97491835984856,40.733807294107535,3
115,-73.95443996149068,40.70013001196132,3
116,-74.00398248806809,40.73627439592482,3
117,-74.02094472165389,40.720124826080266,3
118,-74.03385186121695,40.78240617979484,3
119,-73.95043206397247,40.78913884118096,3
120,-74.03746303479072,40.71225589562982,3
121,-74.0334240258734,40.74627631134269,3
122,-74.03397777425675,40.71899985717715,3
123,-74.0448791091565,40.77676762969245,3
124,-74.01077313358645,40.743510600579484,3
125,-74.01372628813088,40.766558958837734,3
126,-74.03377506416014,40.77528403992352,3
127,-74.04476045269556,40.736151478059405,3
128,-74.03138795199736,40.74770300417285,3
129,-74.0087227009214,40.79059776242628,3
130,-74.02556004455766,40.753972231057375,3
131,-73.97583229110957,40.78539711003523,3
132,-74.01501553970725,40.79203048500462,3
133,-74.00779266360917,40.75100038977872,3
134,-74.01710645420707,40.76356838913894,3
135,-74.00531179565324,40.70258559978144,3
136,-74.04851808306152,40.78900444552434,3
137,-74.0489987881212,40.77457484000083,3
138,-73.9690079762442,40.745709985109386,3
139,-74.04288273036516,40.72021037283144,3
140,-74.00043498463964,40.77105999532709,3
141,-73.98156998060576,40.7236809687137,3
142,-73.9974990171741,40.76241422732451,3
143,-74.01339603719626,40.73113072241431,3
144,-73.98934626269023,40.79627137073491,3
145,-73.96015503578458,40.73936864549253,3
146,-74.02404123379662,40.739583884012745,3
147,-74.01540842956584,40.793753683976824,3
148,-74.01325387571755,40.78257877529144,3
149,-73.99051414595897,40.70461485290065,3
150,-73.98127262146761,40.73156356442886,3
151,-73.95383489132472,40.70151993882488,3
152,-73.99391249778901,40.746737890144026,3
153,-74.02348170550508,40.79532779046124,3
154,-73.99979865270222,40.70438891011412,3
155,-73.95141549923945,40.77721285666102,3
156,-74.03469262515598,40.70881275406935,3
157,-73.95766039494768,40.785878134711226,3
158,-73.99345766399446,40.79167070383669,3
159,-73.99068379617486,40.78197668368271,3
160,-74.0289959243201,40.737338902271134,3
161,-74.01548370464042,40.743343275128936,3
162,-73.95028180015282,40.79628744913306,3
163,-73.96566104657543,40.73045579602509,3
164,-74.00933196968725,40.77236687527039,3
165,-74.02868345834695,40.788902406864786,3
166,-73.96857544914452,40.79836813989864,3
167,-74.03922615335382,40.766784661758464,3
168,-74.01049740162306,40.78628833060248,3
169,-74.01978959192195,40.703847295442536,3
170,-74.03864512375515,40.78004072498446,3
171,-74.0030439332606,40.7408836381702,3
172,-73.98770316729419,40.73245542234734,3
173,-73.98881919157216,40.788397481900574,3
174,-73.97535141195532,40.76936351334858,3
175,-73.97429720962666,40.72620081424617,3
176,-73.99083693136352,40.74123324432837,3
177,-74.00794068889125,40.762859398393076,3
178,-73.95593368246128,40.78113740090066,3
179,-74.00962819813299,40.71236083486732,3
180,-73.99345695512282,40.7387393431099,3
181,-74.00907182022358,40.79112710153972,3
182,-74.00256090657655,40.77428586980867,3
183,-73.98394843201426,40.765276820660794,3
184,-73.96482414453179,40.753533764892545,3
185,-74.04958051174164,40.72495001044427,3
186,-74.02316730244983,40.7701286478561,3
187,-73.99268396945192,40.72784170306802,3
188,-74.00688189774225,40.701083943161,3
189,-74.01856271646665,40.72095656961738,3
190,-74.01390909488595,40.74698379626233,3
191,-73.95013155441941,40.764080531301786,3
192,-73.9919433849526,40.76647152067332,3
193,-73.9971929297658,40.747992131687546,3
194,-74.00752298964392,40.72956265587419,3
195,-73.96826133361114,40.76562871472121,3
196,-73.97814478384264,40.76856673705864,3
197,-74.02359946835497,40.77781782642997,3
198,-74.04829789800225,40.76614560532884,3
199,-74.02915274188327,40.71318208846223,3
0,-74.01913509212937,40.701198558073294,0
1,-73.95866338442187,40.78706793113887,0
2,-73.9718929240066,40.77196337352982,0
3,-74.03049666263658,40.71633736295567,0
4,-73.95632109467638,40.71211111853798,0
5,-73.96455448307691,40.72045169644438,0
6,-74.01908588295164,40.796170954828234,0
7,-73.96923436325369,40.74705300052814,0
8,-74.03566373318284,40.77676690393912,0
9,-73.95104726155253,40.76278902514453,0
10,-73.97858844255782,40.75935561334594,0
11,-73.98466273692522,40.717344993473226,0
12,-74.0454803975647,40.79677294453576,0
13,-73.96123896896145,40.73615198200586,0
14,-74.04692150960001,40.7561408696147,0
15,-74.02216240624223,40.77039007491026,0
16,-74.03576178687551,40.767270690013554,0
17,-73.97093204352737,40.79223966117466,0
18,-74.03004102782121,40.71542839982276,0
19,-73.95761087929246,40.745238464405226,0
20,-73.98371530477529,40.74037354725036,0
21,-74.04694343517447,40.755192210544045,0
22,-74.04701267619731,40.7097818033537,0
23,-74.04695124019804,40.71025254893609,0
24,-73.98961883774241,40.723590134225745,0
25,-73.97362624898673,40.730545840304494,0
26,-74.02849438908035,40.7426958921539,0
27,-73.96192834531216,40.758919862533105,0
28,-74.0486474916494,40.7713678218596,0
29,-73.97121109927058,40.74116594568602,0
30,-73.95707817433548,40.74082689522922,0
31,-73.97545852083812,40.726000797188526,0
32,-73.98193209459963,40.76129297009633,0
33,-73.97109619492511,40.734085077961396,0
34,-74.04199958667661,40.70324786893914,0
35,-74.03478698967861,40.738498965004894,0
36,-74.03199410497528,40.74396425131661,0
37,-73.9967440571444,40.727849217236475,0
38,-73.97556913728575,40.7554201039173,0
39,-73.98764260029333,40.75791606720436,0
40,-73.96395628205198,40.76753834864757,0
41,-74.03559438862575,40.76240305385312,0
42,-73.97659336682543,40.76849847787917,0
43,-74.02408467757377,40.73150790654646,0
44,-74.01942698815951,40.77977791627855,0
45,-73.97762977355308,40.75416866957458,0
46,-73.95200254066467,40.744225397354114,0
47,-73.98174865218229,40.762892203044295,0
48,-74.03837991828553,40.731671211437394,0
49,-73.98670137178375,40.74923090422319,0
50,-73.9612405902685,40.70744109045003,0
51,-74.00660565145895,40.712146903862944,0
52,-73.98128029022381,40.797840867199746,0
53,-74.03481065345989,40.70000083301509,0
54,-73.99107469936162,40.73495972384062,0
55,-74.010806244743,40.75967160356423,0
56,-74.01529881522946,40.70710494978305,0
57,-73.97366277131005,40.707229315677395,0
58,-74.02149717161947,40.722470187005044,0
59,-74.02498124970171,40.78601333188818,0
60,-74.00499082426767,40.71864017677399,0
61,-73.96967742405313,40.70276838572843,0
62,-73.95605803411677,40.71179141285973,0
63,-73.95233566466901,40.72414386494313,0
64,-74.02084293816212,40.741835650058874,0
65,-73.99397778308285,40.712453604932875,0
66,-74.02500776123014,40.75547124834377,0
67,-73.99971548362794,40.766747626716196,0
68,-73.95953405361395,40.773300536135615,0
69,-73.96865667359926,40.70422444087159,0
70,-73.99621776353297,40.794050364076085,0
71,-74.01465415768212,40.76852446445447,0
72,-73.96677875272042,40.71120485289523,0
73,-74.00598450028994,40.77024040194624,0
74,-74.04125490976288,40.79079892997288,0
75,-74.02000002505163,40.719625270578995,0
76,-74.0294395279427,40.78149597069371,0
77,-74.04705348362107,40.760066140726124,0
78,-74.04775314178184,40.7845920628846,0
79,-74.01255182775475,40.78594810280294,0
80,-73.99592162473536,40.73657425528206,0
81,-74.00460536401667,40.79117545743645,0
82,-74.00298055117602,40.7393908406386,0
83,-73.96647832131084,40.76855056103363,0
84,-73.98563438512029,40.77681153954651,0
85,-73.97815253649564,40.714888841910565,0
86,-74.0181708752629,40.75159657826431,0
87,-73.95015427856177,40.736560145303955,0
88,-74.02316750361784,40.713504994546064,0
89,-74.01141807836026,40.70537218866255,0
90,-73.96562823232274,40.76237956056924,0
91,-73.99034060898661,40.71782120177608,0
92,-73.95789301855456,40.7366566724445,0
93,-73.99633063332281,40.77613381140869,0
94,-73.9994170119969,40.77951431707629,0
95,-74.02882797834138,40.78649924339062,0
96,-74.0053744459488,40.73628102191105,0
97,-74.03696954714647,40.77643736341847,0
98,-74.01832545205018,40.75059124843233,0
99,-73.96529837328636,40.70350920406524,0
100,-74.03514890810698,40.71976608567708,0
101,-73.9879402592563,40.77582616837531,0
102,-73.9725773042494,40.72649848610242,0
103,-73.97118159089861,40.767317313495745,0
104,-73.99917102310954,40.78988998880199,0
105,-73.98630931879423,40.70636524455715,0
106,-73.95226374834832,40.707844812574244,0
107,-73.96780149661059,40.79729790835224,0
108,-73.96140727442818,40.75297624461827,0
109,-73.95156565563241,40.70548886907133,0
110,-73.96225623266518,40.79711551011537,0
111,-74.02179094575786,40.793155145439236,0
112,-74.00333808542932,40.770096435928636,0
113,-74.04944888472207,40.75697725397436,0
114,-73.9747431667077,40.734425152311374,0
115,-73.95576196169966,40.70231219398956,0
116,-74.0047063451343,40.735413570781404,0
117,-74.02041734799009,40.71920026613815,0
118,-74.03241452828827,40.78546096067519,0
119,-73.9501742578376,40.787638984966286,0
120,-74.03757360187238,40.71225722705147,0
121,-74.0315217742769,40.74578372096601,0
122,-74.03410842238155,40.719312151687305,0
123,-74.04634170078803,40.77546210193499,0
124,-74.01199029675148,40.74422016782194,0
125,-74.01388087658228,40.767807761672856,0
126,-74.03454590855387,40.77787673768191,0
127,-74.0454904974557,40.734587274655794,0
128,-74.03042367482085,40.745744888103836,0
129,-74.00814166996825,40.79186804283858,0
130,-74.02429942962641,40.753901237636015,0
131,-73.97458596353826,40.78541062801143,0
132,-74.01367736120724,40.79034630543548,0
133,-74.00633331372939,40.75187484637471,0
134,-74.01667150929542,40.7659337157726,0
135,-74.0060263359387,40.70445248444563,0
136,-74.0488932263704,40.78985468815802,0
137,-74.0496580912935,40.77337018672958,0
138,-73.9703071840133,40.746615766501805,0
139,-74.04316676977811,40.72124909275972,0
140,-74.00008907779856,40.76972190819154,0
141,-73.9797960491444,40.72435089110076,0
142,-73.99671060247702,40.76151338835491,0
143,-74.0150546884581,40.732152068428185,0
144,-73.99054341687747,40.79566515198374,0
145,-73.95936993873505,40.74100536687299,0
146,-74.02536621135759,40.74216150952788,0
147,-74.01589168886663,40.794453614964596,0
148,-74.01256392243576,40.78294875864963,0
149,-73.9885121513875,40.70391881094411,0
150,-73.97995181789005,40.73072473376273,0
151,-73.95576531816883,40.70019642970504,0
152,-73.98973393043033,40.747484364655186,0
153,-74.02539253690775,40.79345418865274,0
154,-74.00313330922718,40.7041190533512,0
155,-73.95660905659282,40.77595457071629,0
156,-74.03773414702192,40.706619970322784,0
157,-73.95932698839455,40.789708047568574,0
158,-73.98888269745828,40.79049092845377,0
159,-73.98815220666825,40.7808114043047,0
160,-74.02829706301361,40.74154523103028,0
161,-74.01217306685815,40.746103325883496,0
162,-73.95279252014517,40.79504547777324,0
163,-73.96527974618832,40.72848548713806,0
164,-74.00806362925634,40.776642759032526,0
165,-74.02896618357357,40.79251869803594,0
166,-73.96406630800016,40.79545849740742,0
167,-74.04076793641813,40.76311276400236,0
168,-74.0063630031067,40.78436213034453,0
169,-74.02555128680743,40.70229149641029,0
170,-74.04075595414665,40.78291519829801,0
171,-74.00036100969363,40.74098333844685,0
172,-73.98345192200233,40.731457006690434,0
173,-73.98587218239915,40.789324992096304,0
174,-73.97631816784671,40.772274726872084,0
175,-73.9729293966861,40.729149459570124,0
176,-73.99189239246046,40.7454515732466,0
177,-74.01135085546638,40.764312245804014,0
178,-73.95933978891867,40.77993488371319,0
179,-74.00530407016356,40.71265937521271,0
180,-73.99244457654554,40.74301062418491,0
181,-74.01174039921476,40.78724761449649,0
182,-74.00639504916657,40.771139892451785,0
183,-73.98413783966063,40.7689754290343,0
184,-73.95660324610415,40.74625940076985,0
185,-74.03652291715275,40.72224080801215,0
186,-74.03300666397081,40.76388896792194,0
187,-74.0057594143687,40.73215349494343,0
188,-74.00045792364402,40.70715298058515,0
189,-74.0224446698597,40.73410909936883,0
190,-74.01882788912764,40.734931916274476,0
191,-73.95332770718294,40.75511636121074,0
192,-73.98794584721603,40.753298071103835,0
193,-73.98516717242796,40.75288538774132,0
194,-74.0165231336644,40.72474990290195,0
195,-73.97820283912311,40.75812737312408,0
196,-73.97928319257957,40.783332012902264,0
197,-74.03472521970399,40.780743447066094,0
198,-74.04008263195202,40.772862668685505,0
199,-74.04110292636483,40.71452084706426,0
0,-74.01921968279223,40.70185830242858,1
1,-73.95781697776368,40.78638221266419,1
2,-73.97301226459265,40.772039073654994,1
3,-74.02957418366631,40.71689074208402,1
4,-73.95675970470799,40.7120658286962,1
5,-73.96428262965877,40.7215899144181,1
6,-74.01852562754773,40.79601836531866,1
7,-73.96994843741172,40.74823907923447,1
8,-74.03494476513097,40.77647676786375,1
9,-73.95030240308245,40.762827241502215,1
10,-73.97835351779588,40.75932599916333,1
11,-73.9853465321475,40.7169160865271,1
12,-74.0451605155739,40.79699239497015,1
13,-73.96095966261475,40.7356176095545,1
14,-74.04676401695524,40.756615414648344,1
15,-74.02216513156243,40.77039451216444,1
16,-74.03594750654759,40.767324233698574,1
17,-73.97105937875195,40.79192185430261,1
18,-74.03118649091866,40.71545110698745,1
19,-73.95795334870307,40.74553239052496,1
20,-73.98399174755339,40.741287226491934,1
21,-74.04667289476127,40.755477533496254,1
22,-74.04694756140434,40.70916831142794,1
23,-74.04746322012554,40.70998174504072,1
24,-73.99035084060391,40.72306054054176,1
25,-73.97403602156268,40.730508930063195,1
26,-74.02816962123465,40.742659998259775,1
27,-73.9617778573167,40.759225414163524,1
28,-74.04933418595029,40.771750798101145,1
29,-73.9713837639427,40.7414955343946,1
30,-73.9568830033405,40.74080664177501,1
31,-73.97569275687914,40.725481873086466,1
32,-73.98086925433701,40.761323149401115,1
33,-73.97050352021049,40.73417578888074,1
34,-74.04015170108161,40.70360982617338,1
35,-74.0348749288134,40.738243204182425,1
36,-74.03258265480531,40.74574633484659,1
37,-73.99762150844035,40.727457103156375,1
38,-73.9761649315841,40.75351817802858,1
39,-73.98767384216714,40.75808015462026,1
40,-73.96412049126296,40.76734071881359,1
41,-74.03488609328177,40.762817355071306,1
42,-73.97695099680446,40.76876609725532,1
43,-74.0236417679256,40.731086952152836,1
44,-74.01957775742382,40.77907685834683,1
45,-73.97658999600905,40.754102612226795,1
46,-73.95230762952664,40.74446954515983,1
47,-73.9820845447022,40.76262118094964,1
48,-74.0384050877277,40.731886419703095,1
49,-73.98570493017743,40.74944756973175,1
50,-73.960113730698,40.70642962186437,1
51,-74.00615766575552,40.710105857710424,1
52,-73.98166732960533,40.79812803059537,1
53,-74.03529999882957,40.70026506789856,1
54,-73.98988238644458,40.73271077527173,1
55,-74.01110361349627,40.75876073016839,1
56,-74.01505431154087,40.70802745774125,1
57,-73.97452129403051,40.70680507357833,1
58,-74.02203675161584,40.721810854975836,1
59,-74.02388051810027,40.78626166685868,1
60,-74.00508361895508,40.72086007114783,1
61,-73.96988383458796,40.70440992034404,1
62,-73.95520681945035,40.711509299297845,1
63,-73.95148945198736,40.72357964336931,1
64,-74.02106474375783,40.740253885076136,1
65,-73.99317118807542,40.71263996658775,1
66,-74.02403803153206,40.75446833694482,1
67,-73.99904481051203,40.76768238080514,1
68,-73.95854882576076,40.77244843778632,1
69,-73.9677413265256,40.704118459326196,1
70,-73.99575998613467,40.793861899110105,1
71,-74.01502556034566,40.76876338304446,1
72,-73.96689445841123,40.71121327474736,1
73,-74.0058925012667,40.77027928540633,1
74,-74.04074303248247,40.790993532512545,1
75,-74.0219805381526,40.71858853341871,1
76,-74.02934294985498,40.78123177588486,1
77,-74.04757113881703,40.76134562069428,1
78,-74.04889921927479,40.78465748175186,1
79,-74.01267937205442,40.78548517403042,1
80,-73.99641023381547,40.73840844208769,1
81,-74.0045653872646,40.79035124559273,1
82,-74.00272891367669,40.7398456286587,1
83,-73.96774876195435,40.7677665116535,1
84,-73.98657814796177,40.7777630673452,1
85,-73.97742870364168,40.71499322397117,1
86,-74.01854983741636,40.75123391402946,1
87,-73.9502133900913,40.737064619284716,1
88,-74.0230104618017,40.71467194726005,1
89,-74.01092827544853,40.70593112820821,1
90,-73.96451604732572,40.76420369921487,1
91,-73.99053060095751,40.71815716395725,1
92,-73.95594583239544,40.73765597057369,1
93,-73.99651747811987,40.777064119854415,1
94,-73.99979881321468,40.781098391474345,1
95,-74.02950204893318,40.787703280106015,1
96,-74.00368171034836,40.73758500861987,1
97,-74.03792026839271,40.77650808362484,1
98,-74.01715626177626,40.750931988607746,1
99,-73.96514849131802,40.70346353403827,1
100,-74.03509370663495,40.71973962176162,1
101,-73.98712229518661,40.77704380501228,1
102,-73.97292131937378,40.72738970502212,1
103,-73.9704446649013,40.768437511663066,1
104,-73.99860588635624,40.788898658076924,1
105,-73.98425374391067,40.70700670539657,1
106,-73.95145522686407,40.70810129172743,1
107,-73.96684072589788,40.796418967795866,1
108,-73.95990828021507,40.752454645891014,1
109,-73.95005297568893,40.70573806754704,1
110,-73.9610718722119,40.79670434641779,1
111,-74.02112507782934,40.793395599831484,1
112,-74.00338210178255,40.76991134886837,1
113,-74.04988477729715,40.75551032306801,1
114,-73.97404225216613,40.735348977856546,1
115,-73.95775029210309,40.70304936437306,1
116,-74.00570304963388,40.732295538937734,1
117,-74.02131461046878,40.718084622150016,1
118,-74.03200428984576,40.786699268916585,1
119,-73.95041249916228,40.786254591915274,1
120,-74.03755709370621,40.71228910928507,1
121,-74.03144902537348,40.74448516102865,1
122,-74.0343727355204,40.71964071688167,1
123,-74.04652159309612,40.774288080569995,1
124,-74.01246813601017,40.74424669293022,1
125,-74.01176645002305,40.768929428812925,1
126,-74.0368269678373,40.77784833316198,1
127,-74.04586029967548,40.73332016767827,1
128,-74.03234084278014,40.7445305223035,1
129,-74.00713575168918,40.79070189535339,1
130,-74.02385218657194,40.75245243084886,1
131,-73.97311452754603,40.785982733899594,1
132,-74.01242008751096,40.78899429759646,1
133,-74.00526261449546,40.75363388379314,1
134,-74.01577197229645,40.767916294248586,1
135,-74.00466248940053,40.70556170179658,1
136,-74.04900016896765,40.79059703163444,1
137,-74.04800422430353,40.77268081495529,1
138,-73.97116127472577,40.746881890101406,1
139,-74.04255231142383,40.722708963749845,1
140,-73.99924945601389,40.76856093920763,1
141,-73.97880910490962,40.72349046914923,1
142,-73.99659843571227,40.7607624790997,1
143,-74.01560463249821,40.733402760994416,1
144,-73.9910387136217,40.79474728170639,1
145,-73.95917596150059,40.74158946178373,1
146,-74.02490939732685,40.7438779151566,1
147,-74.01657725538394,40.79532796433939,1
148,-74.01250949391864,40.784852529622405,1
149,-73.9867603017297,40.70323141699863,1
150,-73.98032100958875,40.730772073174215,1
151,-73.95923976014785,40.700576546530655,1
152,-73.98943733757376,40.75124038384359,1
153,-74.0284384264393,40.79187931229913,1
154,-74.00587456591137,40.704340554207334,1
155,-73.96113601808585,40.775472569299055,1
156,-74.0410104871129,40.70489034447091,1
157,-73.96229421450556,40.79254979621665,1
158,-73.98568824937199,40.79261276278567,1
159,-73.98743551895448,40.77759617449818,1
160,-74.02809700325273,40.74647314450571,1
161,-74.00849912975978,40.74646878536949,1
162,-73.9543423186192,40.79380792476451,1
163,-73.96333278466169,40.72777015183042,1
164,-74.00807548091235,40.77997794561045,1
165,-74.02682724334656,40.7957814506467,1
166,-73.96128093066139,40.790942103884184,1
167,-74.0396657463744,40.758914846803705,1
168,-74.00356431319813,40.78214794833491,1
169,-74.02513017311556,40.707828924652,1
170,-74.04058469155292,40.786631210671516,1
171,-73.99872346821718,40.74263288385226,1
172,-73.97942056443891,40.7293222915063,1
173,-73.98558717802095,40.79324058006261,1
174,-73.97967184897826,40.77416312262193,1
175,-73.9701235928527,40.72965808372416,1
176,-73.99364894098314,40.75058686076634,1
177,-74.01166994900663,40.76774677017537,1
178,-73.9634804902663,40.780044518621885,1
179,-74.00465461533143,40.70866895456055,1
180,-73.99510683930416,40.74611898713416,1
181,-74.01473657295429,40.788092584992825,1
182,-74.00845461329553,40.76708166057993,1
183,-73.98554530244542,40.77260639162581,1
184,-73.95305957679487,40.74054990246413,1
185,-74.02253154476152,40.72328608835069,1
186,-74.04149069581989,40.75562113322465,1
187,-74.01982951702881,40.733914381569676,1
188,-73.99141625348855,40.70723475462926,1
189,-74.00905098878637,40.737683485072836,1
190,-74.01613749267955,40.724191346817406,1
191,-73.96184636076212,40.750090149925256,1
192,-73.98736750708072,40.739658659487894,1
193,-73.97219568585112,40.75580007282023,1
194,-74.02101851540971,40.71669077694964,1
195,-73.98757993990755,40.75177659427292,1
196,-73.98247228529404,40.7965304137049,1
197,-74.04044353605214,40.79068835981761,1
198,-74.0330119130408,40.77967026383826,1
199,-74.04891285959165,40.72097363790114,1
0,-74.01936132516423,40.70306194392836,2
1,-73.95759958267229,40.786380595322285,2
2,-73.97372939989548,40.77216602848916,2
3,-74.029604326353,40.71673351263437,2
4,-73.95684764201603,40.71212870180366,2
5,-73.96432921752933,40.72296950658422,2
6,-74.01992169469213,40.79637408743869,2
7,-73.97051978932377,40.749540948925485,2
8,-74.03455348181888,40.776737676632536,2
9,-73.95019626787919,40.76274860300028,2
10,-73.97836211085668,40.75964911399215,2
11,-73.9855106779948,40.71641536949363,2
12,-74.04482656170273,40.7971036198119,2
13,-73.96067365188777,40.73529140270852,2
14,-74.04636201391135,40.756315416976655,2
15,-74.02110058444262,40.769322182210544,2
16,-74.035953359277,40.76723175232991,2
17,-73.97072523650188,40.7914886167801,2
18,-74.03192905010035,40.71528033915514,2
19,-73.95819113273886,40.7459512906837,2
20,-73.98437376872643,40.7420045844073,2
21,-74.04725532842767,40.756134951488576,2
22,-74.04685807521633,40.70877489626945,2
23,-74.04751635397288,40.70997970706987,2
24,-73.99026851915764,40.723388934253244,2
25,-73.97348279631927,40.7306860978572,2
26,-74.02844714968244,40.742599712768126,2
27,-73.96208376568796,40.75889998286365,2
28,-74.04959640347239,40.77118933423937,2
29,-73.97104380808754,40.74119204401511,2
30,-73.95702660735913,40.74059532045642,2
31,-73.97522911539805,40.72465415096054,2
32,-73.98061879545797,40.761853203296,2
33,-73.96951622529315,40.73341885404506,2
34,-74.04011239289935,40.70360433773291,2
35,-74.03451991747335,40.73858220272384,2
36,-74.03183003729258,40.747397943088,2
37,-73.99775551763328,40.72733624302384,2
38,-73.97669256740286,40.752709576683884,2
39,-73.98755171731607,40.75801444171631,2
40,-73.96390399476688,40.767259606425625,2
41,-74.03389888083126,40.76253257388142,2
42,-73.97698284693902,40.769691488917175,2
43,-74.02300670300308,40.73059403251453,2
44,-74.02033266233964,40.77886538954567,2
45,-73.97426229523084,40.75356259068403,2
46,-73.95276894773247,40.74493475173339,2
47,-73.98302603123952,40.76257781651299,2
48,-74.03827756694321,40.73172882943317,2
49,-73.98614811157877,40.74951102255748,2
50,-73.95874740194296,40.70476428936702,2
51,-74.00562726075353,40.70853638289746,2
52,-73.98244946787214,40.79832171956243,2
53,-74.03557182347993,40.70001080750326,2
54,-73.98965956393631,40.73096240271112,2
55,-74.00971465204873,40.75783183381053,2
56,-74.01449327739081,40.708755113800734,2
57,-73.97561979183315,40.70614785888004,2
58,-74.02228685152643,40.721307066241586,2
59,-74.02284902195467,40.78487548214093,2
60,-74.00485844922349,40.72200576917839,2
61,-73.96970484868854,40.70654960455556,2
62,-73.95428759829525,40.71107946673082,2
63,-73.95226401808543,40.72421649698478,2
64,-74.02105585061695,40.739486489588906,2
65,-73.99331246305283,40.712620642702916,2
66,-74.02335486404648,40.75408270609007,2
67,-73.99904681417682,40.76775974566472,2
68,-73.95853799604198,40.77230935366193,2
69,-73.9665403322734,40.704615578296135,2
70,-73.99585672499006,40.794003795992175,2
71,-74.01522317244424,40.768464468172866,2
72,-73.96705990348808,40.71134465218089,2
73,-74.00606503155636,40.77027078000037,2
74,-74.03866774077639,40.79123683794587,2
75,-74.02152259969046,40.71751665197735,2
76,-74.02930415125378,40.781476881984176,2
77,-74.04926924677247,40.76206306165116,2
78,-74.0499439559522,40.78519410130258,2
79,-74.01339325129824,40.78320108944607,2
80,-73.99740350531953,40.73853964882782,2
81,-74.00487122198174,40.790920404062526,2
82,-74.0016098732483,40.74085101946715,2
83,-73.96823383849448,40.76702627558682,2
84,-73.98612285870244,40.77840116681849,2
85,-73.97598290611447,40.71499116053009,2
86,-74.01809020342199,40.751546280984286,2
87,-73.9503036016523,40.73691595873882,2
88,-74.02261585978061,40.714805013534715,2
89,-74.01137381738303,40.70509771684738,2
90,-73.96235055369569,40.7646651164846,2
91,-73.99062054342592,40.71858007254104,2
92,-73.9541946585913,40.737605049340836,2
93,-73.99642546287886,40.77682332330661,2
94,-74.00058972568182,40.78107176046692,2
95,-74.03021674866713,40.78856542687871,2
96,-74.0032636545782,40.73891527130183,2
97,-74.03862708678373,40.77544198570312,2
98,-74.01566053210038,40.75007278753682,2
99,-73.96712002409882,40.70260317249841,2
100,-74.03530218561517,40.72037333143441,2
101,-73.98670126232264,40.7789580789644,2
102,-73.97284407713835,40.72790096326945,2
103,-73.97036209934345,40.76851853789939,2
104,-73.99789164429902,40.78810261434563,2
105,-73.98404920086301,40.70752248177739,2
106,-73.95100403327042,40.708980604482115,2
107,-73.96610231331759,40.79621453166742,2
108,-73.95996161442648,40.752461694877745,2
109,-73.95229839459502,40.704691091650716,2
110,-73.96025671776891,40.79692908561548,2
111,-74.02124397587383,40.793217857793444,2
112,-74.00358048609095,40.7709120491513,2
113,-74.04904708090466,40.755379860784686,2
114,-73.97228242562673,40.73468290452428,2
115,-73.9579824176125,40.70410737970425,2
116,-74.0075154592803,40.7322252817781,2
117,-74.02248238667674,40.716948795783175,2
118,-74.0330373441641,40.78789739100006,2
119,-73.95124102100085,40.784418536231094,2
120,-74.03725434887531,40.71294491870966,2
121,-74.0302168898895,40.74345056110172,2
122,-74.03431758182258,40.72089828062538,2
123,-74.04714893952507,40.77309609501096,2
124,-74.01327298159605,40.744602226280676,2
125,-74.01105808529083,40.768448022663804,2
126,-74.03811549795586,40.77972627693777,2
127,-74.04506991317916,40.732285154628606,2
128,-74.03195193082465,40.743080460414895,2
129,-74.00521002437715,40.79170333077247,2
130,-74.02339931817158,40.75235678262766,2
131,-73.97129285505737,40.78755959820931,2
132,-74.01093191096963,40.78844702366383,2
133,-74.00362684973211,40.75477403356067,2
134,-74.01566175040838,40.76917919227774,2
135,-74.00431988441257,40.7057007651495,2
136,-74.0496592739612,40.790877550796246,2
137,-74.04719332735655,40.774662106141214,2
138,-73.97223771772754,40.74606783956674,2
139,-74.04190884202642,40.72398503720325,2
140,-73.99909117961077,40.768870515494655,2
141,-73.9784396220172,40.72351235285716,2
142,-73.99471678050287,40.759083754397444,2
143,-74.01597435459215,40.733828239711926,2
144,-73.99321941466981,40.79431451710394,2
145,-73.95922488723355,40.74196491026694,2
146,-74.02370463335923,40.74483728366673,2
147,-74.01728241088968,40.79664059477711,2
148,-74.01247603765124,40.78587203822784,2
149,-73.98469945303924,40.70461475621003,2
150,-73.97982708396387,40.73063413402389,2
151,-73.95939596465236,40.703065141449954,2
152,-73.98884972059822,40.75528342530083,2
153,-74.02701663296155,40.7868054353844,2
154,-74.00620037764739,40.70706039804243,2
155,-73.96537435464128,40.77506482925227,2
156,-74.04480649590428,40.70149090281031,2
157,-73.96572252580299,40.795882258765005,2
158,-73.9804528194883,40.79054787501073,2
159,-73.98849036766073,40.7745338439896,2
160,-74.03169918742621,40.748655115808205,2
161,-74.00435143946079,40.74765458249184,2
162,-73.95604854592487,40.79330002896391,2
163,-73.96287325509003,40.72532445748719,2
164,-74.00560014695324,40.78283469459471,2
165,-74.0293452201254,40.79961560779885,2
166,-73.95599671066851,40.7900866473958,2
167,-74.03550443770905,40.75682189963705,2
168,-74.00344670483288,40.77881086934965,2
169,-74.02422794824395,40.713777750832556,2
170,-74.04544337671094,40.79154695519885,2
171,-73.99691277326006,40.739741404041396,2
172,-73.97554338989444,40.7309733557828,2
173,-73.98672594305225,40.795883950515716,2
174,-73.9828121909134,40.77415666726056,2
175,-73.96719898821999,40.72958625809496,2
176,-73.99369121684583,40.75536611795429,2
177,-74.00991477856509,40.77094868604144,2
178,-73.9681578212975,40.78228498240168,2
179,-74.00742438198208,40.704368515283065,2
180,-73.99729804376042,40.74945257899323,2
181,-74.01780860451822,40.78737143578952,2
182,-74.01386144579423,40.76798834060127,2
183,-73.98929588455086,40.773647826851054,2
184,-73.96035245921694,40.731427465913065,2
185,-74.00814856887155,40.71890808140216,2
186,-74.04665668991954,40.750914265855144,2
187,-74.02247329709783,40.74840083969287,2
188,-73.98133617424621,40.706822493465346,2
189,-73.9978005913654,40.746528760737036,2
190,-74.01535775336706,40.713300617106995,2
191,-73.9580449626479,40.74072748500819,2
192,-73.99340599331501,40.72817405341703,2
193,-73.95990295099328,40.75954588895623,2
194,-74.01798726184289,40.70721774928682,2
195,-73.99029849690343,40.740077505049,2
196,-73.98125946123768,40.789811656546775,2
197,-74.04419027311492,40.79875269432826,2
198,-74.0231786178907,40.77655497904981,2
199,-74.03773647115028,40.72676716477009,2
0,-74.01925170043081,40.703175373130584,3
1,-73.9578408542357,40.78662387657001,3
2,-73.97406701973999,40.77265005798468,3
3,-74.02961367623227,40.71675820443383,3
4,-73.95716474980863,40.71200166043355,3
5,-73.96414379289038,40.724533346095726,3
6,-74.02012258955642,40.796438100395655,3
7,-73.97016420804871,40.75026173359028,3
8,-74.03415246091565,40.77666039469732,3
9,-73.95118539013278,40.763440151783165,3
10,-73.97828335306244,40.75998186650556,3
11,-73.9868812296856,40.716328782855534,3
12,-74.04490922662929,40.7970904483923,3
13,-73.9607672183097,40.73545853606987,3
14,-74.046179511291,40.75605750553059,3
15,-74.02116174999017,40.7693256244275,3
16,-74.03581053033083,40.768357516548036,3
17,-73.97095237566013,40.791939987261955,3
18,-74.03182105122177,40.71533168118088,3
19,-73.95825812901758,40.74604164717161,3
20,-73.98437141458366,40.742014324159875,3
21,-74.04669421744522,40.75564906170358,3
22,-74.04698787364168,40.70893184694342,3
23,-74.04744910105421,40.71028734695035,3
24,-73.98989021335896,40.72422116153496,3
25,-73.97290029941823,40.73032525442624,3
26,-74.02852268709455,40.74258970050649,3
27,-73.96311223639879,40.75932720327113,3
28,-74.04986628954452,40.771474517316165,3
29,-73.97088729116786,40.7410212468768,3
30,-73.95731032100939,40.74039587834407,3
31,-73.97522886127912,40.7253673256397,3
32,-73.98071568311741,40.761868124900374,3
33,-73.9689029292021,40.734427126158685,3
34,-74.03917728683676,40.70343825192547,3
35,-74.03450670746119,40.738611373897555,3
36,-74.03098647497225,40.748861469499225,3
37,-73.99776413335442,40.72733291964681,3
38,-73.97716691496004,40.75164468192924,3
39,-73.98678655544664,40.75752296722386,3
40,-73.96386274012643,40.76711652889719,3
41,-74.03332274657026,40.762655663871605,3
42,-73.97700374399238,40.76976839431327,3
43,-74.02328733700334,40.73067181599914,3
44,-74.02138018123615,40.77813934724225,3
45,-73.97339133739693,40.753477828130364,3
46,-73.95235293695984,40.74501659310365,3
47,-73.98408966422139,40.76321928655122,3
48,-74.03819763510772,40.731065124280605,3
49,-73.98671866831008,40.74940560456021,3
50,-73.95881992929844,40.70269453747092,3
51,-74.00447454686234,40.7070340349057,3
52,-73.98504422064897,40.79704424767703,3
53,-74.03657412037249,40.70050671479697,3
54,-73.98831077037651,40.72927598103586,3
55,-74.01067166899625,40.756921058565226,3
56,-74.01415088771309,40.70911692014016,3
57,-73.97648212185834,40.706088212893626,3
58,-74.02267100819303,40.72181726940225,3
59,-74.0237878077871,40.783358982621515,3
60,-74.00419399535639,40.723148257714904,3
61,-73.9709107723855,40.70768299842134,3
62,-73.95359158773783,40.710744242245894,3
63,-73.95261722541755,40.724972365766895,3
64,-74.02070211715532,40.73787071394718,3
65,-73.99237009181637,40.71287992764754,3
66,-74.02320375351941,40.75422707483313,3
67,-73.99972725371354,40.768530730546196,3
68,-73.95848854871475,40.772266986047875,3
69,-73.9652188727098,40.705024368406065,3
70,-73.99594605409246,40.79436803008666,3
71,-74.01691084360363,40.7688618836889,3
72,-73.96722576691023,40.711514406782996,3
73,-74.00675695319018,40.76978299840712,3
74,-74.03653668562262,40.79140008419888,3
75,-74.0218789007159,40.717117883242125,3
76,-74.02903936401526,40.7812439804001,3
77,-74.04988377714739,40.76325253188197,3
78,-74.04912505793632,40.785504185908394,3
79,-74.01465393875962,40.782164192042515,3
80,-73.99895585053319,40.73787470072459,3
81,-74.00472319154613,40.79127144196927,3
82,-74.00119582363959,40.742437158482126,3
83,-73.96865471200599,40.76594508418427,3
84,-73.98614744476984,40.77844763789926,3
85,-73.97433742610492,40.71488201904851,3
86,-74.01837083947068,40.751571239589566,3
87,-73.95026015604353,40.73781256169347,3
88,-74.02231739790878,40.7151633151495,3
89,-74.0113766806788,40.70507182534526,3
90,-73.96224330235307,40.76560273567347,3
91,-73.99022409903347,40.71918320220354,3
92,-73.95191134550373,40.73745706114135,3
93,-73.99617792505468,40.77680355308512,3
94,-74.00127191967863,40.781277187093515,3
95,-74.03161461707376,40.78941533277346,3
96,-74.00181550283654,40.74001983733112,3
97,-74.03849197518532,40.77573875314557,3
98,-74.01270340324675,40.749790437890304,3
99,-73.96921302423031,40.702758123499876,3
100,-74.0362523367526,40.72156999063633,3
101,-73.98620028587392,40.780194854166695,3
102,-73.97256018378162,40.72760173853008,3
103,-73.97003402860027,40.769600901472586,3
104,-73.99726829468933,40.78747269883812,3
105,-73.98339639627214,40.708576020124156,3
106,-73.95047789764179,40.70970660661809,3
107,-73.96546253630432,40.7972342931187,3
108,-73.9600049728896,40.75242431501808,3
109,-73.95439182186804,40.703754160639996,3
110,-73.96009025265552,40.79702192046907,3
111,-74.01941798076223,40.794071336771076,3
112,-74.00395988970806,40.7734373187269,3
113,-74.04694589998078,40.7553187479478,3
114,-73.97048906138276,40.73623396607458,3
115,-73.95830726488947,40.705067948948646,3
116,-74.0096186520703,40.73307104621234,3
117,-74.02300338331891,40.71562547252645,3
118,-74.03304392941925,40.788130736013336,3
119,-73.95346687106529,40.78267380756293,3
120,-74.03804677262794,40.71468252772322,3
121,-74.02886903217022,40.74372292606204,3
122,-74.03460948924746,40.72100814675171,3
123,-74.04697197773865,40.77223250023771,3
124,-74.01319472209458,40.74457654705216,3
125,-74.01151334223395,40.7701315939088,3
126,-74.03883616521445,40.77993288636682,3
127,-74.04584986051782,40.73104744508823,3
128,-74.03113285109599,40.74309920564117,3
129,-74.00524489924153,40.79231442583946,3
130,-74.02252509763808,40.75170487696472,3
131,-73.96983884516227,40.78759224509188,3
132,-74.00890436979178,40.7881347899968,3
133,-74.00284131135072,40.75513142810741,3
134,-74.01579030090346,40.76972630038033,3
135,-74.00462586834807,40.7049361370266,3
136,-74.04937125633245,40.79022076437463,3
137,-74.04419882666276,40.7749306240201,3
138,-73.97455377593906,40.7449957549324,3
139,-74.04104707231566,40.725277219112236,3
140,-73.99901672081977,40.76915042903081,3
141,-73.97828629155867,40.72276609632541,3
142,-73.99317672680903,40.75700583316313,3
143,-74.0164843473013,40.73406656182858,3
144,-73.99484459587288,40.79316730083618,3
145,-73.95880487295413,40.74275921858694,3
146,-74.02260043575038,40.74517389517366,3
147,-74.0172635434396,40.797522213208126,3
148,-74.01171246272719,40.78698446966913,3
149,-73.9837223304422,40.704837782377744,3
150,-73.97937570993685,40.72950517724615,3
151,-73.96128366586463,40.705554782326665,3
152,-73.98490464694368,40.758591627324854,3
153,-74.03039950153095,40.7833310836502,3
154,-74.00815321845447,40.708082502124974,3
155,-73.96925517308067,40.77323080430402,3
156,-74.04900793485041,40.700766395662335,3
157,-73.9658383887696,40.79967833992489,3
158,-73.97682952462537,40.78735901358792,3
159,-73.99006526748967,40.771338651581715,3
160,-74.03626554941192,40.74807221384953,3
161,-74.00118135013575,40.74536364330368,3
162,-73.95577358760862,40.79658555113386,3
163,-73.961637808348,40.722711071912464,3
164,-74.00525889638958,40.787755644107015,3
165,-74.03262791373533,40.797877220540755,3
166,-73.9514718532904,40.788785392820785,3
167,-74.03449110797146,40.752914554549065,3
168,-74.00352293508926,40.77656786602675,3
169,-74.02454744676892,40.71936648664265,3
170,-74.0476311477641,40.79328987439803,3
171,-73.99512798957625,40.73639361627493,3
172,-73.97110346366136,40.730722167119715,3
173,-73.98967049761595,40.796251434616444,3
174,-73.98553722450686,40.77554542776079,3
175,-73.96438632833687,40.73213057825497,3
176,-73.9984110520438,40.75941341675902,3
177,-74.00921628375133,40.77569202842546,3
178,-73.97271057550745,40.78013628206675,3
179,-74.00808809424309,40.700397133379084,3
180,-73.99788708619536,40.75360391861583,3
181,-74.02106963276296,40.78861996106605,3
182,-74.0178327181388,40.767376388854046,3
183,-73.99063405796024,40.77080178298353,3
184,-73.95781765185566,40.719257512189074,3
185,-73.99519018069756,40.711965307478756,3
186,-74.03529326598213,40.74380332418571,3
187,-74.0359121997123,40.75086566902459,3
188,-73.9713988144806,40.70501322058489,3
189,-73.98637655962223,40.75548023985332,3
190,-74.00408906137318,40.707306374513024,3
191,-73.95129095598081,40.73367873301543,3
192,-73.996549370799,40.716252348634,3
193,-73.95440533710472,40.759415444352086,3
194,-74.02803199750036,40.70784648020895,3
195,-74.00268004932117,40.73556770407952,3
196,-73.97702313005611,40.77683573070474,3
197,-74.0461598480115,40.7927523797799,3
198,-74.01403097830651,40.77069631002453,3
199,-74.02521250286222,40.729561993319884,3
